2025-06-20 14:40:49.723 +06:00 [INF] Application Starting...17-jan
2025-06-20 14:40:49.768 +06:00 [INF] This is Nasim Reza Hridoy
2025-06-20 14:40:49.769 +06:00 [ERR] An error occurred while starting the application.
2025-06-20 14:40:55.020 +06:00 [INF] This is Nasim Reza
2025-06-20 14:40:55.038 +06:00 [INF] This is a test log entry to verify database logging.
2025-06-20 14:41:06.897 +06:00 [ERR] Error loading quotations
Microsoft.Data.SqlClient.SqlException (0x80131904): @FromDate is not a parameter for procedure GetQuotations.
   at Microsoft.Data.SqlClient.SqlCommand.<>c.<ExecuteDbDataReaderAsync>b__195_0(Task`1 result)
   at System.Threading.Tasks.ContinuationResultTaskFromResultTask`2.InnerInvoke()
   at System.Threading.ExecutionContext.RunInternal(ExecutionContext executionContext, ContextCallback callback, Object state)
--- End of stack trace from previous location ---
   at System.Threading.ExecutionContext.RunInternal(ExecutionContext executionContext, ContextCallback callback, Object state)
   at System.Threading.Tasks.Task.ExecuteWithThreadLocal(Task& currentTaskSlot, Thread threadPoolThread)
--- End of stack trace from previous location ---
   at DevSkill.Inventory.Infrastructure.Utilities.SqlUtility.ExecuteQueryAsync[TReturn](DbCommand command) in C:\Users\Nasim Reza\Desktop\Final Project\aspnet-b11-nasim\src\DevSkill.Inventory.sln\DevSkill.Inventory.Infrastructure\Utilities\SqlUtility.cs:line 237
   at DevSkill.Inventory.Infrastructure.Utilities.SqlUtility.QueryWithStoredProcedureAsync[TReturn](String storedProcedureName, IDictionary`2 parameters, IDictionary`2 outParameters) in C:\Users\Nasim Reza\Desktop\Final Project\aspnet-b11-nasim\src\DevSkill.Inventory.sln\DevSkill.Inventory.Infrastructure\Utilities\SqlUtility.cs:line 100
   at DevSkill.Inventory.Infrastructure.Utilities.SqlUtility.QueryWithStoredProcedureAsync[TReturn](String storedProcedureName, IDictionary`2 parameters, IDictionary`2 outParameters) in C:\Users\Nasim Reza\Desktop\Final Project\aspnet-b11-nasim\src\DevSkill.Inventory.sln\DevSkill.Inventory.Infrastructure\Utilities\SqlUtility.cs:line 106
   at DevSkill.Inventory.Infrastructure.ApplicationUnitOfWork.GetQuotationsSP(Int32 pageIndex, Int32 pageSize, String order, QuotationSearchDto search) in C:\Users\Nasim Reza\Desktop\Final Project\aspnet-b11-nasim\src\DevSkill.Inventory.sln\DevSkill.Inventory.Infrastructure\ApplicationUnitOfWork.cs:line 267
   at DevSkill.Inventory.Application.Features.Quotations.Queries.GetQuotationsSPQueryHandler.Handle(GetQuotationsSPQuery request, CancellationToken cancellationToken) in C:\Users\Nasim Reza\Desktop\Final Project\aspnet-b11-nasim\src\DevSkill.Inventory.sln\DevSkill.Inventory.Application\Features\Quotations\Queries\GetQuotationsSPQueryHandler.cs:line 23
   at DevSkill.Inventory.Web.Areas.Admin.Controllers.QuotationsController.GetQuotationsJsonData(QuotationListModel model) in C:\Users\Nasim Reza\Desktop\Final Project\aspnet-b11-nasim\src\DevSkill.Inventory.sln\DevSkill.Inventory.Web\Areas\Admin\Controllers\QuotationsController.cs:line 47
ClientConnectionId:f9bfcfa2-d69f-4485-87b5-86830902bd65
Error Number:8145,State:1,Class:16
2025-06-20 14:41:09.958 +06:00 [ERR] Error loading service sales
Microsoft.Data.SqlClient.SqlException (0x80131904): Procedure or function 'GetServiceSales' expects parameter '@TotalCount', which was not supplied.
   at Microsoft.Data.SqlClient.SqlCommand.<>c.<ExecuteDbDataReaderAsync>b__195_0(Task`1 result)
   at System.Threading.Tasks.ContinuationResultTaskFromResultTask`2.InnerInvoke()
   at System.Threading.ExecutionContext.RunInternal(ExecutionContext executionContext, ContextCallback callback, Object state)
--- End of stack trace from previous location ---
   at System.Threading.ExecutionContext.RunInternal(ExecutionContext executionContext, ContextCallback callback, Object state)
   at System.Threading.Tasks.Task.ExecuteWithThreadLocal(Task& currentTaskSlot, Thread threadPoolThread)
--- End of stack trace from previous location ---
   at DevSkill.Inventory.Infrastructure.Utilities.SqlUtility.ExecuteQueryAsync[TReturn](DbCommand command) in C:\Users\Nasim Reza\Desktop\Final Project\aspnet-b11-nasim\src\DevSkill.Inventory.sln\DevSkill.Inventory.Infrastructure\Utilities\SqlUtility.cs:line 237
   at DevSkill.Inventory.Infrastructure.Utilities.SqlUtility.QueryWithStoredProcedureAsync[TReturn](String storedProcedureName, IDictionary`2 parameters, IDictionary`2 outParameters) in C:\Users\Nasim Reza\Desktop\Final Project\aspnet-b11-nasim\src\DevSkill.Inventory.sln\DevSkill.Inventory.Infrastructure\Utilities\SqlUtility.cs:line 100
   at DevSkill.Inventory.Infrastructure.Utilities.SqlUtility.QueryWithStoredProcedureAsync[TReturn](String storedProcedureName, IDictionary`2 parameters, IDictionary`2 outParameters) in C:\Users\Nasim Reza\Desktop\Final Project\aspnet-b11-nasim\src\DevSkill.Inventory.sln\DevSkill.Inventory.Infrastructure\Utilities\SqlUtility.cs:line 106
   at DevSkill.Inventory.Infrastructure.ApplicationUnitOfWork.GetServiceSalesSP(Int32 pageIndex, Int32 pageSize, String order, ServiceSaleSearchDto search) in C:\Users\Nasim Reza\Desktop\Final Project\aspnet-b11-nasim\src\DevSkill.Inventory.sln\DevSkill.Inventory.Infrastructure\ApplicationUnitOfWork.cs:line 220
   at DevSkill.Inventory.Application.Features.ServiceSales.Queries.GetServiceSalesSPQueryHandler.Handle(GetServiceSalesSPQuery request, CancellationToken cancellationToken) in C:\Users\Nasim Reza\Desktop\Final Project\aspnet-b11-nasim\src\DevSkill.Inventory.sln\DevSkill.Inventory.Application\Features\ServiceSales\Queries\GetServiceSalesSPQueryHandler.cs:line 25
   at DevSkill.Inventory.Web.Areas.Admin.Controllers.ServiceSalesController.GetServiceSalesJsonData(ServiceSaleListModel model) in C:\Users\Nasim Reza\Desktop\Final Project\aspnet-b11-nasim\src\DevSkill.Inventory.sln\DevSkill.Inventory.Web\Areas\Admin\Controllers\ServiceSalesController.cs:line 129
ClientConnectionId:f9bfcfa2-d69f-4485-87b5-86830902bd65
Error Number:201,State:4,Class:16
2025-06-20 14:41:11.742 +06:00 [ERR] Error loading service data
AutoMapper.AutoMapperMappingException: Missing type map configuration or unsupported mapping.

Mapping types:
ServiceSearchModel -> ServiceSearchDto
DevSkill.Inventory.Web.Areas.Admin.Models.ServicesModels.ServiceSearchModel -> DevSkill.Inventory.Domain.Dtos.ServiceSearchDto
   at lambda_method803(Closure, Object, ServiceSearchDto, ResolutionContext)
   at DevSkill.Inventory.Web.Areas.Admin.Controllers.ServicesController.GetServicesJsonData(ServiceListModel model) in C:\Users\Nasim Reza\Desktop\Final Project\aspnet-b11-nasim\src\DevSkill.Inventory.sln\DevSkill.Inventory.Web\Areas\Admin\Controllers\ServicesController.cs:line 36
2025-06-20 14:41:13.417 +06:00 [ERR] Error loading service sales
Microsoft.Data.SqlClient.SqlException (0x80131904): Procedure or function 'GetServiceSales' expects parameter '@TotalCount', which was not supplied.
   at Microsoft.Data.SqlClient.SqlCommand.<>c.<ExecuteDbDataReaderAsync>b__195_0(Task`1 result)
   at System.Threading.Tasks.ContinuationResultTaskFromResultTask`2.InnerInvoke()
   at System.Threading.ExecutionContext.RunInternal(ExecutionContext executionContext, ContextCallback callback, Object state)
--- End of stack trace from previous location ---
   at System.Threading.ExecutionContext.RunInternal(ExecutionContext executionContext, ContextCallback callback, Object state)
   at System.Threading.Tasks.Task.ExecuteWithThreadLocal(Task& currentTaskSlot, Thread threadPoolThread)
--- End of stack trace from previous location ---
   at DevSkill.Inventory.Infrastructure.Utilities.SqlUtility.ExecuteQueryAsync[TReturn](DbCommand command) in C:\Users\Nasim Reza\Desktop\Final Project\aspnet-b11-nasim\src\DevSkill.Inventory.sln\DevSkill.Inventory.Infrastructure\Utilities\SqlUtility.cs:line 237
   at DevSkill.Inventory.Infrastructure.Utilities.SqlUtility.QueryWithStoredProcedureAsync[TReturn](String storedProcedureName, IDictionary`2 parameters, IDictionary`2 outParameters) in C:\Users\Nasim Reza\Desktop\Final Project\aspnet-b11-nasim\src\DevSkill.Inventory.sln\DevSkill.Inventory.Infrastructure\Utilities\SqlUtility.cs:line 100
   at DevSkill.Inventory.Infrastructure.Utilities.SqlUtility.QueryWithStoredProcedureAsync[TReturn](String storedProcedureName, IDictionary`2 parameters, IDictionary`2 outParameters) in C:\Users\Nasim Reza\Desktop\Final Project\aspnet-b11-nasim\src\DevSkill.Inventory.sln\DevSkill.Inventory.Infrastructure\Utilities\SqlUtility.cs:line 106
   at DevSkill.Inventory.Infrastructure.ApplicationUnitOfWork.GetServiceSalesSP(Int32 pageIndex, Int32 pageSize, String order, ServiceSaleSearchDto search) in C:\Users\Nasim Reza\Desktop\Final Project\aspnet-b11-nasim\src\DevSkill.Inventory.sln\DevSkill.Inventory.Infrastructure\ApplicationUnitOfWork.cs:line 220
   at DevSkill.Inventory.Application.Features.ServiceSales.Queries.GetServiceSalesSPQueryHandler.Handle(GetServiceSalesSPQuery request, CancellationToken cancellationToken) in C:\Users\Nasim Reza\Desktop\Final Project\aspnet-b11-nasim\src\DevSkill.Inventory.sln\DevSkill.Inventory.Application\Features\ServiceSales\Queries\GetServiceSalesSPQueryHandler.cs:line 25
   at DevSkill.Inventory.Web.Areas.Admin.Controllers.ServiceSalesController.GetServiceSalesJsonData(ServiceSaleListModel model) in C:\Users\Nasim Reza\Desktop\Final Project\aspnet-b11-nasim\src\DevSkill.Inventory.sln\DevSkill.Inventory.Web\Areas\Admin\Controllers\ServiceSalesController.cs:line 129
ClientConnectionId:f9bfcfa2-d69f-4485-87b5-86830902bd65
Error Number:201,State:4,Class:16
2025-06-20 14:41:14.674 +06:00 [ERR] Error loading service data
AutoMapper.AutoMapperMappingException: Missing type map configuration or unsupported mapping.

Mapping types:
ServiceSearchModel -> ServiceSearchDto
DevSkill.Inventory.Web.Areas.Admin.Models.ServicesModels.ServiceSearchModel -> DevSkill.Inventory.Domain.Dtos.ServiceSearchDto
   at lambda_method803(Closure, Object, ServiceSearchDto, ResolutionContext)
   at DevSkill.Inventory.Web.Areas.Admin.Controllers.ServicesController.GetServicesJsonData(ServiceListModel model) in C:\Users\Nasim Reza\Desktop\Final Project\aspnet-b11-nasim\src\DevSkill.Inventory.sln\DevSkill.Inventory.Web\Areas\Admin\Controllers\ServicesController.cs:line 36
2025-06-20 14:41:15.652 +06:00 [ERR] Error loading purchase returns
Microsoft.Data.SqlClient.SqlException (0x80131904): Could not find stored procedure 'GetPurchaseReturns'.
   at Microsoft.Data.SqlClient.SqlCommand.<>c.<ExecuteDbDataReaderAsync>b__195_0(Task`1 result)
   at System.Threading.Tasks.ContinuationResultTaskFromResultTask`2.InnerInvoke()
   at System.Threading.ExecutionContext.RunInternal(ExecutionContext executionContext, ContextCallback callback, Object state)
--- End of stack trace from previous location ---
   at System.Threading.ExecutionContext.RunInternal(ExecutionContext executionContext, ContextCallback callback, Object state)
   at System.Threading.Tasks.Task.ExecuteWithThreadLocal(Task& currentTaskSlot, Thread threadPoolThread)
--- End of stack trace from previous location ---
   at DevSkill.Inventory.Infrastructure.Utilities.SqlUtility.ExecuteQueryAsync[TReturn](DbCommand command) in C:\Users\Nasim Reza\Desktop\Final Project\aspnet-b11-nasim\src\DevSkill.Inventory.sln\DevSkill.Inventory.Infrastructure\Utilities\SqlUtility.cs:line 237
   at DevSkill.Inventory.Infrastructure.Utilities.SqlUtility.QueryWithStoredProcedureAsync[TReturn](String storedProcedureName, IDictionary`2 parameters, IDictionary`2 outParameters) in C:\Users\Nasim Reza\Desktop\Final Project\aspnet-b11-nasim\src\DevSkill.Inventory.sln\DevSkill.Inventory.Infrastructure\Utilities\SqlUtility.cs:line 100
   at DevSkill.Inventory.Infrastructure.Utilities.SqlUtility.QueryWithStoredProcedureAsync[TReturn](String storedProcedureName, IDictionary`2 parameters, IDictionary`2 outParameters) in C:\Users\Nasim Reza\Desktop\Final Project\aspnet-b11-nasim\src\DevSkill.Inventory.sln\DevSkill.Inventory.Infrastructure\Utilities\SqlUtility.cs:line 106
   at DevSkill.Inventory.Infrastructure.ApplicationUnitOfWork.GetPurchaseReturnsSP(Int32 pageIndex, Int32 pageSize, String order, PurchaseReturnSearchDto search) in C:\Users\Nasim Reza\Desktop\Final Project\aspnet-b11-nasim\src\DevSkill.Inventory.sln\DevSkill.Inventory.Infrastructure\ApplicationUnitOfWork.cs:line 172
   at DevSkill.Inventory.Application.Features.PurchaseReturns.Queries.GetPurchaseReturnsSPQueryHandler.Handle(GetPurchaseReturnsSPQuery request, CancellationToken cancellationToken) in C:\Users\Nasim Reza\Desktop\Final Project\aspnet-b11-nasim\src\DevSkill.Inventory.sln\DevSkill.Inventory.Application\Features\PurchaseReturns\Queries\GetPurchaseReturnsSPQueryHandler.cs:line 23
   at DevSkill.Inventory.Web.Areas.Admin.Controllers.PurchasesController.GetPurchaseReturnsJsonData(PurchaseReturnListModel model) in C:\Users\Nasim Reza\Desktop\Final Project\aspnet-b11-nasim\src\DevSkill.Inventory.sln\DevSkill.Inventory.Web\Areas\Admin\Controllers\PurchasesController.cs:line 103
ClientConnectionId:f9bfcfa2-d69f-4485-87b5-86830902bd65
Error Number:2812,State:62,Class:16
2025-06-20 14:41:17.226 +06:00 [ERR] Error loading sales return data
Microsoft.Data.SqlClient.SqlException (0x80131904): Could not find stored procedure 'GetSalesReturns'.
   at Microsoft.Data.SqlClient.SqlCommand.<>c.<ExecuteDbDataReaderAsync>b__195_0(Task`1 result)
   at System.Threading.Tasks.ContinuationResultTaskFromResultTask`2.InnerInvoke()
   at System.Threading.ExecutionContext.RunInternal(ExecutionContext executionContext, ContextCallback callback, Object state)
--- End of stack trace from previous location ---
   at System.Threading.ExecutionContext.RunInternal(ExecutionContext executionContext, ContextCallback callback, Object state)
   at System.Threading.Tasks.Task.ExecuteWithThreadLocal(Task& currentTaskSlot, Thread threadPoolThread)
--- End of stack trace from previous location ---
   at DevSkill.Inventory.Infrastructure.Utilities.SqlUtility.ExecuteQueryAsync[TReturn](DbCommand command) in C:\Users\Nasim Reza\Desktop\Final Project\aspnet-b11-nasim\src\DevSkill.Inventory.sln\DevSkill.Inventory.Infrastructure\Utilities\SqlUtility.cs:line 237
   at DevSkill.Inventory.Infrastructure.Utilities.SqlUtility.QueryWithStoredProcedureAsync[TReturn](String storedProcedureName, IDictionary`2 parameters, IDictionary`2 outParameters) in C:\Users\Nasim Reza\Desktop\Final Project\aspnet-b11-nasim\src\DevSkill.Inventory.sln\DevSkill.Inventory.Infrastructure\Utilities\SqlUtility.cs:line 100
   at DevSkill.Inventory.Infrastructure.Utilities.SqlUtility.QueryWithStoredProcedureAsync[TReturn](String storedProcedureName, IDictionary`2 parameters, IDictionary`2 outParameters) in C:\Users\Nasim Reza\Desktop\Final Project\aspnet-b11-nasim\src\DevSkill.Inventory.sln\DevSkill.Inventory.Infrastructure\Utilities\SqlUtility.cs:line 106
   at DevSkill.Inventory.Infrastructure.ApplicationUnitOfWork.GetSalesReturnsSP(Int32 pageIndex, Int32 pageSize, String order, SalesReturnSearchDto search) in C:\Users\Nasim Reza\Desktop\Final Project\aspnet-b11-nasim\src\DevSkill.Inventory.sln\DevSkill.Inventory.Infrastructure\ApplicationUnitOfWork.cs:line 143
   at DevSkill.Inventory.Application.Features.SalesReturns.Queries.GetSalesReturnsSPQueryHandler.Handle(GetSalesReturnsSPQuery request, CancellationToken cancellationToken) in C:\Users\Nasim Reza\Desktop\Final Project\aspnet-b11-nasim\src\DevSkill.Inventory.sln\DevSkill.Inventory.Application\Features\SalesReturns\Queries\GetSalesReturnsQueryHandler.cs:line 23
   at DevSkill.Inventory.Web.Areas.Admin.Controllers.SalesController.GetSalesReturnsJsonData(SalesReturnListModel model) in C:\Users\Nasim Reza\Desktop\Final Project\aspnet-b11-nasim\src\DevSkill.Inventory.sln\DevSkill.Inventory.Web\Areas\Admin\Controllers\SalesController.cs:line 99
ClientConnectionId:f9bfcfa2-d69f-4485-87b5-86830902bd65
Error Number:2812,State:62,Class:16
2025-06-20 14:41:18.172 +06:00 [ERR] Error loading purchase returns
Microsoft.Data.SqlClient.SqlException (0x80131904): Could not find stored procedure 'GetPurchaseReturns'.
   at Microsoft.Data.SqlClient.SqlCommand.<>c.<ExecuteDbDataReaderAsync>b__195_0(Task`1 result)
   at System.Threading.Tasks.ContinuationResultTaskFromResultTask`2.InnerInvoke()
   at System.Threading.ExecutionContext.RunInternal(ExecutionContext executionContext, ContextCallback callback, Object state)
--- End of stack trace from previous location ---
   at System.Threading.ExecutionContext.RunInternal(ExecutionContext executionContext, ContextCallback callback, Object state)
   at System.Threading.Tasks.Task.ExecuteWithThreadLocal(Task& currentTaskSlot, Thread threadPoolThread)
--- End of stack trace from previous location ---
   at DevSkill.Inventory.Infrastructure.Utilities.SqlUtility.ExecuteQueryAsync[TReturn](DbCommand command) in C:\Users\Nasim Reza\Desktop\Final Project\aspnet-b11-nasim\src\DevSkill.Inventory.sln\DevSkill.Inventory.Infrastructure\Utilities\SqlUtility.cs:line 237
   at DevSkill.Inventory.Infrastructure.Utilities.SqlUtility.QueryWithStoredProcedureAsync[TReturn](String storedProcedureName, IDictionary`2 parameters, IDictionary`2 outParameters) in C:\Users\Nasim Reza\Desktop\Final Project\aspnet-b11-nasim\src\DevSkill.Inventory.sln\DevSkill.Inventory.Infrastructure\Utilities\SqlUtility.cs:line 100
   at DevSkill.Inventory.Infrastructure.Utilities.SqlUtility.QueryWithStoredProcedureAsync[TReturn](String storedProcedureName, IDictionary`2 parameters, IDictionary`2 outParameters) in C:\Users\Nasim Reza\Desktop\Final Project\aspnet-b11-nasim\src\DevSkill.Inventory.sln\DevSkill.Inventory.Infrastructure\Utilities\SqlUtility.cs:line 106
   at DevSkill.Inventory.Infrastructure.ApplicationUnitOfWork.GetPurchaseReturnsSP(Int32 pageIndex, Int32 pageSize, String order, PurchaseReturnSearchDto search) in C:\Users\Nasim Reza\Desktop\Final Project\aspnet-b11-nasim\src\DevSkill.Inventory.sln\DevSkill.Inventory.Infrastructure\ApplicationUnitOfWork.cs:line 172
   at DevSkill.Inventory.Application.Features.PurchaseReturns.Queries.GetPurchaseReturnsSPQueryHandler.Handle(GetPurchaseReturnsSPQuery request, CancellationToken cancellationToken) in C:\Users\Nasim Reza\Desktop\Final Project\aspnet-b11-nasim\src\DevSkill.Inventory.sln\DevSkill.Inventory.Application\Features\PurchaseReturns\Queries\GetPurchaseReturnsSPQueryHandler.cs:line 23
   at DevSkill.Inventory.Web.Areas.Admin.Controllers.PurchasesController.GetPurchaseReturnsJsonData(PurchaseReturnListModel model) in C:\Users\Nasim Reza\Desktop\Final Project\aspnet-b11-nasim\src\DevSkill.Inventory.sln\DevSkill.Inventory.Web\Areas\Admin\Controllers\PurchasesController.cs:line 103
ClientConnectionId:f9bfcfa2-d69f-4485-87b5-86830902bd65
Error Number:2812,State:62,Class:16
2025-06-20 14:41:18.884 +06:00 [ERR] Error loading service data
AutoMapper.AutoMapperMappingException: Missing type map configuration or unsupported mapping.

Mapping types:
ServiceSearchModel -> ServiceSearchDto
DevSkill.Inventory.Web.Areas.Admin.Models.ServicesModels.ServiceSearchModel -> DevSkill.Inventory.Domain.Dtos.ServiceSearchDto
   at lambda_method803(Closure, Object, ServiceSearchDto, ResolutionContext)
   at DevSkill.Inventory.Web.Areas.Admin.Controllers.ServicesController.GetServicesJsonData(ServiceListModel model) in C:\Users\Nasim Reza\Desktop\Final Project\aspnet-b11-nasim\src\DevSkill.Inventory.sln\DevSkill.Inventory.Web\Areas\Admin\Controllers\ServicesController.cs:line 36
2025-06-20 14:41:20.039 +06:00 [ERR] Error loading service sales
Microsoft.Data.SqlClient.SqlException (0x80131904): Procedure or function 'GetServiceSales' expects parameter '@TotalCount', which was not supplied.
   at Microsoft.Data.SqlClient.SqlCommand.<>c.<ExecuteDbDataReaderAsync>b__195_0(Task`1 result)
   at System.Threading.Tasks.ContinuationResultTaskFromResultTask`2.InnerInvoke()
   at System.Threading.ExecutionContext.RunInternal(ExecutionContext executionContext, ContextCallback callback, Object state)
--- End of stack trace from previous location ---
   at System.Threading.ExecutionContext.RunInternal(ExecutionContext executionContext, ContextCallback callback, Object state)
   at System.Threading.Tasks.Task.ExecuteWithThreadLocal(Task& currentTaskSlot, Thread threadPoolThread)
--- End of stack trace from previous location ---
   at DevSkill.Inventory.Infrastructure.Utilities.SqlUtility.ExecuteQueryAsync[TReturn](DbCommand command) in C:\Users\Nasim Reza\Desktop\Final Project\aspnet-b11-nasim\src\DevSkill.Inventory.sln\DevSkill.Inventory.Infrastructure\Utilities\SqlUtility.cs:line 237
   at DevSkill.Inventory.Infrastructure.Utilities.SqlUtility.QueryWithStoredProcedureAsync[TReturn](String storedProcedureName, IDictionary`2 parameters, IDictionary`2 outParameters) in C:\Users\Nasim Reza\Desktop\Final Project\aspnet-b11-nasim\src\DevSkill.Inventory.sln\DevSkill.Inventory.Infrastructure\Utilities\SqlUtility.cs:line 100
   at DevSkill.Inventory.Infrastructure.Utilities.SqlUtility.QueryWithStoredProcedureAsync[TReturn](String storedProcedureName, IDictionary`2 parameters, IDictionary`2 outParameters) in C:\Users\Nasim Reza\Desktop\Final Project\aspnet-b11-nasim\src\DevSkill.Inventory.sln\DevSkill.Inventory.Infrastructure\Utilities\SqlUtility.cs:line 106
   at DevSkill.Inventory.Infrastructure.ApplicationUnitOfWork.GetServiceSalesSP(Int32 pageIndex, Int32 pageSize, String order, ServiceSaleSearchDto search) in C:\Users\Nasim Reza\Desktop\Final Project\aspnet-b11-nasim\src\DevSkill.Inventory.sln\DevSkill.Inventory.Infrastructure\ApplicationUnitOfWork.cs:line 220
   at DevSkill.Inventory.Application.Features.ServiceSales.Queries.GetServiceSalesSPQueryHandler.Handle(GetServiceSalesSPQuery request, CancellationToken cancellationToken) in C:\Users\Nasim Reza\Desktop\Final Project\aspnet-b11-nasim\src\DevSkill.Inventory.sln\DevSkill.Inventory.Application\Features\ServiceSales\Queries\GetServiceSalesSPQueryHandler.cs:line 25
   at DevSkill.Inventory.Web.Areas.Admin.Controllers.ServiceSalesController.GetServiceSalesJsonData(ServiceSaleListModel model) in C:\Users\Nasim Reza\Desktop\Final Project\aspnet-b11-nasim\src\DevSkill.Inventory.sln\DevSkill.Inventory.Web\Areas\Admin\Controllers\ServiceSalesController.cs:line 129
ClientConnectionId:f9bfcfa2-d69f-4485-87b5-86830902bd65
Error Number:201,State:4,Class:16
2025-06-20 14:41:20.819 +06:00 [ERR] Error loading quotations
Microsoft.Data.SqlClient.SqlException (0x80131904): @FromDate is not a parameter for procedure GetQuotations.
   at Microsoft.Data.SqlClient.SqlCommand.<>c.<ExecuteDbDataReaderAsync>b__195_0(Task`1 result)
   at System.Threading.Tasks.ContinuationResultTaskFromResultTask`2.InnerInvoke()
   at System.Threading.ExecutionContext.RunInternal(ExecutionContext executionContext, ContextCallback callback, Object state)
--- End of stack trace from previous location ---
   at System.Threading.ExecutionContext.RunInternal(ExecutionContext executionContext, ContextCallback callback, Object state)
   at System.Threading.Tasks.Task.ExecuteWithThreadLocal(Task& currentTaskSlot, Thread threadPoolThread)
--- End of stack trace from previous location ---
   at DevSkill.Inventory.Infrastructure.Utilities.SqlUtility.ExecuteQueryAsync[TReturn](DbCommand command) in C:\Users\Nasim Reza\Desktop\Final Project\aspnet-b11-nasim\src\DevSkill.Inventory.sln\DevSkill.Inventory.Infrastructure\Utilities\SqlUtility.cs:line 237
   at DevSkill.Inventory.Infrastructure.Utilities.SqlUtility.QueryWithStoredProcedureAsync[TReturn](String storedProcedureName, IDictionary`2 parameters, IDictionary`2 outParameters) in C:\Users\Nasim Reza\Desktop\Final Project\aspnet-b11-nasim\src\DevSkill.Inventory.sln\DevSkill.Inventory.Infrastructure\Utilities\SqlUtility.cs:line 100
   at DevSkill.Inventory.Infrastructure.Utilities.SqlUtility.QueryWithStoredProcedureAsync[TReturn](String storedProcedureName, IDictionary`2 parameters, IDictionary`2 outParameters) in C:\Users\Nasim Reza\Desktop\Final Project\aspnet-b11-nasim\src\DevSkill.Inventory.sln\DevSkill.Inventory.Infrastructure\Utilities\SqlUtility.cs:line 106
   at DevSkill.Inventory.Infrastructure.ApplicationUnitOfWork.GetQuotationsSP(Int32 pageIndex, Int32 pageSize, String order, QuotationSearchDto search) in C:\Users\Nasim Reza\Desktop\Final Project\aspnet-b11-nasim\src\DevSkill.Inventory.sln\DevSkill.Inventory.Infrastructure\ApplicationUnitOfWork.cs:line 267
   at DevSkill.Inventory.Application.Features.Quotations.Queries.GetQuotationsSPQueryHandler.Handle(GetQuotationsSPQuery request, CancellationToken cancellationToken) in C:\Users\Nasim Reza\Desktop\Final Project\aspnet-b11-nasim\src\DevSkill.Inventory.sln\DevSkill.Inventory.Application\Features\Quotations\Queries\GetQuotationsSPQueryHandler.cs:line 23
   at DevSkill.Inventory.Web.Areas.Admin.Controllers.QuotationsController.GetQuotationsJsonData(QuotationListModel model) in C:\Users\Nasim Reza\Desktop\Final Project\aspnet-b11-nasim\src\DevSkill.Inventory.sln\DevSkill.Inventory.Web\Areas\Admin\Controllers\QuotationsController.cs:line 47
ClientConnectionId:f9bfcfa2-d69f-4485-87b5-86830902bd65
Error Number:8145,State:1,Class:16
2025-06-20 14:41:23.747 +06:00 [ERR] Error loading quotations
Microsoft.Data.SqlClient.SqlException (0x80131904): @FromDate is not a parameter for procedure GetQuotations.
   at Microsoft.Data.SqlClient.SqlCommand.<>c.<ExecuteDbDataReaderAsync>b__195_0(Task`1 result)
   at System.Threading.Tasks.ContinuationResultTaskFromResultTask`2.InnerInvoke()
   at System.Threading.ExecutionContext.RunInternal(ExecutionContext executionContext, ContextCallback callback, Object state)
--- End of stack trace from previous location ---
   at System.Threading.ExecutionContext.RunInternal(ExecutionContext executionContext, ContextCallback callback, Object state)
   at System.Threading.Tasks.Task.ExecuteWithThreadLocal(Task& currentTaskSlot, Thread threadPoolThread)
--- End of stack trace from previous location ---
   at DevSkill.Inventory.Infrastructure.Utilities.SqlUtility.ExecuteQueryAsync[TReturn](DbCommand command) in C:\Users\Nasim Reza\Desktop\Final Project\aspnet-b11-nasim\src\DevSkill.Inventory.sln\DevSkill.Inventory.Infrastructure\Utilities\SqlUtility.cs:line 237
   at DevSkill.Inventory.Infrastructure.Utilities.SqlUtility.QueryWithStoredProcedureAsync[TReturn](String storedProcedureName, IDictionary`2 parameters, IDictionary`2 outParameters) in C:\Users\Nasim Reza\Desktop\Final Project\aspnet-b11-nasim\src\DevSkill.Inventory.sln\DevSkill.Inventory.Infrastructure\Utilities\SqlUtility.cs:line 100
   at DevSkill.Inventory.Infrastructure.Utilities.SqlUtility.QueryWithStoredProcedureAsync[TReturn](String storedProcedureName, IDictionary`2 parameters, IDictionary`2 outParameters) in C:\Users\Nasim Reza\Desktop\Final Project\aspnet-b11-nasim\src\DevSkill.Inventory.sln\DevSkill.Inventory.Infrastructure\Utilities\SqlUtility.cs:line 106
   at DevSkill.Inventory.Infrastructure.ApplicationUnitOfWork.GetQuotationsSP(Int32 pageIndex, Int32 pageSize, String order, QuotationSearchDto search) in C:\Users\Nasim Reza\Desktop\Final Project\aspnet-b11-nasim\src\DevSkill.Inventory.sln\DevSkill.Inventory.Infrastructure\ApplicationUnitOfWork.cs:line 267
   at DevSkill.Inventory.Application.Features.Quotations.Queries.GetQuotationsSPQueryHandler.Handle(GetQuotationsSPQuery request, CancellationToken cancellationToken) in C:\Users\Nasim Reza\Desktop\Final Project\aspnet-b11-nasim\src\DevSkill.Inventory.sln\DevSkill.Inventory.Application\Features\Quotations\Queries\GetQuotationsSPQueryHandler.cs:line 23
   at DevSkill.Inventory.Web.Areas.Admin.Controllers.QuotationsController.GetQuotationsJsonData(QuotationListModel model) in C:\Users\Nasim Reza\Desktop\Final Project\aspnet-b11-nasim\src\DevSkill.Inventory.sln\DevSkill.Inventory.Web\Areas\Admin\Controllers\QuotationsController.cs:line 47
ClientConnectionId:f9bfcfa2-d69f-4485-87b5-86830902bd65
Error Number:8145,State:1,Class:16
2025-06-20 14:41:24.617 +06:00 [ERR] Error loading service sales
Microsoft.Data.SqlClient.SqlException (0x80131904): Procedure or function 'GetServiceSales' expects parameter '@TotalCount', which was not supplied.
   at Microsoft.Data.SqlClient.SqlCommand.<>c.<ExecuteDbDataReaderAsync>b__195_0(Task`1 result)
   at System.Threading.Tasks.ContinuationResultTaskFromResultTask`2.InnerInvoke()
   at System.Threading.ExecutionContext.RunInternal(ExecutionContext executionContext, ContextCallback callback, Object state)
--- End of stack trace from previous location ---
   at System.Threading.ExecutionContext.RunInternal(ExecutionContext executionContext, ContextCallback callback, Object state)
   at System.Threading.Tasks.Task.ExecuteWithThreadLocal(Task& currentTaskSlot, Thread threadPoolThread)
--- End of stack trace from previous location ---
   at DevSkill.Inventory.Infrastructure.Utilities.SqlUtility.ExecuteQueryAsync[TReturn](DbCommand command) in C:\Users\Nasim Reza\Desktop\Final Project\aspnet-b11-nasim\src\DevSkill.Inventory.sln\DevSkill.Inventory.Infrastructure\Utilities\SqlUtility.cs:line 237
   at DevSkill.Inventory.Infrastructure.Utilities.SqlUtility.QueryWithStoredProcedureAsync[TReturn](String storedProcedureName, IDictionary`2 parameters, IDictionary`2 outParameters) in C:\Users\Nasim Reza\Desktop\Final Project\aspnet-b11-nasim\src\DevSkill.Inventory.sln\DevSkill.Inventory.Infrastructure\Utilities\SqlUtility.cs:line 100
   at DevSkill.Inventory.Infrastructure.Utilities.SqlUtility.QueryWithStoredProcedureAsync[TReturn](String storedProcedureName, IDictionary`2 parameters, IDictionary`2 outParameters) in C:\Users\Nasim Reza\Desktop\Final Project\aspnet-b11-nasim\src\DevSkill.Inventory.sln\DevSkill.Inventory.Infrastructure\Utilities\SqlUtility.cs:line 106
   at DevSkill.Inventory.Infrastructure.ApplicationUnitOfWork.GetServiceSalesSP(Int32 pageIndex, Int32 pageSize, String order, ServiceSaleSearchDto search) in C:\Users\Nasim Reza\Desktop\Final Project\aspnet-b11-nasim\src\DevSkill.Inventory.sln\DevSkill.Inventory.Infrastructure\ApplicationUnitOfWork.cs:line 220
   at DevSkill.Inventory.Application.Features.ServiceSales.Queries.GetServiceSalesSPQueryHandler.Handle(GetServiceSalesSPQuery request, CancellationToken cancellationToken) in C:\Users\Nasim Reza\Desktop\Final Project\aspnet-b11-nasim\src\DevSkill.Inventory.sln\DevSkill.Inventory.Application\Features\ServiceSales\Queries\GetServiceSalesSPQueryHandler.cs:line 25
   at DevSkill.Inventory.Web.Areas.Admin.Controllers.ServiceSalesController.GetServiceSalesJsonData(ServiceSaleListModel model) in C:\Users\Nasim Reza\Desktop\Final Project\aspnet-b11-nasim\src\DevSkill.Inventory.sln\DevSkill.Inventory.Web\Areas\Admin\Controllers\ServiceSalesController.cs:line 129
ClientConnectionId:f9bfcfa2-d69f-4485-87b5-86830902bd65
Error Number:201,State:4,Class:16
2025-06-20 14:41:25.546 +06:00 [ERR] Error loading quotations
Microsoft.Data.SqlClient.SqlException (0x80131904): @FromDate is not a parameter for procedure GetQuotations.
   at Microsoft.Data.SqlClient.SqlCommand.<>c.<ExecuteDbDataReaderAsync>b__195_0(Task`1 result)
   at System.Threading.Tasks.ContinuationResultTaskFromResultTask`2.InnerInvoke()
   at System.Threading.ExecutionContext.RunInternal(ExecutionContext executionContext, ContextCallback callback, Object state)
--- End of stack trace from previous location ---
   at System.Threading.ExecutionContext.RunInternal(ExecutionContext executionContext, ContextCallback callback, Object state)
   at System.Threading.Tasks.Task.ExecuteWithThreadLocal(Task& currentTaskSlot, Thread threadPoolThread)
--- End of stack trace from previous location ---
   at DevSkill.Inventory.Infrastructure.Utilities.SqlUtility.ExecuteQueryAsync[TReturn](DbCommand command) in C:\Users\Nasim Reza\Desktop\Final Project\aspnet-b11-nasim\src\DevSkill.Inventory.sln\DevSkill.Inventory.Infrastructure\Utilities\SqlUtility.cs:line 237
   at DevSkill.Inventory.Infrastructure.Utilities.SqlUtility.QueryWithStoredProcedureAsync[TReturn](String storedProcedureName, IDictionary`2 parameters, IDictionary`2 outParameters) in C:\Users\Nasim Reza\Desktop\Final Project\aspnet-b11-nasim\src\DevSkill.Inventory.sln\DevSkill.Inventory.Infrastructure\Utilities\SqlUtility.cs:line 100
   at DevSkill.Inventory.Infrastructure.Utilities.SqlUtility.QueryWithStoredProcedureAsync[TReturn](String storedProcedureName, IDictionary`2 parameters, IDictionary`2 outParameters) in C:\Users\Nasim Reza\Desktop\Final Project\aspnet-b11-nasim\src\DevSkill.Inventory.sln\DevSkill.Inventory.Infrastructure\Utilities\SqlUtility.cs:line 106
   at DevSkill.Inventory.Infrastructure.ApplicationUnitOfWork.GetQuotationsSP(Int32 pageIndex, Int32 pageSize, String order, QuotationSearchDto search) in C:\Users\Nasim Reza\Desktop\Final Project\aspnet-b11-nasim\src\DevSkill.Inventory.sln\DevSkill.Inventory.Infrastructure\ApplicationUnitOfWork.cs:line 267
   at DevSkill.Inventory.Application.Features.Quotations.Queries.GetQuotationsSPQueryHandler.Handle(GetQuotationsSPQuery request, CancellationToken cancellationToken) in C:\Users\Nasim Reza\Desktop\Final Project\aspnet-b11-nasim\src\DevSkill.Inventory.sln\DevSkill.Inventory.Application\Features\Quotations\Queries\GetQuotationsSPQueryHandler.cs:line 23
   at DevSkill.Inventory.Web.Areas.Admin.Controllers.QuotationsController.GetQuotationsJsonData(QuotationListModel model) in C:\Users\Nasim Reza\Desktop\Final Project\aspnet-b11-nasim\src\DevSkill.Inventory.sln\DevSkill.Inventory.Web\Areas\Admin\Controllers\QuotationsController.cs:line 47
ClientConnectionId:f9bfcfa2-d69f-4485-87b5-86830902bd65
Error Number:8145,State:1,Class:16
2025-06-20 14:41:28.692 +06:00 [ERR] Error loading quotations
Microsoft.Data.SqlClient.SqlException (0x80131904): @FromDate is not a parameter for procedure GetQuotations.
   at Microsoft.Data.SqlClient.SqlCommand.<>c.<ExecuteDbDataReaderAsync>b__195_0(Task`1 result)
   at System.Threading.Tasks.ContinuationResultTaskFromResultTask`2.InnerInvoke()
   at System.Threading.ExecutionContext.RunInternal(ExecutionContext executionContext, ContextCallback callback, Object state)
--- End of stack trace from previous location ---
   at System.Threading.ExecutionContext.RunInternal(ExecutionContext executionContext, ContextCallback callback, Object state)
   at System.Threading.Tasks.Task.ExecuteWithThreadLocal(Task& currentTaskSlot, Thread threadPoolThread)
--- End of stack trace from previous location ---
   at DevSkill.Inventory.Infrastructure.Utilities.SqlUtility.ExecuteQueryAsync[TReturn](DbCommand command) in C:\Users\Nasim Reza\Desktop\Final Project\aspnet-b11-nasim\src\DevSkill.Inventory.sln\DevSkill.Inventory.Infrastructure\Utilities\SqlUtility.cs:line 237
   at DevSkill.Inventory.Infrastructure.Utilities.SqlUtility.QueryWithStoredProcedureAsync[TReturn](String storedProcedureName, IDictionary`2 parameters, IDictionary`2 outParameters) in C:\Users\Nasim Reza\Desktop\Final Project\aspnet-b11-nasim\src\DevSkill.Inventory.sln\DevSkill.Inventory.Infrastructure\Utilities\SqlUtility.cs:line 100
   at DevSkill.Inventory.Infrastructure.Utilities.SqlUtility.QueryWithStoredProcedureAsync[TReturn](String storedProcedureName, IDictionary`2 parameters, IDictionary`2 outParameters) in C:\Users\Nasim Reza\Desktop\Final Project\aspnet-b11-nasim\src\DevSkill.Inventory.sln\DevSkill.Inventory.Infrastructure\Utilities\SqlUtility.cs:line 106
   at DevSkill.Inventory.Infrastructure.ApplicationUnitOfWork.GetQuotationsSP(Int32 pageIndex, Int32 pageSize, String order, QuotationSearchDto search) in C:\Users\Nasim Reza\Desktop\Final Project\aspnet-b11-nasim\src\DevSkill.Inventory.sln\DevSkill.Inventory.Infrastructure\ApplicationUnitOfWork.cs:line 267
   at DevSkill.Inventory.Application.Features.Quotations.Queries.GetQuotationsSPQueryHandler.Handle(GetQuotationsSPQuery request, CancellationToken cancellationToken) in C:\Users\Nasim Reza\Desktop\Final Project\aspnet-b11-nasim\src\DevSkill.Inventory.sln\DevSkill.Inventory.Application\Features\Quotations\Queries\GetQuotationsSPQueryHandler.cs:line 23
   at DevSkill.Inventory.Web.Areas.Admin.Controllers.QuotationsController.GetQuotationsJsonData(QuotationListModel model) in C:\Users\Nasim Reza\Desktop\Final Project\aspnet-b11-nasim\src\DevSkill.Inventory.sln\DevSkill.Inventory.Web\Areas\Admin\Controllers\QuotationsController.cs:line 47
ClientConnectionId:f9bfcfa2-d69f-4485-87b5-86830902bd65
Error Number:8145,State:1,Class:16
2025-06-20 14:41:29.501 +06:00 [ERR] Error loading service sales
Microsoft.Data.SqlClient.SqlException (0x80131904): Procedure or function 'GetServiceSales' expects parameter '@TotalCount', which was not supplied.
   at Microsoft.Data.SqlClient.SqlCommand.<>c.<ExecuteDbDataReaderAsync>b__195_0(Task`1 result)
   at System.Threading.Tasks.ContinuationResultTaskFromResultTask`2.InnerInvoke()
   at System.Threading.ExecutionContext.RunInternal(ExecutionContext executionContext, ContextCallback callback, Object state)
--- End of stack trace from previous location ---
   at System.Threading.ExecutionContext.RunInternal(ExecutionContext executionContext, ContextCallback callback, Object state)
   at System.Threading.Tasks.Task.ExecuteWithThreadLocal(Task& currentTaskSlot, Thread threadPoolThread)
--- End of stack trace from previous location ---
   at DevSkill.Inventory.Infrastructure.Utilities.SqlUtility.ExecuteQueryAsync[TReturn](DbCommand command) in C:\Users\Nasim Reza\Desktop\Final Project\aspnet-b11-nasim\src\DevSkill.Inventory.sln\DevSkill.Inventory.Infrastructure\Utilities\SqlUtility.cs:line 237
   at DevSkill.Inventory.Infrastructure.Utilities.SqlUtility.QueryWithStoredProcedureAsync[TReturn](String storedProcedureName, IDictionary`2 parameters, IDictionary`2 outParameters) in C:\Users\Nasim Reza\Desktop\Final Project\aspnet-b11-nasim\src\DevSkill.Inventory.sln\DevSkill.Inventory.Infrastructure\Utilities\SqlUtility.cs:line 100
   at DevSkill.Inventory.Infrastructure.Utilities.SqlUtility.QueryWithStoredProcedureAsync[TReturn](String storedProcedureName, IDictionary`2 parameters, IDictionary`2 outParameters) in C:\Users\Nasim Reza\Desktop\Final Project\aspnet-b11-nasim\src\DevSkill.Inventory.sln\DevSkill.Inventory.Infrastructure\Utilities\SqlUtility.cs:line 106
   at DevSkill.Inventory.Infrastructure.ApplicationUnitOfWork.GetServiceSalesSP(Int32 pageIndex, Int32 pageSize, String order, ServiceSaleSearchDto search) in C:\Users\Nasim Reza\Desktop\Final Project\aspnet-b11-nasim\src\DevSkill.Inventory.sln\DevSkill.Inventory.Infrastructure\ApplicationUnitOfWork.cs:line 220
   at DevSkill.Inventory.Application.Features.ServiceSales.Queries.GetServiceSalesSPQueryHandler.Handle(GetServiceSalesSPQuery request, CancellationToken cancellationToken) in C:\Users\Nasim Reza\Desktop\Final Project\aspnet-b11-nasim\src\DevSkill.Inventory.sln\DevSkill.Inventory.Application\Features\ServiceSales\Queries\GetServiceSalesSPQueryHandler.cs:line 25
   at DevSkill.Inventory.Web.Areas.Admin.Controllers.ServiceSalesController.GetServiceSalesJsonData(ServiceSaleListModel model) in C:\Users\Nasim Reza\Desktop\Final Project\aspnet-b11-nasim\src\DevSkill.Inventory.sln\DevSkill.Inventory.Web\Areas\Admin\Controllers\ServiceSalesController.cs:line 129
ClientConnectionId:f9bfcfa2-d69f-4485-87b5-86830902bd65
Error Number:201,State:4,Class:16
2025-06-20 14:41:30.670 +06:00 [ERR] Error loading quotations
Microsoft.Data.SqlClient.SqlException (0x80131904): @FromDate is not a parameter for procedure GetQuotations.
   at Microsoft.Data.SqlClient.SqlCommand.<>c.<ExecuteDbDataReaderAsync>b__195_0(Task`1 result)
   at System.Threading.Tasks.ContinuationResultTaskFromResultTask`2.InnerInvoke()
   at System.Threading.ExecutionContext.RunInternal(ExecutionContext executionContext, ContextCallback callback, Object state)
--- End of stack trace from previous location ---
   at System.Threading.ExecutionContext.RunInternal(ExecutionContext executionContext, ContextCallback callback, Object state)
   at System.Threading.Tasks.Task.ExecuteWithThreadLocal(Task& currentTaskSlot, Thread threadPoolThread)
--- End of stack trace from previous location ---
   at DevSkill.Inventory.Infrastructure.Utilities.SqlUtility.ExecuteQueryAsync[TReturn](DbCommand command) in C:\Users\Nasim Reza\Desktop\Final Project\aspnet-b11-nasim\src\DevSkill.Inventory.sln\DevSkill.Inventory.Infrastructure\Utilities\SqlUtility.cs:line 237
   at DevSkill.Inventory.Infrastructure.Utilities.SqlUtility.QueryWithStoredProcedureAsync[TReturn](String storedProcedureName, IDictionary`2 parameters, IDictionary`2 outParameters) in C:\Users\Nasim Reza\Desktop\Final Project\aspnet-b11-nasim\src\DevSkill.Inventory.sln\DevSkill.Inventory.Infrastructure\Utilities\SqlUtility.cs:line 100
   at DevSkill.Inventory.Infrastructure.Utilities.SqlUtility.QueryWithStoredProcedureAsync[TReturn](String storedProcedureName, IDictionary`2 parameters, IDictionary`2 outParameters) in C:\Users\Nasim Reza\Desktop\Final Project\aspnet-b11-nasim\src\DevSkill.Inventory.sln\DevSkill.Inventory.Infrastructure\Utilities\SqlUtility.cs:line 106
   at DevSkill.Inventory.Infrastructure.ApplicationUnitOfWork.GetQuotationsSP(Int32 pageIndex, Int32 pageSize, String order, QuotationSearchDto search) in C:\Users\Nasim Reza\Desktop\Final Project\aspnet-b11-nasim\src\DevSkill.Inventory.sln\DevSkill.Inventory.Infrastructure\ApplicationUnitOfWork.cs:line 267
   at DevSkill.Inventory.Application.Features.Quotations.Queries.GetQuotationsSPQueryHandler.Handle(GetQuotationsSPQuery request, CancellationToken cancellationToken) in C:\Users\Nasim Reza\Desktop\Final Project\aspnet-b11-nasim\src\DevSkill.Inventory.sln\DevSkill.Inventory.Application\Features\Quotations\Queries\GetQuotationsSPQueryHandler.cs:line 23
   at DevSkill.Inventory.Web.Areas.Admin.Controllers.QuotationsController.GetQuotationsJsonData(QuotationListModel model) in C:\Users\Nasim Reza\Desktop\Final Project\aspnet-b11-nasim\src\DevSkill.Inventory.sln\DevSkill.Inventory.Web\Areas\Admin\Controllers\QuotationsController.cs:line 47
ClientConnectionId:f9bfcfa2-d69f-4485-87b5-86830902bd65
Error Number:8145,State:1,Class:16
2025-06-20 14:46:03.810 +06:00 [INF] Application Starting...17-jan
2025-06-20 14:46:03.843 +06:00 [INF] This is Nasim Reza Hridoy
2025-06-20 14:46:03.843 +06:00 [ERR] An error occurred while starting the application.
2025-06-20 14:46:06.993 +06:00 [INF] This is Nasim Reza
2025-06-20 14:46:07.010 +06:00 [INF] This is a test log entry to verify database logging.
2025-06-20 14:46:15.360 +06:00 [ERR] Error loading quotations
Microsoft.Data.SqlClient.SqlException (0x80131904): @FromDate is not a parameter for procedure GetQuotations.
   at Microsoft.Data.SqlClient.SqlCommand.<>c.<ExecuteDbDataReaderAsync>b__195_0(Task`1 result)
   at System.Threading.Tasks.ContinuationResultTaskFromResultTask`2.InnerInvoke()
   at System.Threading.ExecutionContext.RunInternal(ExecutionContext executionContext, ContextCallback callback, Object state)
--- End of stack trace from previous location ---
   at System.Threading.ExecutionContext.RunInternal(ExecutionContext executionContext, ContextCallback callback, Object state)
   at System.Threading.Tasks.Task.ExecuteWithThreadLocal(Task& currentTaskSlot, Thread threadPoolThread)
--- End of stack trace from previous location ---
   at DevSkill.Inventory.Infrastructure.Utilities.SqlUtility.ExecuteQueryAsync[TReturn](DbCommand command) in C:\Users\Nasim Reza\Desktop\Final Project\aspnet-b11-nasim\src\DevSkill.Inventory.sln\DevSkill.Inventory.Infrastructure\Utilities\SqlUtility.cs:line 237
   at DevSkill.Inventory.Infrastructure.Utilities.SqlUtility.QueryWithStoredProcedureAsync[TReturn](String storedProcedureName, IDictionary`2 parameters, IDictionary`2 outParameters) in C:\Users\Nasim Reza\Desktop\Final Project\aspnet-b11-nasim\src\DevSkill.Inventory.sln\DevSkill.Inventory.Infrastructure\Utilities\SqlUtility.cs:line 100
   at DevSkill.Inventory.Infrastructure.Utilities.SqlUtility.QueryWithStoredProcedureAsync[TReturn](String storedProcedureName, IDictionary`2 parameters, IDictionary`2 outParameters) in C:\Users\Nasim Reza\Desktop\Final Project\aspnet-b11-nasim\src\DevSkill.Inventory.sln\DevSkill.Inventory.Infrastructure\Utilities\SqlUtility.cs:line 106
   at DevSkill.Inventory.Infrastructure.ApplicationUnitOfWork.GetQuotationsSP(Int32 pageIndex, Int32 pageSize, String order, QuotationSearchDto search) in C:\Users\Nasim Reza\Desktop\Final Project\aspnet-b11-nasim\src\DevSkill.Inventory.sln\DevSkill.Inventory.Infrastructure\ApplicationUnitOfWork.cs:line 267
   at DevSkill.Inventory.Application.Features.Quotations.Queries.GetQuotationsSPQueryHandler.Handle(GetQuotationsSPQuery request, CancellationToken cancellationToken) in C:\Users\Nasim Reza\Desktop\Final Project\aspnet-b11-nasim\src\DevSkill.Inventory.sln\DevSkill.Inventory.Application\Features\Quotations\Queries\GetQuotationsSPQueryHandler.cs:line 23
   at DevSkill.Inventory.Web.Areas.Admin.Controllers.QuotationsController.GetQuotationsJsonData(QuotationListModel model) in C:\Users\Nasim Reza\Desktop\Final Project\aspnet-b11-nasim\src\DevSkill.Inventory.sln\DevSkill.Inventory.Web\Areas\Admin\Controllers\QuotationsController.cs:line 47
ClientConnectionId:7badd0d4-0926-4428-a107-f33e72d71869
Error Number:8145,State:1,Class:16
2025-06-20 14:46:16.418 +06:00 [ERR] Error loading quotations
Microsoft.Data.SqlClient.SqlException (0x80131904): @FromDate is not a parameter for procedure GetQuotations.
   at Microsoft.Data.SqlClient.SqlCommand.<>c.<ExecuteDbDataReaderAsync>b__195_0(Task`1 result)
   at System.Threading.Tasks.ContinuationResultTaskFromResultTask`2.InnerInvoke()
   at System.Threading.ExecutionContext.RunInternal(ExecutionContext executionContext, ContextCallback callback, Object state)
--- End of stack trace from previous location ---
   at System.Threading.ExecutionContext.RunInternal(ExecutionContext executionContext, ContextCallback callback, Object state)
   at System.Threading.Tasks.Task.ExecuteWithThreadLocal(Task& currentTaskSlot, Thread threadPoolThread)
--- End of stack trace from previous location ---
   at DevSkill.Inventory.Infrastructure.Utilities.SqlUtility.ExecuteQueryAsync[TReturn](DbCommand command) in C:\Users\Nasim Reza\Desktop\Final Project\aspnet-b11-nasim\src\DevSkill.Inventory.sln\DevSkill.Inventory.Infrastructure\Utilities\SqlUtility.cs:line 237
   at DevSkill.Inventory.Infrastructure.Utilities.SqlUtility.QueryWithStoredProcedureAsync[TReturn](String storedProcedureName, IDictionary`2 parameters, IDictionary`2 outParameters) in C:\Users\Nasim Reza\Desktop\Final Project\aspnet-b11-nasim\src\DevSkill.Inventory.sln\DevSkill.Inventory.Infrastructure\Utilities\SqlUtility.cs:line 100
   at DevSkill.Inventory.Infrastructure.Utilities.SqlUtility.QueryWithStoredProcedureAsync[TReturn](String storedProcedureName, IDictionary`2 parameters, IDictionary`2 outParameters) in C:\Users\Nasim Reza\Desktop\Final Project\aspnet-b11-nasim\src\DevSkill.Inventory.sln\DevSkill.Inventory.Infrastructure\Utilities\SqlUtility.cs:line 106
   at DevSkill.Inventory.Infrastructure.ApplicationUnitOfWork.GetQuotationsSP(Int32 pageIndex, Int32 pageSize, String order, QuotationSearchDto search) in C:\Users\Nasim Reza\Desktop\Final Project\aspnet-b11-nasim\src\DevSkill.Inventory.sln\DevSkill.Inventory.Infrastructure\ApplicationUnitOfWork.cs:line 267
   at DevSkill.Inventory.Application.Features.Quotations.Queries.GetQuotationsSPQueryHandler.Handle(GetQuotationsSPQuery request, CancellationToken cancellationToken) in C:\Users\Nasim Reza\Desktop\Final Project\aspnet-b11-nasim\src\DevSkill.Inventory.sln\DevSkill.Inventory.Application\Features\Quotations\Queries\GetQuotationsSPQueryHandler.cs:line 23
   at DevSkill.Inventory.Web.Areas.Admin.Controllers.QuotationsController.GetQuotationsJsonData(QuotationListModel model) in C:\Users\Nasim Reza\Desktop\Final Project\aspnet-b11-nasim\src\DevSkill.Inventory.sln\DevSkill.Inventory.Web\Areas\Admin\Controllers\QuotationsController.cs:line 47
ClientConnectionId:7badd0d4-0926-4428-a107-f33e72d71869
Error Number:8145,State:1,Class:16
2025-06-20 14:46:17.745 +06:00 [ERR] Error loading quotations
Microsoft.Data.SqlClient.SqlException (0x80131904): @FromDate is not a parameter for procedure GetQuotations.
   at Microsoft.Data.SqlClient.SqlCommand.<>c.<ExecuteDbDataReaderAsync>b__195_0(Task`1 result)
   at System.Threading.Tasks.ContinuationResultTaskFromResultTask`2.InnerInvoke()
   at System.Threading.ExecutionContext.RunInternal(ExecutionContext executionContext, ContextCallback callback, Object state)
--- End of stack trace from previous location ---
   at System.Threading.ExecutionContext.RunInternal(ExecutionContext executionContext, ContextCallback callback, Object state)
   at System.Threading.Tasks.Task.ExecuteWithThreadLocal(Task& currentTaskSlot, Thread threadPoolThread)
--- End of stack trace from previous location ---
   at DevSkill.Inventory.Infrastructure.Utilities.SqlUtility.ExecuteQueryAsync[TReturn](DbCommand command) in C:\Users\Nasim Reza\Desktop\Final Project\aspnet-b11-nasim\src\DevSkill.Inventory.sln\DevSkill.Inventory.Infrastructure\Utilities\SqlUtility.cs:line 237
   at DevSkill.Inventory.Infrastructure.Utilities.SqlUtility.QueryWithStoredProcedureAsync[TReturn](String storedProcedureName, IDictionary`2 parameters, IDictionary`2 outParameters) in C:\Users\Nasim Reza\Desktop\Final Project\aspnet-b11-nasim\src\DevSkill.Inventory.sln\DevSkill.Inventory.Infrastructure\Utilities\SqlUtility.cs:line 100
   at DevSkill.Inventory.Infrastructure.Utilities.SqlUtility.QueryWithStoredProcedureAsync[TReturn](String storedProcedureName, IDictionary`2 parameters, IDictionary`2 outParameters) in C:\Users\Nasim Reza\Desktop\Final Project\aspnet-b11-nasim\src\DevSkill.Inventory.sln\DevSkill.Inventory.Infrastructure\Utilities\SqlUtility.cs:line 106
   at DevSkill.Inventory.Infrastructure.ApplicationUnitOfWork.GetQuotationsSP(Int32 pageIndex, Int32 pageSize, String order, QuotationSearchDto search) in C:\Users\Nasim Reza\Desktop\Final Project\aspnet-b11-nasim\src\DevSkill.Inventory.sln\DevSkill.Inventory.Infrastructure\ApplicationUnitOfWork.cs:line 267
   at DevSkill.Inventory.Application.Features.Quotations.Queries.GetQuotationsSPQueryHandler.Handle(GetQuotationsSPQuery request, CancellationToken cancellationToken) in C:\Users\Nasim Reza\Desktop\Final Project\aspnet-b11-nasim\src\DevSkill.Inventory.sln\DevSkill.Inventory.Application\Features\Quotations\Queries\GetQuotationsSPQueryHandler.cs:line 23
   at DevSkill.Inventory.Web.Areas.Admin.Controllers.QuotationsController.GetQuotationsJsonData(QuotationListModel model) in C:\Users\Nasim Reza\Desktop\Final Project\aspnet-b11-nasim\src\DevSkill.Inventory.sln\DevSkill.Inventory.Web\Areas\Admin\Controllers\QuotationsController.cs:line 47
ClientConnectionId:7badd0d4-0926-4428-a107-f33e72d71869
Error Number:8145,State:1,Class:16
2025-06-20 14:46:18.857 +06:00 [ERR] Error loading quotations
Microsoft.Data.SqlClient.SqlException (0x80131904): @FromDate is not a parameter for procedure GetQuotations.
   at Microsoft.Data.SqlClient.SqlCommand.<>c.<ExecuteDbDataReaderAsync>b__195_0(Task`1 result)
   at System.Threading.Tasks.ContinuationResultTaskFromResultTask`2.InnerInvoke()
   at System.Threading.ExecutionContext.RunInternal(ExecutionContext executionContext, ContextCallback callback, Object state)
--- End of stack trace from previous location ---
   at System.Threading.ExecutionContext.RunInternal(ExecutionContext executionContext, ContextCallback callback, Object state)
   at System.Threading.Tasks.Task.ExecuteWithThreadLocal(Task& currentTaskSlot, Thread threadPoolThread)
--- End of stack trace from previous location ---
   at DevSkill.Inventory.Infrastructure.Utilities.SqlUtility.ExecuteQueryAsync[TReturn](DbCommand command) in C:\Users\Nasim Reza\Desktop\Final Project\aspnet-b11-nasim\src\DevSkill.Inventory.sln\DevSkill.Inventory.Infrastructure\Utilities\SqlUtility.cs:line 237
   at DevSkill.Inventory.Infrastructure.Utilities.SqlUtility.QueryWithStoredProcedureAsync[TReturn](String storedProcedureName, IDictionary`2 parameters, IDictionary`2 outParameters) in C:\Users\Nasim Reza\Desktop\Final Project\aspnet-b11-nasim\src\DevSkill.Inventory.sln\DevSkill.Inventory.Infrastructure\Utilities\SqlUtility.cs:line 100
   at DevSkill.Inventory.Infrastructure.Utilities.SqlUtility.QueryWithStoredProcedureAsync[TReturn](String storedProcedureName, IDictionary`2 parameters, IDictionary`2 outParameters) in C:\Users\Nasim Reza\Desktop\Final Project\aspnet-b11-nasim\src\DevSkill.Inventory.sln\DevSkill.Inventory.Infrastructure\Utilities\SqlUtility.cs:line 106
   at DevSkill.Inventory.Infrastructure.ApplicationUnitOfWork.GetQuotationsSP(Int32 pageIndex, Int32 pageSize, String order, QuotationSearchDto search) in C:\Users\Nasim Reza\Desktop\Final Project\aspnet-b11-nasim\src\DevSkill.Inventory.sln\DevSkill.Inventory.Infrastructure\ApplicationUnitOfWork.cs:line 267
   at DevSkill.Inventory.Application.Features.Quotations.Queries.GetQuotationsSPQueryHandler.Handle(GetQuotationsSPQuery request, CancellationToken cancellationToken) in C:\Users\Nasim Reza\Desktop\Final Project\aspnet-b11-nasim\src\DevSkill.Inventory.sln\DevSkill.Inventory.Application\Features\Quotations\Queries\GetQuotationsSPQueryHandler.cs:line 23
   at DevSkill.Inventory.Web.Areas.Admin.Controllers.QuotationsController.GetQuotationsJsonData(QuotationListModel model) in C:\Users\Nasim Reza\Desktop\Final Project\aspnet-b11-nasim\src\DevSkill.Inventory.sln\DevSkill.Inventory.Web\Areas\Admin\Controllers\QuotationsController.cs:line 47
ClientConnectionId:7badd0d4-0926-4428-a107-f33e72d71869
Error Number:8145,State:1,Class:16
2025-06-20 14:46:19.902 +06:00 [ERR] Error loading service sales
Microsoft.Data.SqlClient.SqlException (0x80131904): Procedure or function 'GetServiceSales' expects parameter '@TotalCount', which was not supplied.
   at Microsoft.Data.SqlClient.SqlCommand.<>c.<ExecuteDbDataReaderAsync>b__195_0(Task`1 result)
   at System.Threading.Tasks.ContinuationResultTaskFromResultTask`2.InnerInvoke()
   at System.Threading.ExecutionContext.RunInternal(ExecutionContext executionContext, ContextCallback callback, Object state)
--- End of stack trace from previous location ---
   at System.Threading.ExecutionContext.RunInternal(ExecutionContext executionContext, ContextCallback callback, Object state)
   at System.Threading.Tasks.Task.ExecuteWithThreadLocal(Task& currentTaskSlot, Thread threadPoolThread)
--- End of stack trace from previous location ---
   at DevSkill.Inventory.Infrastructure.Utilities.SqlUtility.ExecuteQueryAsync[TReturn](DbCommand command) in C:\Users\Nasim Reza\Desktop\Final Project\aspnet-b11-nasim\src\DevSkill.Inventory.sln\DevSkill.Inventory.Infrastructure\Utilities\SqlUtility.cs:line 237
   at DevSkill.Inventory.Infrastructure.Utilities.SqlUtility.QueryWithStoredProcedureAsync[TReturn](String storedProcedureName, IDictionary`2 parameters, IDictionary`2 outParameters) in C:\Users\Nasim Reza\Desktop\Final Project\aspnet-b11-nasim\src\DevSkill.Inventory.sln\DevSkill.Inventory.Infrastructure\Utilities\SqlUtility.cs:line 100
   at DevSkill.Inventory.Infrastructure.Utilities.SqlUtility.QueryWithStoredProcedureAsync[TReturn](String storedProcedureName, IDictionary`2 parameters, IDictionary`2 outParameters) in C:\Users\Nasim Reza\Desktop\Final Project\aspnet-b11-nasim\src\DevSkill.Inventory.sln\DevSkill.Inventory.Infrastructure\Utilities\SqlUtility.cs:line 106
   at DevSkill.Inventory.Infrastructure.ApplicationUnitOfWork.GetServiceSalesSP(Int32 pageIndex, Int32 pageSize, String order, ServiceSaleSearchDto search) in C:\Users\Nasim Reza\Desktop\Final Project\aspnet-b11-nasim\src\DevSkill.Inventory.sln\DevSkill.Inventory.Infrastructure\ApplicationUnitOfWork.cs:line 220
   at DevSkill.Inventory.Application.Features.ServiceSales.Queries.GetServiceSalesSPQueryHandler.Handle(GetServiceSalesSPQuery request, CancellationToken cancellationToken) in C:\Users\Nasim Reza\Desktop\Final Project\aspnet-b11-nasim\src\DevSkill.Inventory.sln\DevSkill.Inventory.Application\Features\ServiceSales\Queries\GetServiceSalesSPQueryHandler.cs:line 25
   at DevSkill.Inventory.Web.Areas.Admin.Controllers.ServiceSalesController.GetServiceSalesJsonData(ServiceSaleListModel model) in C:\Users\Nasim Reza\Desktop\Final Project\aspnet-b11-nasim\src\DevSkill.Inventory.sln\DevSkill.Inventory.Web\Areas\Admin\Controllers\ServiceSalesController.cs:line 129
ClientConnectionId:7badd0d4-0926-4428-a107-f33e72d71869
Error Number:201,State:4,Class:16
2025-06-20 14:46:20.662 +06:00 [ERR] Error loading quotations
Microsoft.Data.SqlClient.SqlException (0x80131904): @FromDate is not a parameter for procedure GetQuotations.
   at Microsoft.Data.SqlClient.SqlCommand.<>c.<ExecuteDbDataReaderAsync>b__195_0(Task`1 result)
   at System.Threading.Tasks.ContinuationResultTaskFromResultTask`2.InnerInvoke()
   at System.Threading.ExecutionContext.RunInternal(ExecutionContext executionContext, ContextCallback callback, Object state)
--- End of stack trace from previous location ---
   at System.Threading.ExecutionContext.RunInternal(ExecutionContext executionContext, ContextCallback callback, Object state)
   at System.Threading.Tasks.Task.ExecuteWithThreadLocal(Task& currentTaskSlot, Thread threadPoolThread)
--- End of stack trace from previous location ---
   at DevSkill.Inventory.Infrastructure.Utilities.SqlUtility.ExecuteQueryAsync[TReturn](DbCommand command) in C:\Users\Nasim Reza\Desktop\Final Project\aspnet-b11-nasim\src\DevSkill.Inventory.sln\DevSkill.Inventory.Infrastructure\Utilities\SqlUtility.cs:line 237
   at DevSkill.Inventory.Infrastructure.Utilities.SqlUtility.QueryWithStoredProcedureAsync[TReturn](String storedProcedureName, IDictionary`2 parameters, IDictionary`2 outParameters) in C:\Users\Nasim Reza\Desktop\Final Project\aspnet-b11-nasim\src\DevSkill.Inventory.sln\DevSkill.Inventory.Infrastructure\Utilities\SqlUtility.cs:line 100
   at DevSkill.Inventory.Infrastructure.Utilities.SqlUtility.QueryWithStoredProcedureAsync[TReturn](String storedProcedureName, IDictionary`2 parameters, IDictionary`2 outParameters) in C:\Users\Nasim Reza\Desktop\Final Project\aspnet-b11-nasim\src\DevSkill.Inventory.sln\DevSkill.Inventory.Infrastructure\Utilities\SqlUtility.cs:line 106
   at DevSkill.Inventory.Infrastructure.ApplicationUnitOfWork.GetQuotationsSP(Int32 pageIndex, Int32 pageSize, String order, QuotationSearchDto search) in C:\Users\Nasim Reza\Desktop\Final Project\aspnet-b11-nasim\src\DevSkill.Inventory.sln\DevSkill.Inventory.Infrastructure\ApplicationUnitOfWork.cs:line 267
   at DevSkill.Inventory.Application.Features.Quotations.Queries.GetQuotationsSPQueryHandler.Handle(GetQuotationsSPQuery request, CancellationToken cancellationToken) in C:\Users\Nasim Reza\Desktop\Final Project\aspnet-b11-nasim\src\DevSkill.Inventory.sln\DevSkill.Inventory.Application\Features\Quotations\Queries\GetQuotationsSPQueryHandler.cs:line 23
   at DevSkill.Inventory.Web.Areas.Admin.Controllers.QuotationsController.GetQuotationsJsonData(QuotationListModel model) in C:\Users\Nasim Reza\Desktop\Final Project\aspnet-b11-nasim\src\DevSkill.Inventory.sln\DevSkill.Inventory.Web\Areas\Admin\Controllers\QuotationsController.cs:line 47
ClientConnectionId:7badd0d4-0926-4428-a107-f33e72d71869
Error Number:8145,State:1,Class:16
2025-06-20 14:52:28.759 +06:00 [INF] Application Starting...17-jan
2025-06-20 14:52:28.792 +06:00 [INF] This is Nasim Reza Hridoy
2025-06-20 14:52:28.792 +06:00 [ERR] An error occurred while starting the application.
2025-06-20 14:52:30.898 +06:00 [INF] This is Nasim Reza
2025-06-20 14:52:30.913 +06:00 [INF] This is a test log entry to verify database logging.
2025-06-20 14:52:41.937 +06:00 [ERR] Error loading purchases
Microsoft.Data.SqlClient.SqlException (0x80131904): Could not find stored procedure 'GetPurchases'.
   at Microsoft.Data.SqlClient.SqlCommand.<>c.<ExecuteDbDataReaderAsync>b__195_0(Task`1 result)
   at System.Threading.Tasks.ContinuationResultTaskFromResultTask`2.InnerInvoke()
   at System.Threading.ExecutionContext.RunInternal(ExecutionContext executionContext, ContextCallback callback, Object state)
--- End of stack trace from previous location ---
   at System.Threading.ExecutionContext.RunInternal(ExecutionContext executionContext, ContextCallback callback, Object state)
   at System.Threading.Tasks.Task.ExecuteWithThreadLocal(Task& currentTaskSlot, Thread threadPoolThread)
--- End of stack trace from previous location ---
   at DevSkill.Inventory.Infrastructure.Utilities.SqlUtility.ExecuteQueryAsync[TReturn](DbCommand command) in C:\Users\Nasim Reza\Desktop\Final Project\aspnet-b11-nasim\src\DevSkill.Inventory.sln\DevSkill.Inventory.Infrastructure\Utilities\SqlUtility.cs:line 237
   at DevSkill.Inventory.Infrastructure.Utilities.SqlUtility.QueryWithStoredProcedureAsync[TReturn](String storedProcedureName, IDictionary`2 parameters, IDictionary`2 outParameters) in C:\Users\Nasim Reza\Desktop\Final Project\aspnet-b11-nasim\src\DevSkill.Inventory.sln\DevSkill.Inventory.Infrastructure\Utilities\SqlUtility.cs:line 100
   at DevSkill.Inventory.Infrastructure.Utilities.SqlUtility.QueryWithStoredProcedureAsync[TReturn](String storedProcedureName, IDictionary`2 parameters, IDictionary`2 outParameters) in C:\Users\Nasim Reza\Desktop\Final Project\aspnet-b11-nasim\src\DevSkill.Inventory.sln\DevSkill.Inventory.Infrastructure\Utilities\SqlUtility.cs:line 106
   at DevSkill.Inventory.Infrastructure.ApplicationUnitOfWork.GetPurchasesSP(Int32 pageIndex, Int32 pageSize, String orderBy, PurchaseSearchDto search) in C:\Users\Nasim Reza\Desktop\Final Project\aspnet-b11-nasim\src\DevSkill.Inventory.sln\DevSkill.Inventory.Infrastructure\ApplicationUnitOfWork.cs:line 88
   at DevSkill.Inventory.Application.Features.Purchases.Queries.GetPurchasesSPQueryHandler.Handle(GetPurchasesSPQuery request, CancellationToken cancellationToken) in C:\Users\Nasim Reza\Desktop\Final Project\aspnet-b11-nasim\src\DevSkill.Inventory.sln\DevSkill.Inventory.Application\Features\Purchases\Queries\GetPurchasesSPQueryHandler.cs:line 22
   at DevSkill.Inventory.Web.Areas.Admin.Controllers.PurchasesController.GetPurchasesJsonData(PurchaseListModel model) in C:\Users\Nasim Reza\Desktop\Final Project\aspnet-b11-nasim\src\DevSkill.Inventory.sln\DevSkill.Inventory.Web\Areas\Admin\Controllers\PurchasesController.cs:line 55
ClientConnectionId:574ee81f-7d1f-4c43-9a4d-dd2479b9585b
Error Number:2812,State:62,Class:16
2025-06-20 14:52:42.710 +06:00 [ERR] Error loading purchase returns
Microsoft.Data.SqlClient.SqlException (0x80131904): Could not find stored procedure 'GetPurchaseReturns'.
   at Microsoft.Data.SqlClient.SqlCommand.<>c.<ExecuteDbDataReaderAsync>b__195_0(Task`1 result)
   at System.Threading.Tasks.ContinuationResultTaskFromResultTask`2.InnerInvoke()
   at System.Threading.ExecutionContext.RunInternal(ExecutionContext executionContext, ContextCallback callback, Object state)
--- End of stack trace from previous location ---
   at System.Threading.ExecutionContext.RunInternal(ExecutionContext executionContext, ContextCallback callback, Object state)
   at System.Threading.Tasks.Task.ExecuteWithThreadLocal(Task& currentTaskSlot, Thread threadPoolThread)
--- End of stack trace from previous location ---
   at DevSkill.Inventory.Infrastructure.Utilities.SqlUtility.ExecuteQueryAsync[TReturn](DbCommand command) in C:\Users\Nasim Reza\Desktop\Final Project\aspnet-b11-nasim\src\DevSkill.Inventory.sln\DevSkill.Inventory.Infrastructure\Utilities\SqlUtility.cs:line 237
   at DevSkill.Inventory.Infrastructure.Utilities.SqlUtility.QueryWithStoredProcedureAsync[TReturn](String storedProcedureName, IDictionary`2 parameters, IDictionary`2 outParameters) in C:\Users\Nasim Reza\Desktop\Final Project\aspnet-b11-nasim\src\DevSkill.Inventory.sln\DevSkill.Inventory.Infrastructure\Utilities\SqlUtility.cs:line 100
   at DevSkill.Inventory.Infrastructure.Utilities.SqlUtility.QueryWithStoredProcedureAsync[TReturn](String storedProcedureName, IDictionary`2 parameters, IDictionary`2 outParameters) in C:\Users\Nasim Reza\Desktop\Final Project\aspnet-b11-nasim\src\DevSkill.Inventory.sln\DevSkill.Inventory.Infrastructure\Utilities\SqlUtility.cs:line 106
   at DevSkill.Inventory.Infrastructure.ApplicationUnitOfWork.GetPurchaseReturnsSP(Int32 pageIndex, Int32 pageSize, String order, PurchaseReturnSearchDto search) in C:\Users\Nasim Reza\Desktop\Final Project\aspnet-b11-nasim\src\DevSkill.Inventory.sln\DevSkill.Inventory.Infrastructure\ApplicationUnitOfWork.cs:line 172
   at DevSkill.Inventory.Application.Features.PurchaseReturns.Queries.GetPurchaseReturnsSPQueryHandler.Handle(GetPurchaseReturnsSPQuery request, CancellationToken cancellationToken) in C:\Users\Nasim Reza\Desktop\Final Project\aspnet-b11-nasim\src\DevSkill.Inventory.sln\DevSkill.Inventory.Application\Features\PurchaseReturns\Queries\GetPurchaseReturnsSPQueryHandler.cs:line 23
   at DevSkill.Inventory.Web.Areas.Admin.Controllers.PurchasesController.GetPurchaseReturnsJsonData(PurchaseReturnListModel model) in C:\Users\Nasim Reza\Desktop\Final Project\aspnet-b11-nasim\src\DevSkill.Inventory.sln\DevSkill.Inventory.Web\Areas\Admin\Controllers\PurchasesController.cs:line 103
ClientConnectionId:574ee81f-7d1f-4c43-9a4d-dd2479b9585b
Error Number:2812,State:62,Class:16
2025-06-20 14:52:43.268 +06:00 [ERR] Error loading service data
AutoMapper.AutoMapperMappingException: Missing type map configuration or unsupported mapping.

Mapping types:
ServiceSearchModel -> ServiceSearchDto
DevSkill.Inventory.Web.Areas.Admin.Models.ServicesModels.ServiceSearchModel -> DevSkill.Inventory.Domain.Dtos.ServiceSearchDto
   at lambda_method843(Closure, Object, ServiceSearchDto, ResolutionContext)
   at DevSkill.Inventory.Web.Areas.Admin.Controllers.ServicesController.GetServicesJsonData(ServiceListModel model) in C:\Users\Nasim Reza\Desktop\Final Project\aspnet-b11-nasim\src\DevSkill.Inventory.sln\DevSkill.Inventory.Web\Areas\Admin\Controllers\ServicesController.cs:line 36
2025-06-20 14:52:44.230 +06:00 [ERR] Error loading service sales
Microsoft.Data.SqlClient.SqlException (0x80131904): Procedure or function 'GetServiceSales' expects parameter '@TotalCount', which was not supplied.
   at Microsoft.Data.SqlClient.SqlCommand.<>c.<ExecuteDbDataReaderAsync>b__195_0(Task`1 result)
   at System.Threading.Tasks.ContinuationResultTaskFromResultTask`2.InnerInvoke()
   at System.Threading.ExecutionContext.RunInternal(ExecutionContext executionContext, ContextCallback callback, Object state)
--- End of stack trace from previous location ---
   at System.Threading.ExecutionContext.RunInternal(ExecutionContext executionContext, ContextCallback callback, Object state)
   at System.Threading.Tasks.Task.ExecuteWithThreadLocal(Task& currentTaskSlot, Thread threadPoolThread)
--- End of stack trace from previous location ---
   at DevSkill.Inventory.Infrastructure.Utilities.SqlUtility.ExecuteQueryAsync[TReturn](DbCommand command) in C:\Users\Nasim Reza\Desktop\Final Project\aspnet-b11-nasim\src\DevSkill.Inventory.sln\DevSkill.Inventory.Infrastructure\Utilities\SqlUtility.cs:line 237
   at DevSkill.Inventory.Infrastructure.Utilities.SqlUtility.QueryWithStoredProcedureAsync[TReturn](String storedProcedureName, IDictionary`2 parameters, IDictionary`2 outParameters) in C:\Users\Nasim Reza\Desktop\Final Project\aspnet-b11-nasim\src\DevSkill.Inventory.sln\DevSkill.Inventory.Infrastructure\Utilities\SqlUtility.cs:line 100
   at DevSkill.Inventory.Infrastructure.Utilities.SqlUtility.QueryWithStoredProcedureAsync[TReturn](String storedProcedureName, IDictionary`2 parameters, IDictionary`2 outParameters) in C:\Users\Nasim Reza\Desktop\Final Project\aspnet-b11-nasim\src\DevSkill.Inventory.sln\DevSkill.Inventory.Infrastructure\Utilities\SqlUtility.cs:line 106
   at DevSkill.Inventory.Infrastructure.ApplicationUnitOfWork.GetServiceSalesSP(Int32 pageIndex, Int32 pageSize, String order, ServiceSaleSearchDto search) in C:\Users\Nasim Reza\Desktop\Final Project\aspnet-b11-nasim\src\DevSkill.Inventory.sln\DevSkill.Inventory.Infrastructure\ApplicationUnitOfWork.cs:line 220
   at DevSkill.Inventory.Application.Features.ServiceSales.Queries.GetServiceSalesSPQueryHandler.Handle(GetServiceSalesSPQuery request, CancellationToken cancellationToken) in C:\Users\Nasim Reza\Desktop\Final Project\aspnet-b11-nasim\src\DevSkill.Inventory.sln\DevSkill.Inventory.Application\Features\ServiceSales\Queries\GetServiceSalesSPQueryHandler.cs:line 25
   at DevSkill.Inventory.Web.Areas.Admin.Controllers.ServiceSalesController.GetServiceSalesJsonData(ServiceSaleListModel model) in C:\Users\Nasim Reza\Desktop\Final Project\aspnet-b11-nasim\src\DevSkill.Inventory.sln\DevSkill.Inventory.Web\Areas\Admin\Controllers\ServiceSalesController.cs:line 129
ClientConnectionId:574ee81f-7d1f-4c43-9a4d-dd2479b9585b
Error Number:201,State:4,Class:16
2025-06-20 14:52:45.156 +06:00 [ERR] Error loading quotations
Microsoft.Data.SqlClient.SqlException (0x80131904): @FromDate is not a parameter for procedure GetQuotations.
   at Microsoft.Data.SqlClient.SqlCommand.<>c.<ExecuteDbDataReaderAsync>b__195_0(Task`1 result)
   at System.Threading.Tasks.ContinuationResultTaskFromResultTask`2.InnerInvoke()
   at System.Threading.ExecutionContext.RunInternal(ExecutionContext executionContext, ContextCallback callback, Object state)
--- End of stack trace from previous location ---
   at System.Threading.ExecutionContext.RunInternal(ExecutionContext executionContext, ContextCallback callback, Object state)
   at System.Threading.Tasks.Task.ExecuteWithThreadLocal(Task& currentTaskSlot, Thread threadPoolThread)
--- End of stack trace from previous location ---
   at DevSkill.Inventory.Infrastructure.Utilities.SqlUtility.ExecuteQueryAsync[TReturn](DbCommand command) in C:\Users\Nasim Reza\Desktop\Final Project\aspnet-b11-nasim\src\DevSkill.Inventory.sln\DevSkill.Inventory.Infrastructure\Utilities\SqlUtility.cs:line 237
   at DevSkill.Inventory.Infrastructure.Utilities.SqlUtility.QueryWithStoredProcedureAsync[TReturn](String storedProcedureName, IDictionary`2 parameters, IDictionary`2 outParameters) in C:\Users\Nasim Reza\Desktop\Final Project\aspnet-b11-nasim\src\DevSkill.Inventory.sln\DevSkill.Inventory.Infrastructure\Utilities\SqlUtility.cs:line 100
   at DevSkill.Inventory.Infrastructure.Utilities.SqlUtility.QueryWithStoredProcedureAsync[TReturn](String storedProcedureName, IDictionary`2 parameters, IDictionary`2 outParameters) in C:\Users\Nasim Reza\Desktop\Final Project\aspnet-b11-nasim\src\DevSkill.Inventory.sln\DevSkill.Inventory.Infrastructure\Utilities\SqlUtility.cs:line 106
   at DevSkill.Inventory.Infrastructure.ApplicationUnitOfWork.GetQuotationsSP(Int32 pageIndex, Int32 pageSize, String order, QuotationSearchDto search) in C:\Users\Nasim Reza\Desktop\Final Project\aspnet-b11-nasim\src\DevSkill.Inventory.sln\DevSkill.Inventory.Infrastructure\ApplicationUnitOfWork.cs:line 267
   at DevSkill.Inventory.Application.Features.Quotations.Queries.GetQuotationsSPQueryHandler.Handle(GetQuotationsSPQuery request, CancellationToken cancellationToken) in C:\Users\Nasim Reza\Desktop\Final Project\aspnet-b11-nasim\src\DevSkill.Inventory.sln\DevSkill.Inventory.Application\Features\Quotations\Queries\GetQuotationsSPQueryHandler.cs:line 23
   at DevSkill.Inventory.Web.Areas.Admin.Controllers.QuotationsController.GetQuotationsJsonData(QuotationListModel model) in C:\Users\Nasim Reza\Desktop\Final Project\aspnet-b11-nasim\src\DevSkill.Inventory.sln\DevSkill.Inventory.Web\Areas\Admin\Controllers\QuotationsController.cs:line 47
ClientConnectionId:574ee81f-7d1f-4c43-9a4d-dd2479b9585b
Error Number:8145,State:1,Class:16
2025-06-20 14:52:46.058 +06:00 [ERR] Error loading quotations
Microsoft.Data.SqlClient.SqlException (0x80131904): @FromDate is not a parameter for procedure GetQuotations.
   at Microsoft.Data.SqlClient.SqlCommand.<>c.<ExecuteDbDataReaderAsync>b__195_0(Task`1 result)
   at System.Threading.Tasks.ContinuationResultTaskFromResultTask`2.InnerInvoke()
   at System.Threading.ExecutionContext.RunInternal(ExecutionContext executionContext, ContextCallback callback, Object state)
--- End of stack trace from previous location ---
   at System.Threading.ExecutionContext.RunInternal(ExecutionContext executionContext, ContextCallback callback, Object state)
   at System.Threading.Tasks.Task.ExecuteWithThreadLocal(Task& currentTaskSlot, Thread threadPoolThread)
--- End of stack trace from previous location ---
   at DevSkill.Inventory.Infrastructure.Utilities.SqlUtility.ExecuteQueryAsync[TReturn](DbCommand command) in C:\Users\Nasim Reza\Desktop\Final Project\aspnet-b11-nasim\src\DevSkill.Inventory.sln\DevSkill.Inventory.Infrastructure\Utilities\SqlUtility.cs:line 237
   at DevSkill.Inventory.Infrastructure.Utilities.SqlUtility.QueryWithStoredProcedureAsync[TReturn](String storedProcedureName, IDictionary`2 parameters, IDictionary`2 outParameters) in C:\Users\Nasim Reza\Desktop\Final Project\aspnet-b11-nasim\src\DevSkill.Inventory.sln\DevSkill.Inventory.Infrastructure\Utilities\SqlUtility.cs:line 100
   at DevSkill.Inventory.Infrastructure.Utilities.SqlUtility.QueryWithStoredProcedureAsync[TReturn](String storedProcedureName, IDictionary`2 parameters, IDictionary`2 outParameters) in C:\Users\Nasim Reza\Desktop\Final Project\aspnet-b11-nasim\src\DevSkill.Inventory.sln\DevSkill.Inventory.Infrastructure\Utilities\SqlUtility.cs:line 106
   at DevSkill.Inventory.Infrastructure.ApplicationUnitOfWork.GetQuotationsSP(Int32 pageIndex, Int32 pageSize, String order, QuotationSearchDto search) in C:\Users\Nasim Reza\Desktop\Final Project\aspnet-b11-nasim\src\DevSkill.Inventory.sln\DevSkill.Inventory.Infrastructure\ApplicationUnitOfWork.cs:line 267
   at DevSkill.Inventory.Application.Features.Quotations.Queries.GetQuotationsSPQueryHandler.Handle(GetQuotationsSPQuery request, CancellationToken cancellationToken) in C:\Users\Nasim Reza\Desktop\Final Project\aspnet-b11-nasim\src\DevSkill.Inventory.sln\DevSkill.Inventory.Application\Features\Quotations\Queries\GetQuotationsSPQueryHandler.cs:line 23
   at DevSkill.Inventory.Web.Areas.Admin.Controllers.QuotationsController.GetQuotationsJsonData(QuotationListModel model) in C:\Users\Nasim Reza\Desktop\Final Project\aspnet-b11-nasim\src\DevSkill.Inventory.sln\DevSkill.Inventory.Web\Areas\Admin\Controllers\QuotationsController.cs:line 47
ClientConnectionId:574ee81f-7d1f-4c43-9a4d-dd2479b9585b
Error Number:8145,State:1,Class:16
2025-06-20 14:52:46.453 +06:00 [ERR] Error loading quotations
Microsoft.Data.SqlClient.SqlException (0x80131904): @FromDate is not a parameter for procedure GetQuotations.
   at Microsoft.Data.SqlClient.SqlCommand.<>c.<ExecuteDbDataReaderAsync>b__195_0(Task`1 result)
   at System.Threading.Tasks.ContinuationResultTaskFromResultTask`2.InnerInvoke()
   at System.Threading.ExecutionContext.RunInternal(ExecutionContext executionContext, ContextCallback callback, Object state)
--- End of stack trace from previous location ---
   at System.Threading.ExecutionContext.RunInternal(ExecutionContext executionContext, ContextCallback callback, Object state)
   at System.Threading.Tasks.Task.ExecuteWithThreadLocal(Task& currentTaskSlot, Thread threadPoolThread)
--- End of stack trace from previous location ---
   at DevSkill.Inventory.Infrastructure.Utilities.SqlUtility.ExecuteQueryAsync[TReturn](DbCommand command) in C:\Users\Nasim Reza\Desktop\Final Project\aspnet-b11-nasim\src\DevSkill.Inventory.sln\DevSkill.Inventory.Infrastructure\Utilities\SqlUtility.cs:line 237
   at DevSkill.Inventory.Infrastructure.Utilities.SqlUtility.QueryWithStoredProcedureAsync[TReturn](String storedProcedureName, IDictionary`2 parameters, IDictionary`2 outParameters) in C:\Users\Nasim Reza\Desktop\Final Project\aspnet-b11-nasim\src\DevSkill.Inventory.sln\DevSkill.Inventory.Infrastructure\Utilities\SqlUtility.cs:line 100
   at DevSkill.Inventory.Infrastructure.Utilities.SqlUtility.QueryWithStoredProcedureAsync[TReturn](String storedProcedureName, IDictionary`2 parameters, IDictionary`2 outParameters) in C:\Users\Nasim Reza\Desktop\Final Project\aspnet-b11-nasim\src\DevSkill.Inventory.sln\DevSkill.Inventory.Infrastructure\Utilities\SqlUtility.cs:line 106
   at DevSkill.Inventory.Infrastructure.ApplicationUnitOfWork.GetQuotationsSP(Int32 pageIndex, Int32 pageSize, String order, QuotationSearchDto search) in C:\Users\Nasim Reza\Desktop\Final Project\aspnet-b11-nasim\src\DevSkill.Inventory.sln\DevSkill.Inventory.Infrastructure\ApplicationUnitOfWork.cs:line 267
   at DevSkill.Inventory.Application.Features.Quotations.Queries.GetQuotationsSPQueryHandler.Handle(GetQuotationsSPQuery request, CancellationToken cancellationToken) in C:\Users\Nasim Reza\Desktop\Final Project\aspnet-b11-nasim\src\DevSkill.Inventory.sln\DevSkill.Inventory.Application\Features\Quotations\Queries\GetQuotationsSPQueryHandler.cs:line 23
   at DevSkill.Inventory.Web.Areas.Admin.Controllers.QuotationsController.GetQuotationsJsonData(QuotationListModel model) in C:\Users\Nasim Reza\Desktop\Final Project\aspnet-b11-nasim\src\DevSkill.Inventory.sln\DevSkill.Inventory.Web\Areas\Admin\Controllers\QuotationsController.cs:line 47
ClientConnectionId:574ee81f-7d1f-4c43-9a4d-dd2479b9585b
Error Number:8145,State:1,Class:16
2025-06-20 14:52:46.861 +06:00 [ERR] Error loading quotations
Microsoft.Data.SqlClient.SqlException (0x80131904): @FromDate is not a parameter for procedure GetQuotations.
   at Microsoft.Data.SqlClient.SqlCommand.<>c.<ExecuteDbDataReaderAsync>b__195_0(Task`1 result)
   at System.Threading.Tasks.ContinuationResultTaskFromResultTask`2.InnerInvoke()
   at System.Threading.ExecutionContext.RunInternal(ExecutionContext executionContext, ContextCallback callback, Object state)
--- End of stack trace from previous location ---
   at System.Threading.ExecutionContext.RunInternal(ExecutionContext executionContext, ContextCallback callback, Object state)
   at System.Threading.Tasks.Task.ExecuteWithThreadLocal(Task& currentTaskSlot, Thread threadPoolThread)
--- End of stack trace from previous location ---
   at DevSkill.Inventory.Infrastructure.Utilities.SqlUtility.ExecuteQueryAsync[TReturn](DbCommand command) in C:\Users\Nasim Reza\Desktop\Final Project\aspnet-b11-nasim\src\DevSkill.Inventory.sln\DevSkill.Inventory.Infrastructure\Utilities\SqlUtility.cs:line 237
   at DevSkill.Inventory.Infrastructure.Utilities.SqlUtility.QueryWithStoredProcedureAsync[TReturn](String storedProcedureName, IDictionary`2 parameters, IDictionary`2 outParameters) in C:\Users\Nasim Reza\Desktop\Final Project\aspnet-b11-nasim\src\DevSkill.Inventory.sln\DevSkill.Inventory.Infrastructure\Utilities\SqlUtility.cs:line 100
   at DevSkill.Inventory.Infrastructure.Utilities.SqlUtility.QueryWithStoredProcedureAsync[TReturn](String storedProcedureName, IDictionary`2 parameters, IDictionary`2 outParameters) in C:\Users\Nasim Reza\Desktop\Final Project\aspnet-b11-nasim\src\DevSkill.Inventory.sln\DevSkill.Inventory.Infrastructure\Utilities\SqlUtility.cs:line 106
   at DevSkill.Inventory.Infrastructure.ApplicationUnitOfWork.GetQuotationsSP(Int32 pageIndex, Int32 pageSize, String order, QuotationSearchDto search) in C:\Users\Nasim Reza\Desktop\Final Project\aspnet-b11-nasim\src\DevSkill.Inventory.sln\DevSkill.Inventory.Infrastructure\ApplicationUnitOfWork.cs:line 267
   at DevSkill.Inventory.Application.Features.Quotations.Queries.GetQuotationsSPQueryHandler.Handle(GetQuotationsSPQuery request, CancellationToken cancellationToken) in C:\Users\Nasim Reza\Desktop\Final Project\aspnet-b11-nasim\src\DevSkill.Inventory.sln\DevSkill.Inventory.Application\Features\Quotations\Queries\GetQuotationsSPQueryHandler.cs:line 23
   at DevSkill.Inventory.Web.Areas.Admin.Controllers.QuotationsController.GetQuotationsJsonData(QuotationListModel model) in C:\Users\Nasim Reza\Desktop\Final Project\aspnet-b11-nasim\src\DevSkill.Inventory.sln\DevSkill.Inventory.Web\Areas\Admin\Controllers\QuotationsController.cs:line 47
ClientConnectionId:574ee81f-7d1f-4c43-9a4d-dd2479b9585b
Error Number:8145,State:1,Class:16
2025-06-20 14:59:22.716 +06:00 [INF] Application Starting...17-jan
2025-06-20 14:59:22.740 +06:00 [INF] This is Nasim Reza Hridoy
2025-06-20 14:59:22.740 +06:00 [ERR] An error occurred while starting the application.
2025-06-20 14:59:26.161 +06:00 [FTL] Application crashed
Microsoft.Extensions.Hosting.HostAbortedException: The host was aborted.
   at Microsoft.Extensions.Hosting.HostFactoryResolver.HostingListener.ThrowHostAborted()
   at Microsoft.Extensions.Hosting.HostFactoryResolver.HostingListener.OnNext(KeyValuePair`2 value)
   at System.Diagnostics.DiagnosticListener.Write(String name, Object value)
   at Microsoft.Extensions.Hosting.HostBuilder.ResolveHost(IServiceProvider serviceProvider, DiagnosticListener diagnosticListener)
   at Microsoft.Extensions.Hosting.HostApplicationBuilder.Build()
   at Microsoft.AspNetCore.Builder.WebApplicationBuilder.Build()
   at Program.<Main>$(String[] args) in C:\Users\Nasim Reza\Desktop\Final Project\aspnet-b11-nasim\src\DevSkill.Inventory.sln\DevSkill.Inventory.Web\Program.cs:line 94
2025-06-20 15:00:46.376 +06:00 [INF] Application Starting...17-jan
2025-06-20 15:00:46.400 +06:00 [INF] This is Nasim Reza Hridoy
2025-06-20 15:00:46.400 +06:00 [ERR] An error occurred while starting the application.
2025-06-20 15:00:46.919 +06:00 [FTL] Application crashed
Microsoft.Extensions.Hosting.HostAbortedException: The host was aborted.
   at Microsoft.Extensions.Hosting.HostFactoryResolver.HostingListener.ThrowHostAborted()
   at Microsoft.Extensions.Hosting.HostFactoryResolver.HostingListener.OnNext(KeyValuePair`2 value)
   at System.Diagnostics.DiagnosticListener.Write(String name, Object value)
   at Microsoft.Extensions.Hosting.HostBuilder.ResolveHost(IServiceProvider serviceProvider, DiagnosticListener diagnosticListener)
   at Microsoft.Extensions.Hosting.HostApplicationBuilder.Build()
   at Microsoft.AspNetCore.Builder.WebApplicationBuilder.Build()
   at Program.<Main>$(String[] args) in C:\Users\Nasim Reza\Desktop\Final Project\aspnet-b11-nasim\src\DevSkill.Inventory.sln\DevSkill.Inventory.Web\Program.cs:line 94
2025-06-20 15:01:10.737 +06:00 [INF] Application Starting...17-jan
2025-06-20 15:01:10.767 +06:00 [INF] This is Nasim Reza Hridoy
2025-06-20 15:01:10.768 +06:00 [ERR] An error occurred while starting the application.
2025-06-20 15:01:13.436 +06:00 [INF] This is Nasim Reza
2025-06-20 15:01:13.450 +06:00 [INF] This is a test log entry to verify database logging.
2025-06-20 15:01:20.426 +06:00 [ERR] Error loading service sales
Microsoft.Data.SqlClient.SqlException (0x80131904): Procedure or function 'GetServiceSales' expects parameter '@TotalCount', which was not supplied.
   at Microsoft.Data.SqlClient.SqlCommand.<>c.<ExecuteDbDataReaderAsync>b__195_0(Task`1 result)
   at System.Threading.Tasks.ContinuationResultTaskFromResultTask`2.InnerInvoke()
   at System.Threading.ExecutionContext.RunInternal(ExecutionContext executionContext, ContextCallback callback, Object state)
--- End of stack trace from previous location ---
   at System.Threading.ExecutionContext.RunInternal(ExecutionContext executionContext, ContextCallback callback, Object state)
   at System.Threading.Tasks.Task.ExecuteWithThreadLocal(Task& currentTaskSlot, Thread threadPoolThread)
--- End of stack trace from previous location ---
   at DevSkill.Inventory.Infrastructure.Utilities.SqlUtility.ExecuteQueryAsync[TReturn](DbCommand command) in C:\Users\Nasim Reza\Desktop\Final Project\aspnet-b11-nasim\src\DevSkill.Inventory.sln\DevSkill.Inventory.Infrastructure\Utilities\SqlUtility.cs:line 237
   at DevSkill.Inventory.Infrastructure.Utilities.SqlUtility.QueryWithStoredProcedureAsync[TReturn](String storedProcedureName, IDictionary`2 parameters, IDictionary`2 outParameters) in C:\Users\Nasim Reza\Desktop\Final Project\aspnet-b11-nasim\src\DevSkill.Inventory.sln\DevSkill.Inventory.Infrastructure\Utilities\SqlUtility.cs:line 100
   at DevSkill.Inventory.Infrastructure.Utilities.SqlUtility.QueryWithStoredProcedureAsync[TReturn](String storedProcedureName, IDictionary`2 parameters, IDictionary`2 outParameters) in C:\Users\Nasim Reza\Desktop\Final Project\aspnet-b11-nasim\src\DevSkill.Inventory.sln\DevSkill.Inventory.Infrastructure\Utilities\SqlUtility.cs:line 106
   at DevSkill.Inventory.Infrastructure.ApplicationUnitOfWork.GetServiceSalesSP(Int32 pageIndex, Int32 pageSize, String order, ServiceSaleSearchDto search) in C:\Users\Nasim Reza\Desktop\Final Project\aspnet-b11-nasim\src\DevSkill.Inventory.sln\DevSkill.Inventory.Infrastructure\ApplicationUnitOfWork.cs:line 220
   at DevSkill.Inventory.Application.Features.ServiceSales.Queries.GetServiceSalesSPQueryHandler.Handle(GetServiceSalesSPQuery request, CancellationToken cancellationToken) in C:\Users\Nasim Reza\Desktop\Final Project\aspnet-b11-nasim\src\DevSkill.Inventory.sln\DevSkill.Inventory.Application\Features\ServiceSales\Queries\GetServiceSalesSPQueryHandler.cs:line 25
   at DevSkill.Inventory.Web.Areas.Admin.Controllers.ServiceSalesController.GetServiceSalesJsonData(ServiceSaleListModel model) in C:\Users\Nasim Reza\Desktop\Final Project\aspnet-b11-nasim\src\DevSkill.Inventory.sln\DevSkill.Inventory.Web\Areas\Admin\Controllers\ServiceSalesController.cs:line 129
ClientConnectionId:9edce825-cd16-475c-81c3-998cbe1f86f0
Error Number:201,State:4,Class:16
2025-06-20 15:01:21.386 +06:00 [ERR] Error loading quotations
Microsoft.Data.SqlClient.SqlException (0x80131904): @FromDate is not a parameter for procedure GetQuotations.
   at Microsoft.Data.SqlClient.SqlCommand.<>c.<ExecuteDbDataReaderAsync>b__195_0(Task`1 result)
   at System.Threading.Tasks.ContinuationResultTaskFromResultTask`2.InnerInvoke()
   at System.Threading.ExecutionContext.RunInternal(ExecutionContext executionContext, ContextCallback callback, Object state)
--- End of stack trace from previous location ---
   at System.Threading.ExecutionContext.RunInternal(ExecutionContext executionContext, ContextCallback callback, Object state)
   at System.Threading.Tasks.Task.ExecuteWithThreadLocal(Task& currentTaskSlot, Thread threadPoolThread)
--- End of stack trace from previous location ---
   at DevSkill.Inventory.Infrastructure.Utilities.SqlUtility.ExecuteQueryAsync[TReturn](DbCommand command) in C:\Users\Nasim Reza\Desktop\Final Project\aspnet-b11-nasim\src\DevSkill.Inventory.sln\DevSkill.Inventory.Infrastructure\Utilities\SqlUtility.cs:line 237
   at DevSkill.Inventory.Infrastructure.Utilities.SqlUtility.QueryWithStoredProcedureAsync[TReturn](String storedProcedureName, IDictionary`2 parameters, IDictionary`2 outParameters) in C:\Users\Nasim Reza\Desktop\Final Project\aspnet-b11-nasim\src\DevSkill.Inventory.sln\DevSkill.Inventory.Infrastructure\Utilities\SqlUtility.cs:line 100
   at DevSkill.Inventory.Infrastructure.Utilities.SqlUtility.QueryWithStoredProcedureAsync[TReturn](String storedProcedureName, IDictionary`2 parameters, IDictionary`2 outParameters) in C:\Users\Nasim Reza\Desktop\Final Project\aspnet-b11-nasim\src\DevSkill.Inventory.sln\DevSkill.Inventory.Infrastructure\Utilities\SqlUtility.cs:line 106
   at DevSkill.Inventory.Infrastructure.ApplicationUnitOfWork.GetQuotationsSP(Int32 pageIndex, Int32 pageSize, String order, QuotationSearchDto search) in C:\Users\Nasim Reza\Desktop\Final Project\aspnet-b11-nasim\src\DevSkill.Inventory.sln\DevSkill.Inventory.Infrastructure\ApplicationUnitOfWork.cs:line 267
   at DevSkill.Inventory.Application.Features.Quotations.Queries.GetQuotationsSPQueryHandler.Handle(GetQuotationsSPQuery request, CancellationToken cancellationToken) in C:\Users\Nasim Reza\Desktop\Final Project\aspnet-b11-nasim\src\DevSkill.Inventory.sln\DevSkill.Inventory.Application\Features\Quotations\Queries\GetQuotationsSPQueryHandler.cs:line 23
   at DevSkill.Inventory.Web.Areas.Admin.Controllers.QuotationsController.GetQuotationsJsonData(QuotationListModel model) in C:\Users\Nasim Reza\Desktop\Final Project\aspnet-b11-nasim\src\DevSkill.Inventory.sln\DevSkill.Inventory.Web\Areas\Admin\Controllers\QuotationsController.cs:line 47
ClientConnectionId:9edce825-cd16-475c-81c3-998cbe1f86f0
Error Number:8145,State:1,Class:16
2025-06-20 15:05:55.417 +06:00 [INF] Application Starting...17-jan
2025-06-20 15:05:55.451 +06:00 [INF] This is Nasim Reza Hridoy
2025-06-20 15:05:55.451 +06:00 [ERR] An error occurred while starting the application.
2025-06-20 15:05:57.701 +06:00 [INF] This is Nasim Reza
2025-06-20 15:05:57.722 +06:00 [INF] This is a test log entry to verify database logging.
2025-06-20 15:06:05.961 +06:00 [ERR] Error loading quotations
Microsoft.Data.SqlClient.SqlException (0x80131904): @FromDate is not a parameter for procedure GetQuotations.
   at Microsoft.Data.SqlClient.SqlCommand.<>c.<ExecuteDbDataReaderAsync>b__195_0(Task`1 result)
   at System.Threading.Tasks.ContinuationResultTaskFromResultTask`2.InnerInvoke()
   at System.Threading.ExecutionContext.RunInternal(ExecutionContext executionContext, ContextCallback callback, Object state)
--- End of stack trace from previous location ---
   at System.Threading.ExecutionContext.RunInternal(ExecutionContext executionContext, ContextCallback callback, Object state)
   at System.Threading.Tasks.Task.ExecuteWithThreadLocal(Task& currentTaskSlot, Thread threadPoolThread)
--- End of stack trace from previous location ---
   at DevSkill.Inventory.Infrastructure.Utilities.SqlUtility.ExecuteQueryAsync[TReturn](DbCommand command) in C:\Users\Nasim Reza\Desktop\Final Project\aspnet-b11-nasim\src\DevSkill.Inventory.sln\DevSkill.Inventory.Infrastructure\Utilities\SqlUtility.cs:line 237
   at DevSkill.Inventory.Infrastructure.Utilities.SqlUtility.QueryWithStoredProcedureAsync[TReturn](String storedProcedureName, IDictionary`2 parameters, IDictionary`2 outParameters) in C:\Users\Nasim Reza\Desktop\Final Project\aspnet-b11-nasim\src\DevSkill.Inventory.sln\DevSkill.Inventory.Infrastructure\Utilities\SqlUtility.cs:line 100
   at DevSkill.Inventory.Infrastructure.Utilities.SqlUtility.QueryWithStoredProcedureAsync[TReturn](String storedProcedureName, IDictionary`2 parameters, IDictionary`2 outParameters) in C:\Users\Nasim Reza\Desktop\Final Project\aspnet-b11-nasim\src\DevSkill.Inventory.sln\DevSkill.Inventory.Infrastructure\Utilities\SqlUtility.cs:line 106
   at DevSkill.Inventory.Infrastructure.ApplicationUnitOfWork.GetQuotationsSP(Int32 pageIndex, Int32 pageSize, String order, QuotationSearchDto search) in C:\Users\Nasim Reza\Desktop\Final Project\aspnet-b11-nasim\src\DevSkill.Inventory.sln\DevSkill.Inventory.Infrastructure\ApplicationUnitOfWork.cs:line 267
   at DevSkill.Inventory.Application.Features.Quotations.Queries.GetQuotationsSPQueryHandler.Handle(GetQuotationsSPQuery request, CancellationToken cancellationToken) in C:\Users\Nasim Reza\Desktop\Final Project\aspnet-b11-nasim\src\DevSkill.Inventory.sln\DevSkill.Inventory.Application\Features\Quotations\Queries\GetQuotationsSPQueryHandler.cs:line 23
   at DevSkill.Inventory.Web.Areas.Admin.Controllers.QuotationsController.GetQuotationsJsonData(QuotationListModel model) in C:\Users\Nasim Reza\Desktop\Final Project\aspnet-b11-nasim\src\DevSkill.Inventory.sln\DevSkill.Inventory.Web\Areas\Admin\Controllers\QuotationsController.cs:line 47
ClientConnectionId:7d86443b-d94b-488a-9371-e20bbff13c39
Error Number:8145,State:1,Class:16
2025-06-20 15:06:07.106 +06:00 [ERR] Error loading purchase returns
Microsoft.Data.SqlClient.SqlException (0x80131904): Could not find stored procedure 'GetPurchaseReturns'.
   at Microsoft.Data.SqlClient.SqlCommand.<>c.<ExecuteDbDataReaderAsync>b__195_0(Task`1 result)
   at System.Threading.Tasks.ContinuationResultTaskFromResultTask`2.InnerInvoke()
   at System.Threading.ExecutionContext.RunInternal(ExecutionContext executionContext, ContextCallback callback, Object state)
--- End of stack trace from previous location ---
   at System.Threading.ExecutionContext.RunInternal(ExecutionContext executionContext, ContextCallback callback, Object state)
   at System.Threading.Tasks.Task.ExecuteWithThreadLocal(Task& currentTaskSlot, Thread threadPoolThread)
--- End of stack trace from previous location ---
   at DevSkill.Inventory.Infrastructure.Utilities.SqlUtility.ExecuteQueryAsync[TReturn](DbCommand command) in C:\Users\Nasim Reza\Desktop\Final Project\aspnet-b11-nasim\src\DevSkill.Inventory.sln\DevSkill.Inventory.Infrastructure\Utilities\SqlUtility.cs:line 237
   at DevSkill.Inventory.Infrastructure.Utilities.SqlUtility.QueryWithStoredProcedureAsync[TReturn](String storedProcedureName, IDictionary`2 parameters, IDictionary`2 outParameters) in C:\Users\Nasim Reza\Desktop\Final Project\aspnet-b11-nasim\src\DevSkill.Inventory.sln\DevSkill.Inventory.Infrastructure\Utilities\SqlUtility.cs:line 100
   at DevSkill.Inventory.Infrastructure.Utilities.SqlUtility.QueryWithStoredProcedureAsync[TReturn](String storedProcedureName, IDictionary`2 parameters, IDictionary`2 outParameters) in C:\Users\Nasim Reza\Desktop\Final Project\aspnet-b11-nasim\src\DevSkill.Inventory.sln\DevSkill.Inventory.Infrastructure\Utilities\SqlUtility.cs:line 106
   at DevSkill.Inventory.Infrastructure.ApplicationUnitOfWork.GetPurchaseReturnsSP(Int32 pageIndex, Int32 pageSize, String order, PurchaseReturnSearchDto search) in C:\Users\Nasim Reza\Desktop\Final Project\aspnet-b11-nasim\src\DevSkill.Inventory.sln\DevSkill.Inventory.Infrastructure\ApplicationUnitOfWork.cs:line 172
   at DevSkill.Inventory.Application.Features.PurchaseReturns.Queries.GetPurchaseReturnsSPQueryHandler.Handle(GetPurchaseReturnsSPQuery request, CancellationToken cancellationToken) in C:\Users\Nasim Reza\Desktop\Final Project\aspnet-b11-nasim\src\DevSkill.Inventory.sln\DevSkill.Inventory.Application\Features\PurchaseReturns\Queries\GetPurchaseReturnsSPQueryHandler.cs:line 23
   at DevSkill.Inventory.Web.Areas.Admin.Controllers.PurchasesController.GetPurchaseReturnsJsonData(PurchaseReturnListModel model) in C:\Users\Nasim Reza\Desktop\Final Project\aspnet-b11-nasim\src\DevSkill.Inventory.sln\DevSkill.Inventory.Web\Areas\Admin\Controllers\PurchasesController.cs:line 103
ClientConnectionId:7d86443b-d94b-488a-9371-e20bbff13c39
Error Number:2812,State:62,Class:16
2025-06-20 15:06:08.228 +06:00 [ERR] Error loading service data
AutoMapper.AutoMapperMappingException: Missing type map configuration or unsupported mapping.

Mapping types:
ServiceSearchModel -> ServiceSearchDto
DevSkill.Inventory.Web.Areas.Admin.Models.ServicesModels.ServiceSearchModel -> DevSkill.Inventory.Domain.Dtos.ServiceSearchDto
   at lambda_method845(Closure, Object, ServiceSearchDto, ResolutionContext)
   at DevSkill.Inventory.Web.Areas.Admin.Controllers.ServicesController.GetServicesJsonData(ServiceListModel model) in C:\Users\Nasim Reza\Desktop\Final Project\aspnet-b11-nasim\src\DevSkill.Inventory.sln\DevSkill.Inventory.Web\Areas\Admin\Controllers\ServicesController.cs:line 36
2025-06-20 15:06:08.830 +06:00 [ERR] Error loading service data
AutoMapper.AutoMapperMappingException: Missing type map configuration or unsupported mapping.

Mapping types:
ServiceSearchModel -> ServiceSearchDto
DevSkill.Inventory.Web.Areas.Admin.Models.ServicesModels.ServiceSearchModel -> DevSkill.Inventory.Domain.Dtos.ServiceSearchDto
   at lambda_method845(Closure, Object, ServiceSearchDto, ResolutionContext)
   at DevSkill.Inventory.Web.Areas.Admin.Controllers.ServicesController.GetServicesJsonData(ServiceListModel model) in C:\Users\Nasim Reza\Desktop\Final Project\aspnet-b11-nasim\src\DevSkill.Inventory.sln\DevSkill.Inventory.Web\Areas\Admin\Controllers\ServicesController.cs:line 36
2025-06-20 15:06:26.590 +06:00 [ERR] Error loading service data
AutoMapper.AutoMapperMappingException: Missing type map configuration or unsupported mapping.

Mapping types:
ServiceSearchModel -> ServiceSearchDto
DevSkill.Inventory.Web.Areas.Admin.Models.ServicesModels.ServiceSearchModel -> DevSkill.Inventory.Domain.Dtos.ServiceSearchDto
   at lambda_method845(Closure, Object, ServiceSearchDto, ResolutionContext)
   at DevSkill.Inventory.Web.Areas.Admin.Controllers.ServicesController.GetServicesJsonData(ServiceListModel model) in C:\Users\Nasim Reza\Desktop\Final Project\aspnet-b11-nasim\src\DevSkill.Inventory.sln\DevSkill.Inventory.Web\Areas\Admin\Controllers\ServicesController.cs:line 36
2025-06-20 15:06:27.174 +06:00 [ERR] Error loading service data
AutoMapper.AutoMapperMappingException: Missing type map configuration or unsupported mapping.

Mapping types:
ServiceSearchModel -> ServiceSearchDto
DevSkill.Inventory.Web.Areas.Admin.Models.ServicesModels.ServiceSearchModel -> DevSkill.Inventory.Domain.Dtos.ServiceSearchDto
   at lambda_method845(Closure, Object, ServiceSearchDto, ResolutionContext)
   at DevSkill.Inventory.Web.Areas.Admin.Controllers.ServicesController.GetServicesJsonData(ServiceListModel model) in C:\Users\Nasim Reza\Desktop\Final Project\aspnet-b11-nasim\src\DevSkill.Inventory.sln\DevSkill.Inventory.Web\Areas\Admin\Controllers\ServicesController.cs:line 36
2025-06-20 15:06:27.522 +06:00 [ERR] Error loading service data
AutoMapper.AutoMapperMappingException: Missing type map configuration or unsupported mapping.

Mapping types:
ServiceSearchModel -> ServiceSearchDto
DevSkill.Inventory.Web.Areas.Admin.Models.ServicesModels.ServiceSearchModel -> DevSkill.Inventory.Domain.Dtos.ServiceSearchDto
   at lambda_method845(Closure, Object, ServiceSearchDto, ResolutionContext)
   at DevSkill.Inventory.Web.Areas.Admin.Controllers.ServicesController.GetServicesJsonData(ServiceListModel model) in C:\Users\Nasim Reza\Desktop\Final Project\aspnet-b11-nasim\src\DevSkill.Inventory.sln\DevSkill.Inventory.Web\Areas\Admin\Controllers\ServicesController.cs:line 36
2025-06-20 15:06:27.865 +06:00 [ERR] Error loading service data
AutoMapper.AutoMapperMappingException: Missing type map configuration or unsupported mapping.

Mapping types:
ServiceSearchModel -> ServiceSearchDto
DevSkill.Inventory.Web.Areas.Admin.Models.ServicesModels.ServiceSearchModel -> DevSkill.Inventory.Domain.Dtos.ServiceSearchDto
   at lambda_method845(Closure, Object, ServiceSearchDto, ResolutionContext)
   at DevSkill.Inventory.Web.Areas.Admin.Controllers.ServicesController.GetServicesJsonData(ServiceListModel model) in C:\Users\Nasim Reza\Desktop\Final Project\aspnet-b11-nasim\src\DevSkill.Inventory.sln\DevSkill.Inventory.Web\Areas\Admin\Controllers\ServicesController.cs:line 36
2025-06-20 15:06:28.252 +06:00 [ERR] Error loading service data
AutoMapper.AutoMapperMappingException: Missing type map configuration or unsupported mapping.

Mapping types:
ServiceSearchModel -> ServiceSearchDto
DevSkill.Inventory.Web.Areas.Admin.Models.ServicesModels.ServiceSearchModel -> DevSkill.Inventory.Domain.Dtos.ServiceSearchDto
   at lambda_method845(Closure, Object, ServiceSearchDto, ResolutionContext)
   at DevSkill.Inventory.Web.Areas.Admin.Controllers.ServicesController.GetServicesJsonData(ServiceListModel model) in C:\Users\Nasim Reza\Desktop\Final Project\aspnet-b11-nasim\src\DevSkill.Inventory.sln\DevSkill.Inventory.Web\Areas\Admin\Controllers\ServicesController.cs:line 36
2025-06-20 15:06:29.896 +06:00 [ERR] Error loading quotations
Microsoft.Data.SqlClient.SqlException (0x80131904): @FromDate is not a parameter for procedure GetQuotations.
   at Microsoft.Data.SqlClient.SqlCommand.<>c.<ExecuteDbDataReaderAsync>b__195_0(Task`1 result)
   at System.Threading.Tasks.ContinuationResultTaskFromResultTask`2.InnerInvoke()
   at System.Threading.ExecutionContext.RunInternal(ExecutionContext executionContext, ContextCallback callback, Object state)
--- End of stack trace from previous location ---
   at System.Threading.ExecutionContext.RunInternal(ExecutionContext executionContext, ContextCallback callback, Object state)
   at System.Threading.Tasks.Task.ExecuteWithThreadLocal(Task& currentTaskSlot, Thread threadPoolThread)
--- End of stack trace from previous location ---
   at DevSkill.Inventory.Infrastructure.Utilities.SqlUtility.ExecuteQueryAsync[TReturn](DbCommand command) in C:\Users\Nasim Reza\Desktop\Final Project\aspnet-b11-nasim\src\DevSkill.Inventory.sln\DevSkill.Inventory.Infrastructure\Utilities\SqlUtility.cs:line 237
   at DevSkill.Inventory.Infrastructure.Utilities.SqlUtility.QueryWithStoredProcedureAsync[TReturn](String storedProcedureName, IDictionary`2 parameters, IDictionary`2 outParameters) in C:\Users\Nasim Reza\Desktop\Final Project\aspnet-b11-nasim\src\DevSkill.Inventory.sln\DevSkill.Inventory.Infrastructure\Utilities\SqlUtility.cs:line 100
   at DevSkill.Inventory.Infrastructure.Utilities.SqlUtility.QueryWithStoredProcedureAsync[TReturn](String storedProcedureName, IDictionary`2 parameters, IDictionary`2 outParameters) in C:\Users\Nasim Reza\Desktop\Final Project\aspnet-b11-nasim\src\DevSkill.Inventory.sln\DevSkill.Inventory.Infrastructure\Utilities\SqlUtility.cs:line 106
   at DevSkill.Inventory.Infrastructure.ApplicationUnitOfWork.GetQuotationsSP(Int32 pageIndex, Int32 pageSize, String order, QuotationSearchDto search) in C:\Users\Nasim Reza\Desktop\Final Project\aspnet-b11-nasim\src\DevSkill.Inventory.sln\DevSkill.Inventory.Infrastructure\ApplicationUnitOfWork.cs:line 267
   at DevSkill.Inventory.Application.Features.Quotations.Queries.GetQuotationsSPQueryHandler.Handle(GetQuotationsSPQuery request, CancellationToken cancellationToken) in C:\Users\Nasim Reza\Desktop\Final Project\aspnet-b11-nasim\src\DevSkill.Inventory.sln\DevSkill.Inventory.Application\Features\Quotations\Queries\GetQuotationsSPQueryHandler.cs:line 23
   at DevSkill.Inventory.Web.Areas.Admin.Controllers.QuotationsController.GetQuotationsJsonData(QuotationListModel model) in C:\Users\Nasim Reza\Desktop\Final Project\aspnet-b11-nasim\src\DevSkill.Inventory.sln\DevSkill.Inventory.Web\Areas\Admin\Controllers\QuotationsController.cs:line 47
ClientConnectionId:7d86443b-d94b-488a-9371-e20bbff13c39
Error Number:8145,State:1,Class:16
2025-06-20 15:06:30.795 +06:00 [ERR] Error loading quotations
Microsoft.Data.SqlClient.SqlException (0x80131904): @FromDate is not a parameter for procedure GetQuotations.
   at Microsoft.Data.SqlClient.SqlCommand.<>c.<ExecuteDbDataReaderAsync>b__195_0(Task`1 result)
   at System.Threading.Tasks.ContinuationResultTaskFromResultTask`2.InnerInvoke()
   at System.Threading.ExecutionContext.RunInternal(ExecutionContext executionContext, ContextCallback callback, Object state)
--- End of stack trace from previous location ---
   at System.Threading.ExecutionContext.RunInternal(ExecutionContext executionContext, ContextCallback callback, Object state)
   at System.Threading.Tasks.Task.ExecuteWithThreadLocal(Task& currentTaskSlot, Thread threadPoolThread)
--- End of stack trace from previous location ---
   at DevSkill.Inventory.Infrastructure.Utilities.SqlUtility.ExecuteQueryAsync[TReturn](DbCommand command) in C:\Users\Nasim Reza\Desktop\Final Project\aspnet-b11-nasim\src\DevSkill.Inventory.sln\DevSkill.Inventory.Infrastructure\Utilities\SqlUtility.cs:line 237
   at DevSkill.Inventory.Infrastructure.Utilities.SqlUtility.QueryWithStoredProcedureAsync[TReturn](String storedProcedureName, IDictionary`2 parameters, IDictionary`2 outParameters) in C:\Users\Nasim Reza\Desktop\Final Project\aspnet-b11-nasim\src\DevSkill.Inventory.sln\DevSkill.Inventory.Infrastructure\Utilities\SqlUtility.cs:line 100
   at DevSkill.Inventory.Infrastructure.Utilities.SqlUtility.QueryWithStoredProcedureAsync[TReturn](String storedProcedureName, IDictionary`2 parameters, IDictionary`2 outParameters) in C:\Users\Nasim Reza\Desktop\Final Project\aspnet-b11-nasim\src\DevSkill.Inventory.sln\DevSkill.Inventory.Infrastructure\Utilities\SqlUtility.cs:line 106
   at DevSkill.Inventory.Infrastructure.ApplicationUnitOfWork.GetQuotationsSP(Int32 pageIndex, Int32 pageSize, String order, QuotationSearchDto search) in C:\Users\Nasim Reza\Desktop\Final Project\aspnet-b11-nasim\src\DevSkill.Inventory.sln\DevSkill.Inventory.Infrastructure\ApplicationUnitOfWork.cs:line 267
   at DevSkill.Inventory.Application.Features.Quotations.Queries.GetQuotationsSPQueryHandler.Handle(GetQuotationsSPQuery request, CancellationToken cancellationToken) in C:\Users\Nasim Reza\Desktop\Final Project\aspnet-b11-nasim\src\DevSkill.Inventory.sln\DevSkill.Inventory.Application\Features\Quotations\Queries\GetQuotationsSPQueryHandler.cs:line 23
   at DevSkill.Inventory.Web.Areas.Admin.Controllers.QuotationsController.GetQuotationsJsonData(QuotationListModel model) in C:\Users\Nasim Reza\Desktop\Final Project\aspnet-b11-nasim\src\DevSkill.Inventory.sln\DevSkill.Inventory.Web\Areas\Admin\Controllers\QuotationsController.cs:line 47
ClientConnectionId:7d86443b-d94b-488a-9371-e20bbff13c39
Error Number:8145,State:1,Class:16
2025-06-20 15:06:31.278 +06:00 [ERR] Error loading quotations
Microsoft.Data.SqlClient.SqlException (0x80131904): @FromDate is not a parameter for procedure GetQuotations.
   at Microsoft.Data.SqlClient.SqlCommand.<>c.<ExecuteDbDataReaderAsync>b__195_0(Task`1 result)
   at System.Threading.Tasks.ContinuationResultTaskFromResultTask`2.InnerInvoke()
   at System.Threading.ExecutionContext.RunInternal(ExecutionContext executionContext, ContextCallback callback, Object state)
--- End of stack trace from previous location ---
   at System.Threading.ExecutionContext.RunInternal(ExecutionContext executionContext, ContextCallback callback, Object state)
   at System.Threading.Tasks.Task.ExecuteWithThreadLocal(Task& currentTaskSlot, Thread threadPoolThread)
--- End of stack trace from previous location ---
   at DevSkill.Inventory.Infrastructure.Utilities.SqlUtility.ExecuteQueryAsync[TReturn](DbCommand command) in C:\Users\Nasim Reza\Desktop\Final Project\aspnet-b11-nasim\src\DevSkill.Inventory.sln\DevSkill.Inventory.Infrastructure\Utilities\SqlUtility.cs:line 237
   at DevSkill.Inventory.Infrastructure.Utilities.SqlUtility.QueryWithStoredProcedureAsync[TReturn](String storedProcedureName, IDictionary`2 parameters, IDictionary`2 outParameters) in C:\Users\Nasim Reza\Desktop\Final Project\aspnet-b11-nasim\src\DevSkill.Inventory.sln\DevSkill.Inventory.Infrastructure\Utilities\SqlUtility.cs:line 100
   at DevSkill.Inventory.Infrastructure.Utilities.SqlUtility.QueryWithStoredProcedureAsync[TReturn](String storedProcedureName, IDictionary`2 parameters, IDictionary`2 outParameters) in C:\Users\Nasim Reza\Desktop\Final Project\aspnet-b11-nasim\src\DevSkill.Inventory.sln\DevSkill.Inventory.Infrastructure\Utilities\SqlUtility.cs:line 106
   at DevSkill.Inventory.Infrastructure.ApplicationUnitOfWork.GetQuotationsSP(Int32 pageIndex, Int32 pageSize, String order, QuotationSearchDto search) in C:\Users\Nasim Reza\Desktop\Final Project\aspnet-b11-nasim\src\DevSkill.Inventory.sln\DevSkill.Inventory.Infrastructure\ApplicationUnitOfWork.cs:line 267
   at DevSkill.Inventory.Application.Features.Quotations.Queries.GetQuotationsSPQueryHandler.Handle(GetQuotationsSPQuery request, CancellationToken cancellationToken) in C:\Users\Nasim Reza\Desktop\Final Project\aspnet-b11-nasim\src\DevSkill.Inventory.sln\DevSkill.Inventory.Application\Features\Quotations\Queries\GetQuotationsSPQueryHandler.cs:line 23
   at DevSkill.Inventory.Web.Areas.Admin.Controllers.QuotationsController.GetQuotationsJsonData(QuotationListModel model) in C:\Users\Nasim Reza\Desktop\Final Project\aspnet-b11-nasim\src\DevSkill.Inventory.sln\DevSkill.Inventory.Web\Areas\Admin\Controllers\QuotationsController.cs:line 47
ClientConnectionId:7d86443b-d94b-488a-9371-e20bbff13c39
Error Number:8145,State:1,Class:16
2025-06-20 16:01:55.623 +06:00 [INF] Application Starting...17-jan
2025-06-20 16:01:55.660 +06:00 [INF] This is Nasim Reza Hridoy
2025-06-20 16:01:55.660 +06:00 [ERR] An error occurred while starting the application.
2025-06-20 16:01:58.095 +06:00 [INF] This is Nasim Reza
2025-06-20 16:01:58.115 +06:00 [INF] This is a test log entry to verify database logging.
2025-06-20 16:04:47.081 +06:00 [ERR] An unhandled exception has occurred while executing the request.
Autofac.Core.DependencyResolutionException: An exception was thrown while activating DevSkill.Inventory.Application.Features.MoneyReceipts.Queries.GetMoneyReceiptByIdQueryHandler.
 ---> Autofac.Core.DependencyResolutionException: None of the constructors found on type 'DevSkill.Inventory.Application.Features.MoneyReceipts.Queries.GetMoneyReceiptByIdQueryHandler' can be invoked with the available services and parameters:
Cannot resolve parameter 'DevSkill.Inventory.Domain.Repositories.IMoneyReceiptRepository repository' of constructor 'Void .ctor(DevSkill.Inventory.Domain.Repositories.IMoneyReceiptRepository)'.

See https://autofac.rtfd.io/help/no-constructors-bindable for more info.
   at Autofac.Core.Activators.Reflection.ReflectionActivator.<>c__DisplayClass14_0.<UseSingleConstructorActivation>b__0(ResolveRequestContext context, Action`1 next)
   at Autofac.Core.Resolving.Middleware.DelegateMiddleware.Execute(ResolveRequestContext context, Action`1 next)
   at Autofac.Core.Resolving.Middleware.DisposalTrackingMiddleware.Execute(ResolveRequestContext context, Action`1 next)
   at Autofac.Extensions.DependencyInjection.KeyedServiceMiddleware.Execute(ResolveRequestContext context, Action`1 next)
   at Autofac.Core.Resolving.Middleware.ActivatorErrorHandlingMiddleware.Execute(ResolveRequestContext context, Action`1 next)
   --- End of inner exception stack trace ---
   at Autofac.Core.Resolving.Middleware.ActivatorErrorHandlingMiddleware.Execute(ResolveRequestContext context, Action`1 next)
   at Autofac.Core.Pipeline.ResolvePipeline.Invoke(ResolveRequestContext context)
   at Autofac.Core.Resolving.Middleware.RegistrationPipelineInvokeMiddleware.Execute(ResolveRequestContext context, Action`1 next)
   at Autofac.Core.Resolving.Middleware.SharingMiddleware.Execute(ResolveRequestContext context, Action`1 next)
   at Autofac.Core.Resolving.Middleware.CircularDependencyDetectorMiddleware.Execute(ResolveRequestContext context, Action`1 next)
   at Autofac.Core.Pipeline.ResolvePipeline.Invoke(ResolveRequestContext context)
   at Autofac.Core.Resolving.ResolveOperation.GetOrCreateInstance(ISharingLifetimeScope currentOperationScope, ResolveRequest& request)
   at Autofac.Core.Resolving.ResolveOperation.ExecuteOperation(ResolveRequest& request)
   at Autofac.Core.Resolving.ResolveOperation.Execute(ResolveRequest& request)
   at Autofac.Core.Lifetime.LifetimeScope.ResolveComponent(ResolveRequest& request)
   at Autofac.Core.Lifetime.LifetimeScope.Autofac.IComponentContext.ResolveComponent(ResolveRequest& request)
   at Autofac.ResolutionExtensions.TryResolveService(IComponentContext context, Service service, IEnumerable`1 parameters, Object& instance)
   at Autofac.ResolutionExtensions.ResolveService(IComponentContext context, Service service, IEnumerable`1 parameters)
   at Autofac.ResolutionExtensions.Resolve(IComponentContext context, Type serviceType, IEnumerable`1 parameters)
   at Autofac.ResolutionExtensions.Resolve(IComponentContext context, Type serviceType)
   at Autofac.Extensions.DependencyInjection.AutofacServiceProvider.GetRequiredService(Type serviceType)
   at Microsoft.Extensions.DependencyInjection.ServiceProviderServiceExtensions.GetRequiredService[T](IServiceProvider provider)
   at MediatR.Wrappers.RequestHandlerWrapperImpl`2.<>c__DisplayClass1_0.<Handle>g__Handler|0(CancellationToken t)
   at MediatR.Wrappers.RequestHandlerWrapperImpl`2.Handle(IRequest`1 request, IServiceProvider serviceProvider, CancellationToken cancellationToken)
   at MediatR.Mediator.Send[TResponse](IRequest`1 request, CancellationToken cancellationToken)
   at DevSkill.Inventory.Web.Areas.Admin.Controllers.MoneyReceiptsController.ViewMoneyReceipt(Guid id)
   at Microsoft.AspNetCore.Mvc.Infrastructure.ActionMethodExecutor.TaskOfIActionResultExecutor.Execute(ActionContext actionContext, IActionResultTypeMapper mapper, ObjectMethodExecutor executor, Object controller, Object[] arguments)
   at Microsoft.AspNetCore.Mvc.Infrastructure.ControllerActionInvoker.<InvokeActionMethodAsync>g__Awaited|12_0(ControllerActionInvoker invoker, ValueTask`1 actionResultValueTask)
   at Microsoft.AspNetCore.Mvc.Infrastructure.ControllerActionInvoker.<InvokeNextActionFilterAsync>g__Awaited|10_0(ControllerActionInvoker invoker, Task lastTask, State next, Scope scope, Object state, Boolean isCompleted)
   at Microsoft.AspNetCore.Mvc.Infrastructure.ControllerActionInvoker.Rethrow(ActionExecutedContextSealed context)
   at Microsoft.AspNetCore.Mvc.Infrastructure.ControllerActionInvoker.Next(State& next, Scope& scope, Object& state, Boolean& isCompleted)
   at Microsoft.AspNetCore.Mvc.Infrastructure.ControllerActionInvoker.InvokeInnerFilterAsync()
--- End of stack trace from previous location ---
   at Microsoft.AspNetCore.Mvc.Infrastructure.ResourceInvoker.<InvokeNextResourceFilter>g__Awaited|25_0(ResourceInvoker invoker, Task lastTask, State next, Scope scope, Object state, Boolean isCompleted)
   at Microsoft.AspNetCore.Mvc.Infrastructure.ResourceInvoker.Rethrow(ResourceExecutedContextSealed context)
   at Microsoft.AspNetCore.Mvc.Infrastructure.ResourceInvoker.Next(State& next, Scope& scope, Object& state, Boolean& isCompleted)
   at Microsoft.AspNetCore.Mvc.Infrastructure.ResourceInvoker.InvokeFilterPipelineAsync()
--- End of stack trace from previous location ---
   at Microsoft.AspNetCore.Mvc.Infrastructure.ResourceInvoker.<InvokeAsync>g__Awaited|17_0(ResourceInvoker invoker, Task task, IDisposable scope)
   at Microsoft.AspNetCore.Mvc.Infrastructure.ResourceInvoker.<InvokeAsync>g__Awaited|17_0(ResourceInvoker invoker, Task task, IDisposable scope)
   at Microsoft.AspNetCore.Authorization.AuthorizationMiddleware.Invoke(HttpContext context)
   at Microsoft.AspNetCore.Authentication.AuthenticationMiddleware.Invoke(HttpContext context)
   at Microsoft.AspNetCore.Diagnostics.DeveloperExceptionPageMiddlewareImpl.Invoke(HttpContext context)
2025-06-20 16:05:01.597 +06:00 [INF] Application Starting...17-jan
2025-06-20 16:05:01.672 +06:00 [INF] This is Nasim Reza Hridoy
2025-06-20 16:05:01.672 +06:00 [ERR] An error occurred while starting the application.
2025-06-20 16:05:04.079 +06:00 [INF] This is Nasim Reza
2025-06-20 16:05:04.096 +06:00 [INF] This is a test log entry to verify database logging.
2025-06-20 16:06:52.409 +06:00 [ERR] An unhandled exception has occurred while executing the request.
Autofac.Core.DependencyResolutionException: An exception was thrown while activating DevSkill.Inventory.Application.Features.MoneyReceipts.Queries.GetMoneyReceiptByIdQueryHandler.
 ---> Autofac.Core.DependencyResolutionException: None of the constructors found on type 'DevSkill.Inventory.Application.Features.MoneyReceipts.Queries.GetMoneyReceiptByIdQueryHandler' can be invoked with the available services and parameters:
Cannot resolve parameter 'DevSkill.Inventory.Domain.Repositories.IMoneyReceiptRepository repository' of constructor 'Void .ctor(DevSkill.Inventory.Domain.Repositories.IMoneyReceiptRepository)'.

See https://autofac.rtfd.io/help/no-constructors-bindable for more info.
   at Autofac.Core.Activators.Reflection.ReflectionActivator.<>c__DisplayClass14_0.<UseSingleConstructorActivation>b__0(ResolveRequestContext context, Action`1 next)
   at Autofac.Core.Resolving.Middleware.DelegateMiddleware.Execute(ResolveRequestContext context, Action`1 next)
   at Autofac.Core.Resolving.Pipeline.ResolvePipelineBuilder.<>c__DisplayClass14_0.<BuildPipeline>b__1(ResolveRequestContext context)
   at Autofac.Core.Resolving.Middleware.DisposalTrackingMiddleware.Execute(ResolveRequestContext context, Action`1 next)
   at Autofac.Core.Resolving.Pipeline.ResolvePipelineBuilder.<>c__DisplayClass14_0.<BuildPipeline>b__1(ResolveRequestContext context)
   at Autofac.Extensions.DependencyInjection.KeyedServiceMiddleware.Execute(ResolveRequestContext context, Action`1 next)
   at Autofac.Core.Resolving.Pipeline.ResolvePipelineBuilder.<>c__DisplayClass14_0.<BuildPipeline>b__1(ResolveRequestContext context)
   at Autofac.Core.Resolving.Middleware.ActivatorErrorHandlingMiddleware.Execute(ResolveRequestContext context, Action`1 next)
   --- End of inner exception stack trace ---
   at Autofac.Core.Resolving.Middleware.ActivatorErrorHandlingMiddleware.Execute(ResolveRequestContext context, Action`1 next)
   at Autofac.Core.Resolving.Pipeline.ResolvePipelineBuilder.<>c__DisplayClass14_0.<BuildPipeline>b__1(ResolveRequestContext context)
   at Autofac.Core.Pipeline.ResolvePipeline.Invoke(ResolveRequestContext context)
   at Autofac.Core.Resolving.Middleware.RegistrationPipelineInvokeMiddleware.Execute(ResolveRequestContext context, Action`1 next)
   at Autofac.Core.Resolving.Pipeline.ResolvePipelineBuilder.<>c__DisplayClass14_0.<BuildPipeline>b__1(ResolveRequestContext context)
   at Autofac.Core.Resolving.Middleware.SharingMiddleware.Execute(ResolveRequestContext context, Action`1 next)
   at Autofac.Core.Resolving.Pipeline.ResolvePipelineBuilder.<>c__DisplayClass14_0.<BuildPipeline>b__1(ResolveRequestContext context)
   at Autofac.Core.Resolving.Pipeline.ResolvePipelineBuilder.<>c__DisplayClass14_0.<BuildPipeline>b__1(ResolveRequestContext context)
   at Autofac.Core.Resolving.Middleware.CircularDependencyDetectorMiddleware.Execute(ResolveRequestContext context, Action`1 next)
   at Autofac.Core.Resolving.Pipeline.ResolvePipelineBuilder.<>c__DisplayClass14_0.<BuildPipeline>b__1(ResolveRequestContext context)
   at Autofac.Core.Pipeline.ResolvePipeline.Invoke(ResolveRequestContext context)
   at Autofac.Core.Resolving.ResolveOperation.GetOrCreateInstance(ISharingLifetimeScope currentOperationScope, ResolveRequest& request)
   at Autofac.Core.Resolving.ResolveOperation.ExecuteOperation(ResolveRequest& request)
   at Autofac.Core.Resolving.ResolveOperation.Execute(ResolveRequest& request)
   at Autofac.Core.Lifetime.LifetimeScope.ResolveComponent(ResolveRequest& request)
   at Autofac.Core.Lifetime.LifetimeScope.Autofac.IComponentContext.ResolveComponent(ResolveRequest& request)
   at Autofac.ResolutionExtensions.TryResolveService(IComponentContext context, Service service, IEnumerable`1 parameters, Object& instance)
   at Autofac.ResolutionExtensions.ResolveService(IComponentContext context, Service service, IEnumerable`1 parameters)
   at Autofac.ResolutionExtensions.Resolve(IComponentContext context, Type serviceType, IEnumerable`1 parameters)
   at Autofac.ResolutionExtensions.Resolve(IComponentContext context, Type serviceType)
   at Autofac.Extensions.DependencyInjection.AutofacServiceProvider.GetRequiredService(Type serviceType)
   at Microsoft.Extensions.DependencyInjection.ServiceProviderServiceExtensions.GetRequiredService[T](IServiceProvider provider)
   at MediatR.Wrappers.RequestHandlerWrapperImpl`2.<>c__DisplayClass1_0.<Handle>g__Handler|0(CancellationToken t)
   at MediatR.Wrappers.RequestHandlerWrapperImpl`2.Handle(IRequest`1 request, IServiceProvider serviceProvider, CancellationToken cancellationToken)
   at MediatR.Mediator.Send[TResponse](IRequest`1 request, CancellationToken cancellationToken)
   at DevSkill.Inventory.Web.Areas.Admin.Controllers.MoneyReceiptsController.ViewMoneyReceipt(Guid id)
   at Microsoft.AspNetCore.Mvc.Infrastructure.ActionMethodExecutor.TaskOfIActionResultExecutor.Execute(ActionContext actionContext, IActionResultTypeMapper mapper, ObjectMethodExecutor executor, Object controller, Object[] arguments)
   at Microsoft.AspNetCore.Mvc.Infrastructure.ControllerActionInvoker.<InvokeActionMethodAsync>g__Awaited|12_0(ControllerActionInvoker invoker, ValueTask`1 actionResultValueTask)
   at Microsoft.AspNetCore.Mvc.Infrastructure.ControllerActionInvoker.<InvokeNextActionFilterAsync>g__Awaited|10_0(ControllerActionInvoker invoker, Task lastTask, State next, Scope scope, Object state, Boolean isCompleted)
   at Microsoft.AspNetCore.Mvc.Infrastructure.ControllerActionInvoker.Rethrow(ActionExecutedContextSealed context)
   at Microsoft.AspNetCore.Mvc.Infrastructure.ControllerActionInvoker.Next(State& next, Scope& scope, Object& state, Boolean& isCompleted)
   at Microsoft.AspNetCore.Mvc.Infrastructure.ControllerActionInvoker.InvokeInnerFilterAsync()
--- End of stack trace from previous location ---
   at Microsoft.AspNetCore.Mvc.Infrastructure.ResourceInvoker.<InvokeNextResourceFilter>g__Awaited|25_0(ResourceInvoker invoker, Task lastTask, State next, Scope scope, Object state, Boolean isCompleted)
   at Microsoft.AspNetCore.Mvc.Infrastructure.ResourceInvoker.Rethrow(ResourceExecutedContextSealed context)
   at Microsoft.AspNetCore.Mvc.Infrastructure.ResourceInvoker.Next(State& next, Scope& scope, Object& state, Boolean& isCompleted)
   at Microsoft.AspNetCore.Mvc.Infrastructure.ResourceInvoker.InvokeFilterPipelineAsync()
--- End of stack trace from previous location ---
   at Microsoft.AspNetCore.Mvc.Infrastructure.ResourceInvoker.<InvokeAsync>g__Awaited|17_0(ResourceInvoker invoker, Task task, IDisposable scope)
   at Microsoft.AspNetCore.Mvc.Infrastructure.ResourceInvoker.<InvokeAsync>g__Awaited|17_0(ResourceInvoker invoker, Task task, IDisposable scope)
   at Microsoft.AspNetCore.Authorization.AuthorizationMiddleware.Invoke(HttpContext context)
   at Microsoft.AspNetCore.Authentication.AuthenticationMiddleware.Invoke(HttpContext context)
   at Microsoft.AspNetCore.Diagnostics.DeveloperExceptionPageMiddlewareImpl.Invoke(HttpContext context)
2025-06-20 16:07:03.658 +06:00 [ERR] An unhandled exception has occurred while executing the request.
Autofac.Core.DependencyResolutionException: An exception was thrown while activating DevSkill.Inventory.Application.Features.MoneyReceipts.Queries.GetMoneyReceiptByIdQueryHandler.
 ---> Autofac.Core.DependencyResolutionException: None of the constructors found on type 'DevSkill.Inventory.Application.Features.MoneyReceipts.Queries.GetMoneyReceiptByIdQueryHandler' can be invoked with the available services and parameters:
Cannot resolve parameter 'DevSkill.Inventory.Domain.Repositories.IMoneyReceiptRepository repository' of constructor 'Void .ctor(DevSkill.Inventory.Domain.Repositories.IMoneyReceiptRepository)'.

See https://autofac.rtfd.io/help/no-constructors-bindable for more info.
   at Autofac.Core.Activators.Reflection.ReflectionActivator.<>c__DisplayClass14_0.<UseSingleConstructorActivation>b__0(ResolveRequestContext context, Action`1 next)
   at Autofac.Core.Resolving.Middleware.DelegateMiddleware.Execute(ResolveRequestContext context, Action`1 next)
   at Autofac.Core.Resolving.Pipeline.ResolvePipelineBuilder.<>c__DisplayClass14_0.<BuildPipeline>b__1(ResolveRequestContext context)
   at Autofac.Core.Resolving.Middleware.DisposalTrackingMiddleware.Execute(ResolveRequestContext context, Action`1 next)
   at Autofac.Core.Resolving.Pipeline.ResolvePipelineBuilder.<>c__DisplayClass14_0.<BuildPipeline>b__1(ResolveRequestContext context)
   at Autofac.Extensions.DependencyInjection.KeyedServiceMiddleware.Execute(ResolveRequestContext context, Action`1 next)
   at Autofac.Core.Resolving.Pipeline.ResolvePipelineBuilder.<>c__DisplayClass14_0.<BuildPipeline>b__1(ResolveRequestContext context)
   at Autofac.Core.Resolving.Middleware.ActivatorErrorHandlingMiddleware.Execute(ResolveRequestContext context, Action`1 next)
   --- End of inner exception stack trace ---
   at Autofac.Core.Resolving.Middleware.ActivatorErrorHandlingMiddleware.Execute(ResolveRequestContext context, Action`1 next)
   at Autofac.Core.Resolving.Pipeline.ResolvePipelineBuilder.<>c__DisplayClass14_0.<BuildPipeline>b__1(ResolveRequestContext context)
   at Autofac.Core.Pipeline.ResolvePipeline.Invoke(ResolveRequestContext context)
   at Autofac.Core.Resolving.Middleware.RegistrationPipelineInvokeMiddleware.Execute(ResolveRequestContext context, Action`1 next)
   at Autofac.Core.Resolving.Pipeline.ResolvePipelineBuilder.<>c__DisplayClass14_0.<BuildPipeline>b__1(ResolveRequestContext context)
   at Autofac.Core.Resolving.Middleware.SharingMiddleware.Execute(ResolveRequestContext context, Action`1 next)
   at Autofac.Core.Resolving.Pipeline.ResolvePipelineBuilder.<>c__DisplayClass14_0.<BuildPipeline>b__1(ResolveRequestContext context)
   at Autofac.Core.Resolving.Pipeline.ResolvePipelineBuilder.<>c__DisplayClass14_0.<BuildPipeline>b__1(ResolveRequestContext context)
   at Autofac.Core.Resolving.Middleware.CircularDependencyDetectorMiddleware.Execute(ResolveRequestContext context, Action`1 next)
   at Autofac.Core.Resolving.Pipeline.ResolvePipelineBuilder.<>c__DisplayClass14_0.<BuildPipeline>b__1(ResolveRequestContext context)
   at Autofac.Core.Pipeline.ResolvePipeline.Invoke(ResolveRequestContext context)
   at Autofac.Core.Resolving.ResolveOperation.GetOrCreateInstance(ISharingLifetimeScope currentOperationScope, ResolveRequest& request)
   at Autofac.Core.Resolving.ResolveOperation.ExecuteOperation(ResolveRequest& request)
   at Autofac.Core.Resolving.ResolveOperation.Execute(ResolveRequest& request)
   at Autofac.Core.Lifetime.LifetimeScope.ResolveComponent(ResolveRequest& request)
   at Autofac.Core.Lifetime.LifetimeScope.Autofac.IComponentContext.ResolveComponent(ResolveRequest& request)
   at Autofac.ResolutionExtensions.TryResolveService(IComponentContext context, Service service, IEnumerable`1 parameters, Object& instance)
   at Autofac.ResolutionExtensions.ResolveService(IComponentContext context, Service service, IEnumerable`1 parameters)
   at Autofac.ResolutionExtensions.Resolve(IComponentContext context, Type serviceType, IEnumerable`1 parameters)
   at Autofac.ResolutionExtensions.Resolve(IComponentContext context, Type serviceType)
   at Autofac.Extensions.DependencyInjection.AutofacServiceProvider.GetRequiredService(Type serviceType)
   at Microsoft.Extensions.DependencyInjection.ServiceProviderServiceExtensions.GetRequiredService[T](IServiceProvider provider)
   at MediatR.Wrappers.RequestHandlerWrapperImpl`2.<>c__DisplayClass1_0.<Handle>g__Handler|0(CancellationToken t)
   at MediatR.Wrappers.RequestHandlerWrapperImpl`2.Handle(IRequest`1 request, IServiceProvider serviceProvider, CancellationToken cancellationToken)
   at MediatR.Mediator.Send[TResponse](IRequest`1 request, CancellationToken cancellationToken)
   at DevSkill.Inventory.Web.Areas.Admin.Controllers.MoneyReceiptsController.ViewMoneyReceipt(Guid id)
   at Microsoft.AspNetCore.Mvc.Infrastructure.ActionMethodExecutor.TaskOfIActionResultExecutor.Execute(ActionContext actionContext, IActionResultTypeMapper mapper, ObjectMethodExecutor executor, Object controller, Object[] arguments)
   at Microsoft.AspNetCore.Mvc.Infrastructure.ControllerActionInvoker.<InvokeActionMethodAsync>g__Awaited|12_0(ControllerActionInvoker invoker, ValueTask`1 actionResultValueTask)
   at Microsoft.AspNetCore.Mvc.Infrastructure.ControllerActionInvoker.<InvokeNextActionFilterAsync>g__Awaited|10_0(ControllerActionInvoker invoker, Task lastTask, State next, Scope scope, Object state, Boolean isCompleted)
   at Microsoft.AspNetCore.Mvc.Infrastructure.ControllerActionInvoker.Rethrow(ActionExecutedContextSealed context)
   at Microsoft.AspNetCore.Mvc.Infrastructure.ControllerActionInvoker.Next(State& next, Scope& scope, Object& state, Boolean& isCompleted)
   at Microsoft.AspNetCore.Mvc.Infrastructure.ControllerActionInvoker.InvokeInnerFilterAsync()
--- End of stack trace from previous location ---
   at Microsoft.AspNetCore.Mvc.Infrastructure.ResourceInvoker.<InvokeNextResourceFilter>g__Awaited|25_0(ResourceInvoker invoker, Task lastTask, State next, Scope scope, Object state, Boolean isCompleted)
   at Microsoft.AspNetCore.Mvc.Infrastructure.ResourceInvoker.Rethrow(ResourceExecutedContextSealed context)
   at Microsoft.AspNetCore.Mvc.Infrastructure.ResourceInvoker.Next(State& next, Scope& scope, Object& state, Boolean& isCompleted)
   at Microsoft.AspNetCore.Mvc.Infrastructure.ResourceInvoker.InvokeFilterPipelineAsync()
--- End of stack trace from previous location ---
   at Microsoft.AspNetCore.Mvc.Infrastructure.ResourceInvoker.<InvokeAsync>g__Awaited|17_0(ResourceInvoker invoker, Task task, IDisposable scope)
   at Microsoft.AspNetCore.Mvc.Infrastructure.ResourceInvoker.<InvokeAsync>g__Awaited|17_0(ResourceInvoker invoker, Task task, IDisposable scope)
   at Microsoft.AspNetCore.Authorization.AuthorizationMiddleware.Invoke(HttpContext context)
   at Microsoft.AspNetCore.Authentication.AuthenticationMiddleware.Invoke(HttpContext context)
   at Microsoft.AspNetCore.Diagnostics.DeveloperExceptionPageMiddlewareImpl.Invoke(HttpContext context)
2025-06-20 16:08:45.130 +06:00 [INF] Application Starting...17-jan
2025-06-20 16:08:45.172 +06:00 [INF] This is Nasim Reza Hridoy
2025-06-20 16:08:45.173 +06:00 [ERR] An error occurred while starting the application.
2025-06-20 16:08:47.643 +06:00 [INF] This is Nasim Reza
2025-06-20 16:08:47.659 +06:00 [INF] This is a test log entry to verify database logging.
2025-06-20 16:10:31.356 +06:00 [INF] Application Starting...17-jan
2025-06-20 16:10:31.386 +06:00 [INF] This is Nasim Reza Hridoy
2025-06-20 16:10:31.386 +06:00 [ERR] An error occurred while starting the application.
2025-06-20 16:10:32.066 +06:00 [FTL] Application crashed
Microsoft.Extensions.Hosting.HostAbortedException: The host was aborted.
   at Microsoft.Extensions.Hosting.HostFactoryResolver.HostingListener.ThrowHostAborted()
   at Microsoft.Extensions.Hosting.HostFactoryResolver.HostingListener.OnNext(KeyValuePair`2 value)
   at System.Diagnostics.DiagnosticListener.Write(String name, Object value)
   at Microsoft.Extensions.Hosting.HostBuilder.ResolveHost(IServiceProvider serviceProvider, DiagnosticListener diagnosticListener)
   at Microsoft.Extensions.Hosting.HostApplicationBuilder.Build()
   at Microsoft.AspNetCore.Builder.WebApplicationBuilder.Build()
   at Program.<Main>$(String[] args) in C:\Users\Nasim Reza\Desktop\Final Project\aspnet-b11-nasim\src\DevSkill.Inventory.sln\DevSkill.Inventory.Web\Program.cs:line 94
2025-06-20 16:10:46.859 +06:00 [INF] Application Starting...17-jan
2025-06-20 16:10:46.885 +06:00 [INF] This is Nasim Reza Hridoy
2025-06-20 16:10:46.885 +06:00 [ERR] An error occurred while starting the application.
2025-06-20 16:10:47.460 +06:00 [FTL] Application crashed
Microsoft.Extensions.Hosting.HostAbortedException: The host was aborted.
   at Microsoft.Extensions.Hosting.HostFactoryResolver.HostingListener.ThrowHostAborted()
   at Microsoft.Extensions.Hosting.HostFactoryResolver.HostingListener.OnNext(KeyValuePair`2 value)
   at System.Diagnostics.DiagnosticListener.Write(String name, Object value)
   at Microsoft.Extensions.Hosting.HostBuilder.ResolveHost(IServiceProvider serviceProvider, DiagnosticListener diagnosticListener)
   at Microsoft.Extensions.Hosting.HostApplicationBuilder.Build()
   at Microsoft.AspNetCore.Builder.WebApplicationBuilder.Build()
   at Program.<Main>$(String[] args) in C:\Users\Nasim Reza\Desktop\Final Project\aspnet-b11-nasim\src\DevSkill.Inventory.sln\DevSkill.Inventory.Web\Program.cs:line 94
2025-06-20 16:10:59.190 +06:00 [INF] Application Starting...17-jan
2025-06-20 16:10:59.347 +06:00 [INF] This is Nasim Reza Hridoy
2025-06-20 16:10:59.347 +06:00 [ERR] An error occurred while starting the application.
2025-06-20 16:11:02.636 +06:00 [INF] This is Nasim Reza
2025-06-20 16:11:02.652 +06:00 [INF] This is a test log entry to verify database logging.
2025-06-20 16:32:03.605 +06:00 [INF] Application Starting...17-jan
2025-06-20 16:32:03.629 +06:00 [INF] This is Nasim Reza Hridoy
2025-06-20 16:32:03.630 +06:00 [ERR] An error occurred while starting the application.
2025-06-20 16:32:04.206 +06:00 [FTL] Application crashed
Microsoft.Extensions.Hosting.HostAbortedException: The host was aborted.
   at Microsoft.Extensions.Hosting.HostFactoryResolver.HostingListener.ThrowHostAborted()
   at Microsoft.Extensions.Hosting.HostFactoryResolver.HostingListener.OnNext(KeyValuePair`2 value)
   at System.Diagnostics.DiagnosticListener.Write(String name, Object value)
   at Microsoft.Extensions.Hosting.HostBuilder.ResolveHost(IServiceProvider serviceProvider, DiagnosticListener diagnosticListener)
   at Microsoft.Extensions.Hosting.HostApplicationBuilder.Build()
   at Microsoft.AspNetCore.Builder.WebApplicationBuilder.Build()
   at Program.<Main>$(String[] args) in C:\Users\Nasim Reza\Desktop\Final Project\aspnet-b11-nasim\src\DevSkill.Inventory.sln\DevSkill.Inventory.Web\Program.cs:line 94
2025-06-20 16:33:19.023 +06:00 [INF] Application Starting...17-jan
2025-06-20 16:33:19.048 +06:00 [INF] This is Nasim Reza Hridoy
2025-06-20 16:33:19.048 +06:00 [ERR] An error occurred while starting the application.
2025-06-20 16:33:19.604 +06:00 [FTL] Application crashed
Microsoft.Extensions.Hosting.HostAbortedException: The host was aborted.
   at Microsoft.Extensions.Hosting.HostFactoryResolver.HostingListener.ThrowHostAborted()
   at Microsoft.Extensions.Hosting.HostFactoryResolver.HostingListener.OnNext(KeyValuePair`2 value)
   at System.Diagnostics.DiagnosticListener.Write(String name, Object value)
   at Microsoft.Extensions.Hosting.HostBuilder.ResolveHost(IServiceProvider serviceProvider, DiagnosticListener diagnosticListener)
   at Microsoft.Extensions.Hosting.HostApplicationBuilder.Build()
   at Microsoft.AspNetCore.Builder.WebApplicationBuilder.Build()
   at Program.<Main>$(String[] args) in C:\Users\Nasim Reza\Desktop\Final Project\aspnet-b11-nasim\src\DevSkill.Inventory.sln\DevSkill.Inventory.Web\Program.cs:line 94
2025-06-20 16:35:38.783 +06:00 [INF] Application Starting...17-jan
2025-06-20 16:35:38.822 +06:00 [INF] This is Nasim Reza Hridoy
2025-06-20 16:35:38.822 +06:00 [ERR] An error occurred while starting the application.
2025-06-20 16:35:41.382 +06:00 [INF] This is Nasim Reza
2025-06-20 16:35:41.402 +06:00 [INF] This is a test log entry to verify database logging.
2025-06-20 16:36:45.783 +06:00 [INF] Application Starting...17-jan
2025-06-20 16:36:45.821 +06:00 [INF] This is Nasim Reza Hridoy
2025-06-20 16:36:45.821 +06:00 [ERR] An error occurred while starting the application.
2025-06-20 16:36:48.201 +06:00 [INF] This is Nasim Reza
2025-06-20 16:36:48.217 +06:00 [INF] This is a test log entry to verify database logging.
2025-06-20 16:36:54.693 +06:00 [ERR] Error loading service sales
Microsoft.Data.SqlClient.SqlException (0x80131904): Procedure or function 'GetServiceSales' expects parameter '@TotalCount', which was not supplied.
   at Microsoft.Data.SqlClient.SqlCommand.<>c.<ExecuteDbDataReaderAsync>b__195_0(Task`1 result)
   at System.Threading.Tasks.ContinuationResultTaskFromResultTask`2.InnerInvoke()
   at System.Threading.ExecutionContext.RunInternal(ExecutionContext executionContext, ContextCallback callback, Object state)
--- End of stack trace from previous location ---
   at System.Threading.ExecutionContext.RunInternal(ExecutionContext executionContext, ContextCallback callback, Object state)
   at System.Threading.Tasks.Task.ExecuteWithThreadLocal(Task& currentTaskSlot, Thread threadPoolThread)
--- End of stack trace from previous location ---
   at DevSkill.Inventory.Infrastructure.Utilities.SqlUtility.ExecuteQueryAsync[TReturn](DbCommand command) in C:\Users\Nasim Reza\Desktop\Final Project\aspnet-b11-nasim\src\DevSkill.Inventory.sln\DevSkill.Inventory.Infrastructure\Utilities\SqlUtility.cs:line 237
   at DevSkill.Inventory.Infrastructure.Utilities.SqlUtility.QueryWithStoredProcedureAsync[TReturn](String storedProcedureName, IDictionary`2 parameters, IDictionary`2 outParameters) in C:\Users\Nasim Reza\Desktop\Final Project\aspnet-b11-nasim\src\DevSkill.Inventory.sln\DevSkill.Inventory.Infrastructure\Utilities\SqlUtility.cs:line 100
   at DevSkill.Inventory.Infrastructure.Utilities.SqlUtility.QueryWithStoredProcedureAsync[TReturn](String storedProcedureName, IDictionary`2 parameters, IDictionary`2 outParameters) in C:\Users\Nasim Reza\Desktop\Final Project\aspnet-b11-nasim\src\DevSkill.Inventory.sln\DevSkill.Inventory.Infrastructure\Utilities\SqlUtility.cs:line 106
   at DevSkill.Inventory.Infrastructure.ApplicationUnitOfWork.GetServiceSalesSP(Int32 pageIndex, Int32 pageSize, String order, ServiceSaleSearchDto search) in C:\Users\Nasim Reza\Desktop\Final Project\aspnet-b11-nasim\src\DevSkill.Inventory.sln\DevSkill.Inventory.Infrastructure\ApplicationUnitOfWork.cs:line 224
   at DevSkill.Inventory.Application.Features.ServiceSales.Queries.GetServiceSalesSPQueryHandler.Handle(GetServiceSalesSPQuery request, CancellationToken cancellationToken) in C:\Users\Nasim Reza\Desktop\Final Project\aspnet-b11-nasim\src\DevSkill.Inventory.sln\DevSkill.Inventory.Application\Features\ServiceSales\Queries\GetServiceSalesSPQueryHandler.cs:line 25
   at DevSkill.Inventory.Web.Areas.Admin.Controllers.ServiceSalesController.GetServiceSalesJsonData(ServiceSaleListModel model) in C:\Users\Nasim Reza\Desktop\Final Project\aspnet-b11-nasim\src\DevSkill.Inventory.sln\DevSkill.Inventory.Web\Areas\Admin\Controllers\ServiceSalesController.cs:line 129
ClientConnectionId:a1a563a2-4bd5-404d-81c4-8341156cc924
Error Number:201,State:4,Class:16
2025-06-20 16:36:55.737 +06:00 [ERR] Error loading quotations
Microsoft.Data.SqlClient.SqlException (0x80131904): @FromDate is not a parameter for procedure GetQuotations.
   at Microsoft.Data.SqlClient.SqlCommand.<>c.<ExecuteDbDataReaderAsync>b__195_0(Task`1 result)
   at System.Threading.Tasks.ContinuationResultTaskFromResultTask`2.InnerInvoke()
   at System.Threading.ExecutionContext.RunInternal(ExecutionContext executionContext, ContextCallback callback, Object state)
--- End of stack trace from previous location ---
   at System.Threading.ExecutionContext.RunInternal(ExecutionContext executionContext, ContextCallback callback, Object state)
   at System.Threading.Tasks.Task.ExecuteWithThreadLocal(Task& currentTaskSlot, Thread threadPoolThread)
--- End of stack trace from previous location ---
   at DevSkill.Inventory.Infrastructure.Utilities.SqlUtility.ExecuteQueryAsync[TReturn](DbCommand command) in C:\Users\Nasim Reza\Desktop\Final Project\aspnet-b11-nasim\src\DevSkill.Inventory.sln\DevSkill.Inventory.Infrastructure\Utilities\SqlUtility.cs:line 237
   at DevSkill.Inventory.Infrastructure.Utilities.SqlUtility.QueryWithStoredProcedureAsync[TReturn](String storedProcedureName, IDictionary`2 parameters, IDictionary`2 outParameters) in C:\Users\Nasim Reza\Desktop\Final Project\aspnet-b11-nasim\src\DevSkill.Inventory.sln\DevSkill.Inventory.Infrastructure\Utilities\SqlUtility.cs:line 100
   at DevSkill.Inventory.Infrastructure.Utilities.SqlUtility.QueryWithStoredProcedureAsync[TReturn](String storedProcedureName, IDictionary`2 parameters, IDictionary`2 outParameters) in C:\Users\Nasim Reza\Desktop\Final Project\aspnet-b11-nasim\src\DevSkill.Inventory.sln\DevSkill.Inventory.Infrastructure\Utilities\SqlUtility.cs:line 106
   at DevSkill.Inventory.Infrastructure.ApplicationUnitOfWork.GetQuotationsSP(Int32 pageIndex, Int32 pageSize, String order, QuotationSearchDto search) in C:\Users\Nasim Reza\Desktop\Final Project\aspnet-b11-nasim\src\DevSkill.Inventory.sln\DevSkill.Inventory.Infrastructure\ApplicationUnitOfWork.cs:line 271
   at DevSkill.Inventory.Application.Features.Quotations.Queries.GetQuotationsSPQueryHandler.Handle(GetQuotationsSPQuery request, CancellationToken cancellationToken) in C:\Users\Nasim Reza\Desktop\Final Project\aspnet-b11-nasim\src\DevSkill.Inventory.sln\DevSkill.Inventory.Application\Features\Quotations\Queries\GetQuotationsSPQueryHandler.cs:line 23
   at DevSkill.Inventory.Web.Areas.Admin.Controllers.QuotationsController.GetQuotationsJsonData(QuotationListModel model) in C:\Users\Nasim Reza\Desktop\Final Project\aspnet-b11-nasim\src\DevSkill.Inventory.sln\DevSkill.Inventory.Web\Areas\Admin\Controllers\QuotationsController.cs:line 47
ClientConnectionId:a1a563a2-4bd5-404d-81c4-8341156cc924
Error Number:8145,State:1,Class:16
2025-06-20 16:37:19.391 +06:00 [INF] Application Starting...17-jan
2025-06-20 16:37:19.433 +06:00 [INF] This is Nasim Reza Hridoy
2025-06-20 16:37:19.433 +06:00 [ERR] An error occurred while starting the application.
2025-06-20 16:37:21.910 +06:00 [INF] This is Nasim Reza
2025-06-20 16:37:21.926 +06:00 [INF] This is a test log entry to verify database logging.
2025-06-20 16:39:33.833 +06:00 [INF] Application Starting...17-jan
2025-06-20 16:39:33.884 +06:00 [INF] This is Nasim Reza Hridoy
2025-06-20 16:39:33.884 +06:00 [ERR] An error occurred while starting the application.
2025-06-20 16:39:36.506 +06:00 [INF] This is Nasim Reza
2025-06-20 16:39:36.524 +06:00 [INF] This is a test log entry to verify database logging.
2025-06-20 16:39:44.633 +06:00 [ERR] Error loading purchase returns
Microsoft.Data.SqlClient.SqlException (0x80131904): Could not find stored procedure 'GetPurchaseReturns'.
   at Microsoft.Data.SqlClient.SqlCommand.<>c.<ExecuteDbDataReaderAsync>b__195_0(Task`1 result)
   at System.Threading.Tasks.ContinuationResultTaskFromResultTask`2.InnerInvoke()
   at System.Threading.ExecutionContext.RunInternal(ExecutionContext executionContext, ContextCallback callback, Object state)
--- End of stack trace from previous location ---
   at System.Threading.ExecutionContext.RunInternal(ExecutionContext executionContext, ContextCallback callback, Object state)
   at System.Threading.Tasks.Task.ExecuteWithThreadLocal(Task& currentTaskSlot, Thread threadPoolThread)
--- End of stack trace from previous location ---
   at DevSkill.Inventory.Infrastructure.Utilities.SqlUtility.ExecuteQueryAsync[TReturn](DbCommand command) in C:\Users\Nasim Reza\Desktop\Final Project\aspnet-b11-nasim\src\DevSkill.Inventory.sln\DevSkill.Inventory.Infrastructure\Utilities\SqlUtility.cs:line 237
   at DevSkill.Inventory.Infrastructure.Utilities.SqlUtility.QueryWithStoredProcedureAsync[TReturn](String storedProcedureName, IDictionary`2 parameters, IDictionary`2 outParameters) in C:\Users\Nasim Reza\Desktop\Final Project\aspnet-b11-nasim\src\DevSkill.Inventory.sln\DevSkill.Inventory.Infrastructure\Utilities\SqlUtility.cs:line 100
   at DevSkill.Inventory.Infrastructure.Utilities.SqlUtility.QueryWithStoredProcedureAsync[TReturn](String storedProcedureName, IDictionary`2 parameters, IDictionary`2 outParameters) in C:\Users\Nasim Reza\Desktop\Final Project\aspnet-b11-nasim\src\DevSkill.Inventory.sln\DevSkill.Inventory.Infrastructure\Utilities\SqlUtility.cs:line 106
   at DevSkill.Inventory.Infrastructure.ApplicationUnitOfWork.GetPurchaseReturnsSP(Int32 pageIndex, Int32 pageSize, String order, PurchaseReturnSearchDto search) in C:\Users\Nasim Reza\Desktop\Final Project\aspnet-b11-nasim\src\DevSkill.Inventory.sln\DevSkill.Inventory.Infrastructure\ApplicationUnitOfWork.cs:line 176
   at DevSkill.Inventory.Application.Features.PurchaseReturns.Queries.GetPurchaseReturnsSPQueryHandler.Handle(GetPurchaseReturnsSPQuery request, CancellationToken cancellationToken) in C:\Users\Nasim Reza\Desktop\Final Project\aspnet-b11-nasim\src\DevSkill.Inventory.sln\DevSkill.Inventory.Application\Features\PurchaseReturns\Queries\GetPurchaseReturnsSPQueryHandler.cs:line 23
   at DevSkill.Inventory.Web.Areas.Admin.Controllers.PurchasesController.GetPurchaseReturnsJsonData(PurchaseReturnListModel model) in C:\Users\Nasim Reza\Desktop\Final Project\aspnet-b11-nasim\src\DevSkill.Inventory.sln\DevSkill.Inventory.Web\Areas\Admin\Controllers\PurchasesController.cs:line 103
ClientConnectionId:6d373302-b02c-4e47-8202-8095d9f8e038
Error Number:2812,State:62,Class:16
2025-06-20 18:08:29.218 +06:00 [INF] Application Starting...17-jan
2025-06-20 18:08:29.251 +06:00 [INF] This is Nasim Reza Hridoy
2025-06-20 18:08:29.252 +06:00 [ERR] An error occurred while starting the application.
2025-06-20 18:08:31.406 +06:00 [INF] This is Nasim Reza
2025-06-20 18:08:31.424 +06:00 [INF] This is a test log entry to verify database logging.
2025-06-20 18:08:40.459 +06:00 [ERR] Error loading quotations
Microsoft.Data.SqlClient.SqlException (0x80131904): @FromDate is not a parameter for procedure GetQuotations.
   at Microsoft.Data.SqlClient.SqlCommand.<>c.<ExecuteDbDataReaderAsync>b__195_0(Task`1 result)
   at System.Threading.Tasks.ContinuationResultTaskFromResultTask`2.InnerInvoke()
   at System.Threading.ExecutionContext.RunInternal(ExecutionContext executionContext, ContextCallback callback, Object state)
--- End of stack trace from previous location ---
   at System.Threading.ExecutionContext.RunInternal(ExecutionContext executionContext, ContextCallback callback, Object state)
   at System.Threading.Tasks.Task.ExecuteWithThreadLocal(Task& currentTaskSlot, Thread threadPoolThread)
--- End of stack trace from previous location ---
   at DevSkill.Inventory.Infrastructure.Utilities.SqlUtility.ExecuteQueryAsync[TReturn](DbCommand command) in C:\Users\Nasim Reza\Desktop\Final Project\aspnet-b11-nasim\src\DevSkill.Inventory.sln\DevSkill.Inventory.Infrastructure\Utilities\SqlUtility.cs:line 237
   at DevSkill.Inventory.Infrastructure.Utilities.SqlUtility.QueryWithStoredProcedureAsync[TReturn](String storedProcedureName, IDictionary`2 parameters, IDictionary`2 outParameters) in C:\Users\Nasim Reza\Desktop\Final Project\aspnet-b11-nasim\src\DevSkill.Inventory.sln\DevSkill.Inventory.Infrastructure\Utilities\SqlUtility.cs:line 100
   at DevSkill.Inventory.Infrastructure.Utilities.SqlUtility.QueryWithStoredProcedureAsync[TReturn](String storedProcedureName, IDictionary`2 parameters, IDictionary`2 outParameters) in C:\Users\Nasim Reza\Desktop\Final Project\aspnet-b11-nasim\src\DevSkill.Inventory.sln\DevSkill.Inventory.Infrastructure\Utilities\SqlUtility.cs:line 106
   at DevSkill.Inventory.Infrastructure.ApplicationUnitOfWork.GetQuotationsSP(Int32 pageIndex, Int32 pageSize, String order, QuotationSearchDto search) in C:\Users\Nasim Reza\Desktop\Final Project\aspnet-b11-nasim\src\DevSkill.Inventory.sln\DevSkill.Inventory.Infrastructure\ApplicationUnitOfWork.cs:line 271
   at DevSkill.Inventory.Application.Features.Quotations.Queries.GetQuotationsSPQueryHandler.Handle(GetQuotationsSPQuery request, CancellationToken cancellationToken) in C:\Users\Nasim Reza\Desktop\Final Project\aspnet-b11-nasim\src\DevSkill.Inventory.sln\DevSkill.Inventory.Application\Features\Quotations\Queries\GetQuotationsSPQueryHandler.cs:line 23
   at DevSkill.Inventory.Web.Areas.Admin.Controllers.QuotationsController.GetQuotationsJsonData(QuotationListModel model) in C:\Users\Nasim Reza\Desktop\Final Project\aspnet-b11-nasim\src\DevSkill.Inventory.sln\DevSkill.Inventory.Web\Areas\Admin\Controllers\QuotationsController.cs:line 47
ClientConnectionId:7460bc1b-f193-461c-8a15-cdff65de7dac
Error Number:8145,State:1,Class:16
2025-06-20 18:08:44.360 +06:00 [ERR] Error loading quotations
Microsoft.Data.SqlClient.SqlException (0x80131904): @FromDate is not a parameter for procedure GetQuotations.
   at Microsoft.Data.SqlClient.SqlCommand.<>c.<ExecuteDbDataReaderAsync>b__195_0(Task`1 result)
   at System.Threading.Tasks.ContinuationResultTaskFromResultTask`2.InnerInvoke()
   at System.Threading.ExecutionContext.RunInternal(ExecutionContext executionContext, ContextCallback callback, Object state)
--- End of stack trace from previous location ---
   at System.Threading.ExecutionContext.RunInternal(ExecutionContext executionContext, ContextCallback callback, Object state)
   at System.Threading.Tasks.Task.ExecuteWithThreadLocal(Task& currentTaskSlot, Thread threadPoolThread)
--- End of stack trace from previous location ---
   at DevSkill.Inventory.Infrastructure.Utilities.SqlUtility.ExecuteQueryAsync[TReturn](DbCommand command) in C:\Users\Nasim Reza\Desktop\Final Project\aspnet-b11-nasim\src\DevSkill.Inventory.sln\DevSkill.Inventory.Infrastructure\Utilities\SqlUtility.cs:line 237
   at DevSkill.Inventory.Infrastructure.Utilities.SqlUtility.QueryWithStoredProcedureAsync[TReturn](String storedProcedureName, IDictionary`2 parameters, IDictionary`2 outParameters) in C:\Users\Nasim Reza\Desktop\Final Project\aspnet-b11-nasim\src\DevSkill.Inventory.sln\DevSkill.Inventory.Infrastructure\Utilities\SqlUtility.cs:line 100
   at DevSkill.Inventory.Infrastructure.Utilities.SqlUtility.QueryWithStoredProcedureAsync[TReturn](String storedProcedureName, IDictionary`2 parameters, IDictionary`2 outParameters) in C:\Users\Nasim Reza\Desktop\Final Project\aspnet-b11-nasim\src\DevSkill.Inventory.sln\DevSkill.Inventory.Infrastructure\Utilities\SqlUtility.cs:line 106
   at DevSkill.Inventory.Infrastructure.ApplicationUnitOfWork.GetQuotationsSP(Int32 pageIndex, Int32 pageSize, String order, QuotationSearchDto search) in C:\Users\Nasim Reza\Desktop\Final Project\aspnet-b11-nasim\src\DevSkill.Inventory.sln\DevSkill.Inventory.Infrastructure\ApplicationUnitOfWork.cs:line 271
   at DevSkill.Inventory.Application.Features.Quotations.Queries.GetQuotationsSPQueryHandler.Handle(GetQuotationsSPQuery request, CancellationToken cancellationToken) in C:\Users\Nasim Reza\Desktop\Final Project\aspnet-b11-nasim\src\DevSkill.Inventory.sln\DevSkill.Inventory.Application\Features\Quotations\Queries\GetQuotationsSPQueryHandler.cs:line 23
   at DevSkill.Inventory.Web.Areas.Admin.Controllers.QuotationsController.GetQuotationsJsonData(QuotationListModel model) in C:\Users\Nasim Reza\Desktop\Final Project\aspnet-b11-nasim\src\DevSkill.Inventory.sln\DevSkill.Inventory.Web\Areas\Admin\Controllers\QuotationsController.cs:line 47
ClientConnectionId:7460bc1b-f193-461c-8a15-cdff65de7dac
Error Number:8145,State:1,Class:16
2025-06-20 18:09:56.889 +06:00 [INF] Application Starting...17-jan
2025-06-20 18:09:56.931 +06:00 [INF] This is Nasim Reza Hridoy
2025-06-20 18:09:56.931 +06:00 [ERR] An error occurred while starting the application.
2025-06-20 18:09:59.354 +06:00 [INF] This is Nasim Reza
2025-06-20 18:09:59.368 +06:00 [INF] This is a test log entry to verify database logging.
2025-06-20 18:11:50.764 +06:00 [INF] Application Starting...17-jan
2025-06-20 18:11:50.801 +06:00 [INF] This is Nasim Reza Hridoy
2025-06-20 18:11:50.801 +06:00 [ERR] An error occurred while starting the application.
2025-06-20 18:11:53.153 +06:00 [INF] This is Nasim Reza
2025-06-20 18:11:53.169 +06:00 [INF] This is a test log entry to verify database logging.
2025-06-20 18:14:49.679 +06:00 [INF] Application Starting...17-jan
2025-06-20 18:14:49.720 +06:00 [INF] This is Nasim Reza Hridoy
2025-06-20 18:14:49.720 +06:00 [ERR] An error occurred while starting the application.
2025-06-20 18:14:52.403 +06:00 [INF] This is Nasim Reza
2025-06-20 18:14:52.420 +06:00 [INF] This is a test log entry to verify database logging.
2025-06-20 18:21:20.912 +06:00 [INF] Application Starting...17-jan
2025-06-20 18:21:20.995 +06:00 [INF] This is Nasim Reza Hridoy
2025-06-20 18:21:20.996 +06:00 [ERR] An error occurred while starting the application.
2025-06-20 18:21:23.845 +06:00 [INF] This is Nasim Reza
2025-06-20 18:21:23.862 +06:00 [INF] This is a test log entry to verify database logging.
2025-06-20 18:22:37.387 +06:00 [INF] Application Starting...17-jan
2025-06-20 18:22:37.423 +06:00 [INF] This is Nasim Reza Hridoy
2025-06-20 18:22:37.423 +06:00 [ERR] An error occurred while starting the application.
2025-06-20 18:22:39.773 +06:00 [INF] This is Nasim Reza
2025-06-20 18:22:39.792 +06:00 [INF] This is a test log entry to verify database logging.
2025-06-20 18:23:00.718 +06:00 [INF] Application Starting...17-jan
2025-06-20 18:23:00.749 +06:00 [INF] This is Nasim Reza Hridoy
2025-06-20 18:23:00.750 +06:00 [ERR] An error occurred while starting the application.
2025-06-20 18:23:03.307 +06:00 [INF] This is Nasim Reza
2025-06-20 18:23:03.323 +06:00 [INF] This is a test log entry to verify database logging.
2025-06-20 18:27:04.732 +06:00 [INF] Application Starting...17-jan
2025-06-20 18:27:04.774 +06:00 [INF] This is Nasim Reza Hridoy
2025-06-20 18:27:04.774 +06:00 [ERR] An error occurred while starting the application.
2025-06-20 18:27:07.428 +06:00 [INF] This is Nasim Reza
2025-06-20 18:27:07.444 +06:00 [INF] This is a test log entry to verify database logging.
2025-06-20 18:28:41.060 +06:00 [ERR] Error loading sales return data
Microsoft.Data.SqlClient.SqlException (0x80131904): Could not find stored procedure 'GetSalesReturns'.
   at Microsoft.Data.SqlClient.SqlCommand.<>c.<ExecuteDbDataReaderAsync>b__195_0(Task`1 result)
   at System.Threading.Tasks.ContinuationResultTaskFromResultTask`2.InnerInvoke()
   at System.Threading.ExecutionContext.RunInternal(ExecutionContext executionContext, ContextCallback callback, Object state)
--- End of stack trace from previous location ---
   at System.Threading.ExecutionContext.RunInternal(ExecutionContext executionContext, ContextCallback callback, Object state)
   at System.Threading.Tasks.Task.ExecuteWithThreadLocal(Task& currentTaskSlot, Thread threadPoolThread)
--- End of stack trace from previous location ---
   at DevSkill.Inventory.Infrastructure.Utilities.SqlUtility.ExecuteQueryAsync[TReturn](DbCommand command) in C:\Users\Nasim Reza\Desktop\Final Project\aspnet-b11-nasim\src\DevSkill.Inventory.sln\DevSkill.Inventory.Infrastructure\Utilities\SqlUtility.cs:line 237
   at DevSkill.Inventory.Infrastructure.Utilities.SqlUtility.QueryWithStoredProcedureAsync[TReturn](String storedProcedureName, IDictionary`2 parameters, IDictionary`2 outParameters) in C:\Users\Nasim Reza\Desktop\Final Project\aspnet-b11-nasim\src\DevSkill.Inventory.sln\DevSkill.Inventory.Infrastructure\Utilities\SqlUtility.cs:line 100
   at DevSkill.Inventory.Infrastructure.Utilities.SqlUtility.QueryWithStoredProcedureAsync[TReturn](String storedProcedureName, IDictionary`2 parameters, IDictionary`2 outParameters) in C:\Users\Nasim Reza\Desktop\Final Project\aspnet-b11-nasim\src\DevSkill.Inventory.sln\DevSkill.Inventory.Infrastructure\Utilities\SqlUtility.cs:line 106
   at DevSkill.Inventory.Infrastructure.ApplicationUnitOfWork.GetSalesReturnsSP(Int32 pageIndex, Int32 pageSize, String order, SalesReturnSearchDto search) in C:\Users\Nasim Reza\Desktop\Final Project\aspnet-b11-nasim\src\DevSkill.Inventory.sln\DevSkill.Inventory.Infrastructure\ApplicationUnitOfWork.cs:line 147
   at DevSkill.Inventory.Application.Features.SalesReturns.Queries.GetSalesReturnsSPQueryHandler.Handle(GetSalesReturnsSPQuery request, CancellationToken cancellationToken) in C:\Users\Nasim Reza\Desktop\Final Project\aspnet-b11-nasim\src\DevSkill.Inventory.sln\DevSkill.Inventory.Application\Features\SalesReturns\Queries\GetSalesReturnsQueryHandler.cs:line 23
   at DevSkill.Inventory.Web.Areas.Admin.Controllers.SalesController.GetSalesReturnsJsonData(SalesReturnListModel model)
ClientConnectionId:85ea9a0c-4b9c-49a4-a2cd-cd6e7f1a537e
Error Number:2812,State:62,Class:16
2025-06-20 18:28:41.981 +06:00 [ERR] Error loading purchase returns
Microsoft.Data.SqlClient.SqlException (0x80131904): Could not find stored procedure 'GetPurchaseReturns'.
   at Microsoft.Data.SqlClient.SqlCommand.<>c.<ExecuteDbDataReaderAsync>b__195_0(Task`1 result)
   at System.Threading.Tasks.ContinuationResultTaskFromResultTask`2.InnerInvoke()
   at System.Threading.ExecutionContext.RunInternal(ExecutionContext executionContext, ContextCallback callback, Object state)
--- End of stack trace from previous location ---
   at System.Threading.ExecutionContext.RunInternal(ExecutionContext executionContext, ContextCallback callback, Object state)
   at System.Threading.Tasks.Task.ExecuteWithThreadLocal(Task& currentTaskSlot, Thread threadPoolThread)
--- End of stack trace from previous location ---
   at DevSkill.Inventory.Infrastructure.Utilities.SqlUtility.ExecuteQueryAsync[TReturn](DbCommand command) in C:\Users\Nasim Reza\Desktop\Final Project\aspnet-b11-nasim\src\DevSkill.Inventory.sln\DevSkill.Inventory.Infrastructure\Utilities\SqlUtility.cs:line 237
   at DevSkill.Inventory.Infrastructure.Utilities.SqlUtility.QueryWithStoredProcedureAsync[TReturn](String storedProcedureName, IDictionary`2 parameters, IDictionary`2 outParameters) in C:\Users\Nasim Reza\Desktop\Final Project\aspnet-b11-nasim\src\DevSkill.Inventory.sln\DevSkill.Inventory.Infrastructure\Utilities\SqlUtility.cs:line 100
   at DevSkill.Inventory.Infrastructure.Utilities.SqlUtility.QueryWithStoredProcedureAsync[TReturn](String storedProcedureName, IDictionary`2 parameters, IDictionary`2 outParameters) in C:\Users\Nasim Reza\Desktop\Final Project\aspnet-b11-nasim\src\DevSkill.Inventory.sln\DevSkill.Inventory.Infrastructure\Utilities\SqlUtility.cs:line 106
   at DevSkill.Inventory.Infrastructure.ApplicationUnitOfWork.GetPurchaseReturnsSP(Int32 pageIndex, Int32 pageSize, String order, PurchaseReturnSearchDto search) in C:\Users\Nasim Reza\Desktop\Final Project\aspnet-b11-nasim\src\DevSkill.Inventory.sln\DevSkill.Inventory.Infrastructure\ApplicationUnitOfWork.cs:line 176
   at DevSkill.Inventory.Application.Features.PurchaseReturns.Queries.GetPurchaseReturnsSPQueryHandler.Handle(GetPurchaseReturnsSPQuery request, CancellationToken cancellationToken) in C:\Users\Nasim Reza\Desktop\Final Project\aspnet-b11-nasim\src\DevSkill.Inventory.sln\DevSkill.Inventory.Application\Features\PurchaseReturns\Queries\GetPurchaseReturnsSPQueryHandler.cs:line 23
   at DevSkill.Inventory.Web.Areas.Admin.Controllers.PurchasesController.GetPurchaseReturnsJsonData(PurchaseReturnListModel model)
ClientConnectionId:85ea9a0c-4b9c-49a4-a2cd-cd6e7f1a537e
Error Number:2812,State:62,Class:16
2025-06-20 18:28:42.572 +06:00 [ERR] Error loading service data
AutoMapper.AutoMapperMappingException: Missing type map configuration or unsupported mapping.

Mapping types:
ServiceSearchModel -> ServiceSearchDto
DevSkill.Inventory.Web.Areas.Admin.Models.ServicesModels.ServiceSearchModel -> DevSkill.Inventory.Domain.Dtos.ServiceSearchDto
   at lambda_method872(Closure, Object, ServiceSearchDto, ResolutionContext)
   at DevSkill.Inventory.Web.Areas.Admin.Controllers.ServicesController.GetServicesJsonData(ServiceListModel model)
2025-06-20 18:28:43.546 +06:00 [ERR] Error loading service sales
Microsoft.Data.SqlClient.SqlException (0x80131904): Procedure or function 'GetServiceSales' expects parameter '@TotalCount', which was not supplied.
   at Microsoft.Data.SqlClient.SqlCommand.<>c.<ExecuteDbDataReaderAsync>b__195_0(Task`1 result)
   at System.Threading.Tasks.ContinuationResultTaskFromResultTask`2.InnerInvoke()
   at System.Threading.ExecutionContext.RunInternal(ExecutionContext executionContext, ContextCallback callback, Object state)
--- End of stack trace from previous location ---
   at System.Threading.ExecutionContext.RunInternal(ExecutionContext executionContext, ContextCallback callback, Object state)
   at System.Threading.Tasks.Task.ExecuteWithThreadLocal(Task& currentTaskSlot, Thread threadPoolThread)
--- End of stack trace from previous location ---
   at DevSkill.Inventory.Infrastructure.Utilities.SqlUtility.ExecuteQueryAsync[TReturn](DbCommand command) in C:\Users\Nasim Reza\Desktop\Final Project\aspnet-b11-nasim\src\DevSkill.Inventory.sln\DevSkill.Inventory.Infrastructure\Utilities\SqlUtility.cs:line 237
   at DevSkill.Inventory.Infrastructure.Utilities.SqlUtility.QueryWithStoredProcedureAsync[TReturn](String storedProcedureName, IDictionary`2 parameters, IDictionary`2 outParameters) in C:\Users\Nasim Reza\Desktop\Final Project\aspnet-b11-nasim\src\DevSkill.Inventory.sln\DevSkill.Inventory.Infrastructure\Utilities\SqlUtility.cs:line 100
   at DevSkill.Inventory.Infrastructure.Utilities.SqlUtility.QueryWithStoredProcedureAsync[TReturn](String storedProcedureName, IDictionary`2 parameters, IDictionary`2 outParameters) in C:\Users\Nasim Reza\Desktop\Final Project\aspnet-b11-nasim\src\DevSkill.Inventory.sln\DevSkill.Inventory.Infrastructure\Utilities\SqlUtility.cs:line 106
   at DevSkill.Inventory.Infrastructure.ApplicationUnitOfWork.GetServiceSalesSP(Int32 pageIndex, Int32 pageSize, String order, ServiceSaleSearchDto search) in C:\Users\Nasim Reza\Desktop\Final Project\aspnet-b11-nasim\src\DevSkill.Inventory.sln\DevSkill.Inventory.Infrastructure\ApplicationUnitOfWork.cs:line 224
   at DevSkill.Inventory.Application.Features.ServiceSales.Queries.GetServiceSalesSPQueryHandler.Handle(GetServiceSalesSPQuery request, CancellationToken cancellationToken) in C:\Users\Nasim Reza\Desktop\Final Project\aspnet-b11-nasim\src\DevSkill.Inventory.sln\DevSkill.Inventory.Application\Features\ServiceSales\Queries\GetServiceSalesSPQueryHandler.cs:line 25
   at DevSkill.Inventory.Web.Areas.Admin.Controllers.ServiceSalesController.GetServiceSalesJsonData(ServiceSaleListModel model)
ClientConnectionId:85ea9a0c-4b9c-49a4-a2cd-cd6e7f1a537e
Error Number:201,State:4,Class:16
2025-06-20 18:28:44.165 +06:00 [ERR] Error loading quotations
Microsoft.Data.SqlClient.SqlException (0x80131904): @FromDate is not a parameter for procedure GetQuotations.
   at Microsoft.Data.SqlClient.SqlCommand.<>c.<ExecuteDbDataReaderAsync>b__195_0(Task`1 result)
   at System.Threading.Tasks.ContinuationResultTaskFromResultTask`2.InnerInvoke()
   at System.Threading.ExecutionContext.RunInternal(ExecutionContext executionContext, ContextCallback callback, Object state)
--- End of stack trace from previous location ---
   at System.Threading.ExecutionContext.RunInternal(ExecutionContext executionContext, ContextCallback callback, Object state)
   at System.Threading.Tasks.Task.ExecuteWithThreadLocal(Task& currentTaskSlot, Thread threadPoolThread)
--- End of stack trace from previous location ---
   at DevSkill.Inventory.Infrastructure.Utilities.SqlUtility.ExecuteQueryAsync[TReturn](DbCommand command) in C:\Users\Nasim Reza\Desktop\Final Project\aspnet-b11-nasim\src\DevSkill.Inventory.sln\DevSkill.Inventory.Infrastructure\Utilities\SqlUtility.cs:line 237
   at DevSkill.Inventory.Infrastructure.Utilities.SqlUtility.QueryWithStoredProcedureAsync[TReturn](String storedProcedureName, IDictionary`2 parameters, IDictionary`2 outParameters) in C:\Users\Nasim Reza\Desktop\Final Project\aspnet-b11-nasim\src\DevSkill.Inventory.sln\DevSkill.Inventory.Infrastructure\Utilities\SqlUtility.cs:line 100
   at DevSkill.Inventory.Infrastructure.Utilities.SqlUtility.QueryWithStoredProcedureAsync[TReturn](String storedProcedureName, IDictionary`2 parameters, IDictionary`2 outParameters) in C:\Users\Nasim Reza\Desktop\Final Project\aspnet-b11-nasim\src\DevSkill.Inventory.sln\DevSkill.Inventory.Infrastructure\Utilities\SqlUtility.cs:line 106
   at DevSkill.Inventory.Infrastructure.ApplicationUnitOfWork.GetQuotationsSP(Int32 pageIndex, Int32 pageSize, String order, QuotationSearchDto search) in C:\Users\Nasim Reza\Desktop\Final Project\aspnet-b11-nasim\src\DevSkill.Inventory.sln\DevSkill.Inventory.Infrastructure\ApplicationUnitOfWork.cs:line 271
   at DevSkill.Inventory.Application.Features.Quotations.Queries.GetQuotationsSPQueryHandler.Handle(GetQuotationsSPQuery request, CancellationToken cancellationToken) in C:\Users\Nasim Reza\Desktop\Final Project\aspnet-b11-nasim\src\DevSkill.Inventory.sln\DevSkill.Inventory.Application\Features\Quotations\Queries\GetQuotationsSPQueryHandler.cs:line 23
   at DevSkill.Inventory.Web.Areas.Admin.Controllers.QuotationsController.GetQuotationsJsonData(QuotationListModel model)
ClientConnectionId:85ea9a0c-4b9c-49a4-a2cd-cd6e7f1a537e
Error Number:8145,State:1,Class:16
2025-06-20 18:28:52.664 +06:00 [ERR] Error loading quotations
Microsoft.Data.SqlClient.SqlException (0x80131904): @FromDate is not a parameter for procedure GetQuotations.
   at Microsoft.Data.SqlClient.SqlCommand.<>c.<ExecuteDbDataReaderAsync>b__195_0(Task`1 result)
   at System.Threading.Tasks.ContinuationResultTaskFromResultTask`2.InnerInvoke()
   at System.Threading.ExecutionContext.RunInternal(ExecutionContext executionContext, ContextCallback callback, Object state)
--- End of stack trace from previous location ---
   at System.Threading.ExecutionContext.RunInternal(ExecutionContext executionContext, ContextCallback callback, Object state)
   at System.Threading.Tasks.Task.ExecuteWithThreadLocal(Task& currentTaskSlot, Thread threadPoolThread)
--- End of stack trace from previous location ---
   at DevSkill.Inventory.Infrastructure.Utilities.SqlUtility.ExecuteQueryAsync[TReturn](DbCommand command) in C:\Users\Nasim Reza\Desktop\Final Project\aspnet-b11-nasim\src\DevSkill.Inventory.sln\DevSkill.Inventory.Infrastructure\Utilities\SqlUtility.cs:line 237
   at DevSkill.Inventory.Infrastructure.Utilities.SqlUtility.QueryWithStoredProcedureAsync[TReturn](String storedProcedureName, IDictionary`2 parameters, IDictionary`2 outParameters) in C:\Users\Nasim Reza\Desktop\Final Project\aspnet-b11-nasim\src\DevSkill.Inventory.sln\DevSkill.Inventory.Infrastructure\Utilities\SqlUtility.cs:line 100
   at DevSkill.Inventory.Infrastructure.Utilities.SqlUtility.QueryWithStoredProcedureAsync[TReturn](String storedProcedureName, IDictionary`2 parameters, IDictionary`2 outParameters) in C:\Users\Nasim Reza\Desktop\Final Project\aspnet-b11-nasim\src\DevSkill.Inventory.sln\DevSkill.Inventory.Infrastructure\Utilities\SqlUtility.cs:line 106
   at DevSkill.Inventory.Infrastructure.ApplicationUnitOfWork.GetQuotationsSP(Int32 pageIndex, Int32 pageSize, String order, QuotationSearchDto search) in C:\Users\Nasim Reza\Desktop\Final Project\aspnet-b11-nasim\src\DevSkill.Inventory.sln\DevSkill.Inventory.Infrastructure\ApplicationUnitOfWork.cs:line 271
   at DevSkill.Inventory.Application.Features.Quotations.Queries.GetQuotationsSPQueryHandler.Handle(GetQuotationsSPQuery request, CancellationToken cancellationToken) in C:\Users\Nasim Reza\Desktop\Final Project\aspnet-b11-nasim\src\DevSkill.Inventory.sln\DevSkill.Inventory.Application\Features\Quotations\Queries\GetQuotationsSPQueryHandler.cs:line 23
   at DevSkill.Inventory.Web.Areas.Admin.Controllers.QuotationsController.GetQuotationsJsonData(QuotationListModel model)
ClientConnectionId:85ea9a0c-4b9c-49a4-a2cd-cd6e7f1a537e
Error Number:8145,State:1,Class:16
2025-06-20 18:28:53.949 +06:00 [ERR] Error loading quotations
Microsoft.Data.SqlClient.SqlException (0x80131904): @FromDate is not a parameter for procedure GetQuotations.
   at Microsoft.Data.SqlClient.SqlCommand.<>c.<ExecuteDbDataReaderAsync>b__195_0(Task`1 result)
   at System.Threading.Tasks.ContinuationResultTaskFromResultTask`2.InnerInvoke()
   at System.Threading.ExecutionContext.RunInternal(ExecutionContext executionContext, ContextCallback callback, Object state)
--- End of stack trace from previous location ---
   at System.Threading.ExecutionContext.RunInternal(ExecutionContext executionContext, ContextCallback callback, Object state)
   at System.Threading.Tasks.Task.ExecuteWithThreadLocal(Task& currentTaskSlot, Thread threadPoolThread)
--- End of stack trace from previous location ---
   at DevSkill.Inventory.Infrastructure.Utilities.SqlUtility.ExecuteQueryAsync[TReturn](DbCommand command) in C:\Users\Nasim Reza\Desktop\Final Project\aspnet-b11-nasim\src\DevSkill.Inventory.sln\DevSkill.Inventory.Infrastructure\Utilities\SqlUtility.cs:line 237
   at DevSkill.Inventory.Infrastructure.Utilities.SqlUtility.QueryWithStoredProcedureAsync[TReturn](String storedProcedureName, IDictionary`2 parameters, IDictionary`2 outParameters) in C:\Users\Nasim Reza\Desktop\Final Project\aspnet-b11-nasim\src\DevSkill.Inventory.sln\DevSkill.Inventory.Infrastructure\Utilities\SqlUtility.cs:line 100
   at DevSkill.Inventory.Infrastructure.Utilities.SqlUtility.QueryWithStoredProcedureAsync[TReturn](String storedProcedureName, IDictionary`2 parameters, IDictionary`2 outParameters) in C:\Users\Nasim Reza\Desktop\Final Project\aspnet-b11-nasim\src\DevSkill.Inventory.sln\DevSkill.Inventory.Infrastructure\Utilities\SqlUtility.cs:line 106
   at DevSkill.Inventory.Infrastructure.ApplicationUnitOfWork.GetQuotationsSP(Int32 pageIndex, Int32 pageSize, String order, QuotationSearchDto search) in C:\Users\Nasim Reza\Desktop\Final Project\aspnet-b11-nasim\src\DevSkill.Inventory.sln\DevSkill.Inventory.Infrastructure\ApplicationUnitOfWork.cs:line 271
   at DevSkill.Inventory.Application.Features.Quotations.Queries.GetQuotationsSPQueryHandler.Handle(GetQuotationsSPQuery request, CancellationToken cancellationToken) in C:\Users\Nasim Reza\Desktop\Final Project\aspnet-b11-nasim\src\DevSkill.Inventory.sln\DevSkill.Inventory.Application\Features\Quotations\Queries\GetQuotationsSPQueryHandler.cs:line 23
   at DevSkill.Inventory.Web.Areas.Admin.Controllers.QuotationsController.GetQuotationsJsonData(QuotationListModel model)
ClientConnectionId:85ea9a0c-4b9c-49a4-a2cd-cd6e7f1a537e
Error Number:8145,State:1,Class:16
2025-06-20 18:30:30.998 +06:00 [INF] Application Starting...17-jan
2025-06-20 18:30:31.031 +06:00 [INF] This is Nasim Reza Hridoy
2025-06-20 18:30:31.031 +06:00 [ERR] An error occurred while starting the application.
2025-06-20 18:30:33.138 +06:00 [INF] This is Nasim Reza
2025-06-20 18:30:33.153 +06:00 [INF] This is a test log entry to verify database logging.
2025-06-20 18:33:31.703 +06:00 [INF] Application Starting...17-jan
2025-06-20 18:33:31.738 +06:00 [INF] This is Nasim Reza Hridoy
2025-06-20 18:33:31.738 +06:00 [ERR] An error occurred while starting the application.
2025-06-20 18:33:34.095 +06:00 [INF] This is Nasim Reza
2025-06-20 18:33:34.111 +06:00 [INF] This is a test log entry to verify database logging.
2025-06-20 19:20:31.635 +06:00 [INF] Application Starting...17-jan
2025-06-20 19:20:31.678 +06:00 [INF] This is Nasim Reza Hridoy
2025-06-20 19:20:31.678 +06:00 [ERR] An error occurred while starting the application.
2025-06-20 19:20:35.712 +06:00 [INF] This is Nasim Reza
2025-06-20 19:20:35.734 +06:00 [INF] This is a test log entry to verify database logging.
2025-06-20 19:23:16.330 +06:00 [ERR] Error loading quotations
Microsoft.Data.SqlClient.SqlException (0x80131904): @FromDate is not a parameter for procedure GetQuotations.
   at Microsoft.Data.SqlClient.SqlCommand.<>c.<ExecuteDbDataReaderAsync>b__195_0(Task`1 result)
   at System.Threading.Tasks.ContinuationResultTaskFromResultTask`2.InnerInvoke()
   at System.Threading.ExecutionContext.RunInternal(ExecutionContext executionContext, ContextCallback callback, Object state)
--- End of stack trace from previous location ---
   at System.Threading.ExecutionContext.RunInternal(ExecutionContext executionContext, ContextCallback callback, Object state)
   at System.Threading.Tasks.Task.ExecuteWithThreadLocal(Task& currentTaskSlot, Thread threadPoolThread)
--- End of stack trace from previous location ---
   at DevSkill.Inventory.Infrastructure.Utilities.SqlUtility.ExecuteQueryAsync[TReturn](DbCommand command) in C:\Users\Nasim Reza\Desktop\Final Project\aspnet-b11-nasim\src\DevSkill.Inventory.sln\DevSkill.Inventory.Infrastructure\Utilities\SqlUtility.cs:line 237
   at DevSkill.Inventory.Infrastructure.Utilities.SqlUtility.QueryWithStoredProcedureAsync[TReturn](String storedProcedureName, IDictionary`2 parameters, IDictionary`2 outParameters) in C:\Users\Nasim Reza\Desktop\Final Project\aspnet-b11-nasim\src\DevSkill.Inventory.sln\DevSkill.Inventory.Infrastructure\Utilities\SqlUtility.cs:line 100
   at DevSkill.Inventory.Infrastructure.Utilities.SqlUtility.QueryWithStoredProcedureAsync[TReturn](String storedProcedureName, IDictionary`2 parameters, IDictionary`2 outParameters) in C:\Users\Nasim Reza\Desktop\Final Project\aspnet-b11-nasim\src\DevSkill.Inventory.sln\DevSkill.Inventory.Infrastructure\Utilities\SqlUtility.cs:line 106
   at DevSkill.Inventory.Infrastructure.ApplicationUnitOfWork.GetQuotationsSP(Int32 pageIndex, Int32 pageSize, String order, QuotationSearchDto search) in C:\Users\Nasim Reza\Desktop\Final Project\aspnet-b11-nasim\src\DevSkill.Inventory.sln\DevSkill.Inventory.Infrastructure\ApplicationUnitOfWork.cs:line 271
   at DevSkill.Inventory.Application.Features.Quotations.Queries.GetQuotationsSPQueryHandler.Handle(GetQuotationsSPQuery request, CancellationToken cancellationToken) in C:\Users\Nasim Reza\Desktop\Final Project\aspnet-b11-nasim\src\DevSkill.Inventory.sln\DevSkill.Inventory.Application\Features\Quotations\Queries\GetQuotationsSPQueryHandler.cs:line 23
   at DevSkill.Inventory.Web.Areas.Admin.Controllers.QuotationsController.GetQuotationsJsonData(QuotationListModel model)
ClientConnectionId:f1aa603f-dd16-46bc-bb83-3f1835b5df5c
Error Number:8145,State:1,Class:16
2025-06-20 19:23:17.510 +06:00 [ERR] Error loading quotations
Microsoft.Data.SqlClient.SqlException (0x80131904): @FromDate is not a parameter for procedure GetQuotations.
   at Microsoft.Data.SqlClient.SqlCommand.<>c.<ExecuteDbDataReaderAsync>b__195_0(Task`1 result)
   at System.Threading.Tasks.ContinuationResultTaskFromResultTask`2.InnerInvoke()
   at System.Threading.ExecutionContext.RunInternal(ExecutionContext executionContext, ContextCallback callback, Object state)
--- End of stack trace from previous location ---
   at System.Threading.ExecutionContext.RunInternal(ExecutionContext executionContext, ContextCallback callback, Object state)
   at System.Threading.Tasks.Task.ExecuteWithThreadLocal(Task& currentTaskSlot, Thread threadPoolThread)
--- End of stack trace from previous location ---
   at DevSkill.Inventory.Infrastructure.Utilities.SqlUtility.ExecuteQueryAsync[TReturn](DbCommand command) in C:\Users\Nasim Reza\Desktop\Final Project\aspnet-b11-nasim\src\DevSkill.Inventory.sln\DevSkill.Inventory.Infrastructure\Utilities\SqlUtility.cs:line 237
   at DevSkill.Inventory.Infrastructure.Utilities.SqlUtility.QueryWithStoredProcedureAsync[TReturn](String storedProcedureName, IDictionary`2 parameters, IDictionary`2 outParameters) in C:\Users\Nasim Reza\Desktop\Final Project\aspnet-b11-nasim\src\DevSkill.Inventory.sln\DevSkill.Inventory.Infrastructure\Utilities\SqlUtility.cs:line 100
   at DevSkill.Inventory.Infrastructure.Utilities.SqlUtility.QueryWithStoredProcedureAsync[TReturn](String storedProcedureName, IDictionary`2 parameters, IDictionary`2 outParameters) in C:\Users\Nasim Reza\Desktop\Final Project\aspnet-b11-nasim\src\DevSkill.Inventory.sln\DevSkill.Inventory.Infrastructure\Utilities\SqlUtility.cs:line 106
   at DevSkill.Inventory.Infrastructure.ApplicationUnitOfWork.GetQuotationsSP(Int32 pageIndex, Int32 pageSize, String order, QuotationSearchDto search) in C:\Users\Nasim Reza\Desktop\Final Project\aspnet-b11-nasim\src\DevSkill.Inventory.sln\DevSkill.Inventory.Infrastructure\ApplicationUnitOfWork.cs:line 271
   at DevSkill.Inventory.Application.Features.Quotations.Queries.GetQuotationsSPQueryHandler.Handle(GetQuotationsSPQuery request, CancellationToken cancellationToken) in C:\Users\Nasim Reza\Desktop\Final Project\aspnet-b11-nasim\src\DevSkill.Inventory.sln\DevSkill.Inventory.Application\Features\Quotations\Queries\GetQuotationsSPQueryHandler.cs:line 23
   at DevSkill.Inventory.Web.Areas.Admin.Controllers.QuotationsController.GetQuotationsJsonData(QuotationListModel model)
ClientConnectionId:f1aa603f-dd16-46bc-bb83-3f1835b5df5c
Error Number:8145,State:1,Class:16
2025-06-20 19:23:17.934 +06:00 [ERR] Error loading service sales
Microsoft.Data.SqlClient.SqlException (0x80131904): Procedure or function 'GetServiceSales' expects parameter '@TotalCount', which was not supplied.
   at Microsoft.Data.SqlClient.SqlCommand.<>c.<ExecuteDbDataReaderAsync>b__195_0(Task`1 result)
   at System.Threading.Tasks.ContinuationResultTaskFromResultTask`2.InnerInvoke()
   at System.Threading.ExecutionContext.RunInternal(ExecutionContext executionContext, ContextCallback callback, Object state)
--- End of stack trace from previous location ---
   at System.Threading.ExecutionContext.RunInternal(ExecutionContext executionContext, ContextCallback callback, Object state)
   at System.Threading.Tasks.Task.ExecuteWithThreadLocal(Task& currentTaskSlot, Thread threadPoolThread)
--- End of stack trace from previous location ---
   at DevSkill.Inventory.Infrastructure.Utilities.SqlUtility.ExecuteQueryAsync[TReturn](DbCommand command) in C:\Users\Nasim Reza\Desktop\Final Project\aspnet-b11-nasim\src\DevSkill.Inventory.sln\DevSkill.Inventory.Infrastructure\Utilities\SqlUtility.cs:line 237
   at DevSkill.Inventory.Infrastructure.Utilities.SqlUtility.QueryWithStoredProcedureAsync[TReturn](String storedProcedureName, IDictionary`2 parameters, IDictionary`2 outParameters) in C:\Users\Nasim Reza\Desktop\Final Project\aspnet-b11-nasim\src\DevSkill.Inventory.sln\DevSkill.Inventory.Infrastructure\Utilities\SqlUtility.cs:line 100
   at DevSkill.Inventory.Infrastructure.Utilities.SqlUtility.QueryWithStoredProcedureAsync[TReturn](String storedProcedureName, IDictionary`2 parameters, IDictionary`2 outParameters) in C:\Users\Nasim Reza\Desktop\Final Project\aspnet-b11-nasim\src\DevSkill.Inventory.sln\DevSkill.Inventory.Infrastructure\Utilities\SqlUtility.cs:line 106
   at DevSkill.Inventory.Infrastructure.ApplicationUnitOfWork.GetServiceSalesSP(Int32 pageIndex, Int32 pageSize, String order, ServiceSaleSearchDto search) in C:\Users\Nasim Reza\Desktop\Final Project\aspnet-b11-nasim\src\DevSkill.Inventory.sln\DevSkill.Inventory.Infrastructure\ApplicationUnitOfWork.cs:line 224
   at DevSkill.Inventory.Application.Features.ServiceSales.Queries.GetServiceSalesSPQueryHandler.Handle(GetServiceSalesSPQuery request, CancellationToken cancellationToken) in C:\Users\Nasim Reza\Desktop\Final Project\aspnet-b11-nasim\src\DevSkill.Inventory.sln\DevSkill.Inventory.Application\Features\ServiceSales\Queries\GetServiceSalesSPQueryHandler.cs:line 25
   at DevSkill.Inventory.Web.Areas.Admin.Controllers.ServiceSalesController.GetServiceSalesJsonData(ServiceSaleListModel model)
ClientConnectionId:f1aa603f-dd16-46bc-bb83-3f1835b5df5c
Error Number:201,State:4,Class:16
2025-06-20 19:23:19.045 +06:00 [ERR] Error loading quotations
Microsoft.Data.SqlClient.SqlException (0x80131904): @FromDate is not a parameter for procedure GetQuotations.
   at Microsoft.Data.SqlClient.SqlCommand.<>c.<ExecuteDbDataReaderAsync>b__195_0(Task`1 result)
   at System.Threading.Tasks.ContinuationResultTaskFromResultTask`2.InnerInvoke()
   at System.Threading.ExecutionContext.RunInternal(ExecutionContext executionContext, ContextCallback callback, Object state)
--- End of stack trace from previous location ---
   at System.Threading.ExecutionContext.RunInternal(ExecutionContext executionContext, ContextCallback callback, Object state)
   at System.Threading.Tasks.Task.ExecuteWithThreadLocal(Task& currentTaskSlot, Thread threadPoolThread)
--- End of stack trace from previous location ---
   at DevSkill.Inventory.Infrastructure.Utilities.SqlUtility.ExecuteQueryAsync[TReturn](DbCommand command) in C:\Users\Nasim Reza\Desktop\Final Project\aspnet-b11-nasim\src\DevSkill.Inventory.sln\DevSkill.Inventory.Infrastructure\Utilities\SqlUtility.cs:line 237
   at DevSkill.Inventory.Infrastructure.Utilities.SqlUtility.QueryWithStoredProcedureAsync[TReturn](String storedProcedureName, IDictionary`2 parameters, IDictionary`2 outParameters) in C:\Users\Nasim Reza\Desktop\Final Project\aspnet-b11-nasim\src\DevSkill.Inventory.sln\DevSkill.Inventory.Infrastructure\Utilities\SqlUtility.cs:line 100
   at DevSkill.Inventory.Infrastructure.Utilities.SqlUtility.QueryWithStoredProcedureAsync[TReturn](String storedProcedureName, IDictionary`2 parameters, IDictionary`2 outParameters) in C:\Users\Nasim Reza\Desktop\Final Project\aspnet-b11-nasim\src\DevSkill.Inventory.sln\DevSkill.Inventory.Infrastructure\Utilities\SqlUtility.cs:line 106
   at DevSkill.Inventory.Infrastructure.ApplicationUnitOfWork.GetQuotationsSP(Int32 pageIndex, Int32 pageSize, String order, QuotationSearchDto search) in C:\Users\Nasim Reza\Desktop\Final Project\aspnet-b11-nasim\src\DevSkill.Inventory.sln\DevSkill.Inventory.Infrastructure\ApplicationUnitOfWork.cs:line 271
   at DevSkill.Inventory.Application.Features.Quotations.Queries.GetQuotationsSPQueryHandler.Handle(GetQuotationsSPQuery request, CancellationToken cancellationToken) in C:\Users\Nasim Reza\Desktop\Final Project\aspnet-b11-nasim\src\DevSkill.Inventory.sln\DevSkill.Inventory.Application\Features\Quotations\Queries\GetQuotationsSPQueryHandler.cs:line 23
   at DevSkill.Inventory.Web.Areas.Admin.Controllers.QuotationsController.GetQuotationsJsonData(QuotationListModel model)
ClientConnectionId:f1aa603f-dd16-46bc-bb83-3f1835b5df5c
Error Number:8145,State:1,Class:16
2025-06-20 19:23:23.138 +06:00 [ERR] The view 'ViewMoneyReceipt' was not found. Searched locations: ["/Areas/Admin/Views/MoneyReceipts/ViewMoneyReceipt.cshtml","/Areas/Admin/Views/Shared/ViewMoneyReceipt.cshtml","/Views/Shared/ViewMoneyReceipt.cshtml","/Pages/Shared/ViewMoneyReceipt.cshtml"]
2025-06-20 19:23:23.151 +06:00 [ERR] An unhandled exception has occurred while executing the request.
System.InvalidOperationException: The view 'ViewMoneyReceipt' was not found. The following locations were searched:
/Areas/Admin/Views/MoneyReceipts/ViewMoneyReceipt.cshtml
/Areas/Admin/Views/Shared/ViewMoneyReceipt.cshtml
/Views/Shared/ViewMoneyReceipt.cshtml
/Pages/Shared/ViewMoneyReceipt.cshtml
   at Microsoft.AspNetCore.Mvc.ViewEngines.ViewEngineResult.EnsureSuccessful(IEnumerable`1 originalLocations)
   at Microsoft.AspNetCore.Mvc.ViewFeatures.ViewResultExecutor.ExecuteAsync(ActionContext context, ViewResult result)
   at Microsoft.AspNetCore.Mvc.ViewResult.ExecuteResultAsync(ActionContext context)
   at Microsoft.AspNetCore.Mvc.Infrastructure.ResourceInvoker.<InvokeNextResultFilterAsync>g__Awaited|30_0[TFilter,TFilterAsync](ResourceInvoker invoker, Task lastTask, State next, Scope scope, Object state, Boolean isCompleted)
   at Microsoft.AspNetCore.Mvc.Infrastructure.ResourceInvoker.Rethrow(ResultExecutedContextSealed context)
   at Microsoft.AspNetCore.Mvc.Infrastructure.ResourceInvoker.ResultNext[TFilter,TFilterAsync](State& next, Scope& scope, Object& state, Boolean& isCompleted)
   at Microsoft.AspNetCore.Mvc.Infrastructure.ResourceInvoker.InvokeResultFilters()
--- End of stack trace from previous location ---
   at Microsoft.AspNetCore.Mvc.Infrastructure.ResourceInvoker.<InvokeNextResourceFilter>g__Awaited|25_0(ResourceInvoker invoker, Task lastTask, State next, Scope scope, Object state, Boolean isCompleted)
   at Microsoft.AspNetCore.Mvc.Infrastructure.ResourceInvoker.Rethrow(ResourceExecutedContextSealed context)
   at Microsoft.AspNetCore.Mvc.Infrastructure.ResourceInvoker.Next(State& next, Scope& scope, Object& state, Boolean& isCompleted)
   at Microsoft.AspNetCore.Mvc.Infrastructure.ResourceInvoker.<InvokeFilterPipelineAsync>g__Awaited|20_0(ResourceInvoker invoker, Task lastTask, State next, Scope scope, Object state, Boolean isCompleted)
   at Microsoft.AspNetCore.Mvc.Infrastructure.ResourceInvoker.<InvokeAsync>g__Awaited|17_0(ResourceInvoker invoker, Task task, IDisposable scope)
   at Microsoft.AspNetCore.Mvc.Infrastructure.ResourceInvoker.<InvokeAsync>g__Awaited|17_0(ResourceInvoker invoker, Task task, IDisposable scope)
   at Microsoft.AspNetCore.Authorization.AuthorizationMiddleware.Invoke(HttpContext context)
   at Microsoft.AspNetCore.Authentication.AuthenticationMiddleware.Invoke(HttpContext context)
   at Microsoft.AspNetCore.Diagnostics.DeveloperExceptionPageMiddlewareImpl.Invoke(HttpContext context)
2025-06-20 19:23:39.216 +06:00 [ERR] Error loading service data
AutoMapper.AutoMapperMappingException: Missing type map configuration or unsupported mapping.

Mapping types:
ServiceSearchModel -> ServiceSearchDto
DevSkill.Inventory.Web.Areas.Admin.Models.ServicesModels.ServiceSearchModel -> DevSkill.Inventory.Domain.Dtos.ServiceSearchDto
   at lambda_method960(Closure, Object, ServiceSearchDto, ResolutionContext)
   at DevSkill.Inventory.Web.Areas.Admin.Controllers.ServicesController.GetServicesJsonData(ServiceListModel model)
2025-06-20 19:23:40.454 +06:00 [ERR] Error loading service sales
Microsoft.Data.SqlClient.SqlException (0x80131904): Procedure or function 'GetServiceSales' expects parameter '@TotalCount', which was not supplied.
   at Microsoft.Data.SqlClient.SqlCommand.<>c.<ExecuteDbDataReaderAsync>b__195_0(Task`1 result)
   at System.Threading.Tasks.ContinuationResultTaskFromResultTask`2.InnerInvoke()
   at System.Threading.ExecutionContext.RunInternal(ExecutionContext executionContext, ContextCallback callback, Object state)
--- End of stack trace from previous location ---
   at System.Threading.ExecutionContext.RunInternal(ExecutionContext executionContext, ContextCallback callback, Object state)
   at System.Threading.Tasks.Task.ExecuteWithThreadLocal(Task& currentTaskSlot, Thread threadPoolThread)
--- End of stack trace from previous location ---
   at DevSkill.Inventory.Infrastructure.Utilities.SqlUtility.ExecuteQueryAsync[TReturn](DbCommand command) in C:\Users\Nasim Reza\Desktop\Final Project\aspnet-b11-nasim\src\DevSkill.Inventory.sln\DevSkill.Inventory.Infrastructure\Utilities\SqlUtility.cs:line 237
   at DevSkill.Inventory.Infrastructure.Utilities.SqlUtility.QueryWithStoredProcedureAsync[TReturn](String storedProcedureName, IDictionary`2 parameters, IDictionary`2 outParameters) in C:\Users\Nasim Reza\Desktop\Final Project\aspnet-b11-nasim\src\DevSkill.Inventory.sln\DevSkill.Inventory.Infrastructure\Utilities\SqlUtility.cs:line 100
   at DevSkill.Inventory.Infrastructure.Utilities.SqlUtility.QueryWithStoredProcedureAsync[TReturn](String storedProcedureName, IDictionary`2 parameters, IDictionary`2 outParameters) in C:\Users\Nasim Reza\Desktop\Final Project\aspnet-b11-nasim\src\DevSkill.Inventory.sln\DevSkill.Inventory.Infrastructure\Utilities\SqlUtility.cs:line 106
   at DevSkill.Inventory.Infrastructure.ApplicationUnitOfWork.GetServiceSalesSP(Int32 pageIndex, Int32 pageSize, String order, ServiceSaleSearchDto search) in C:\Users\Nasim Reza\Desktop\Final Project\aspnet-b11-nasim\src\DevSkill.Inventory.sln\DevSkill.Inventory.Infrastructure\ApplicationUnitOfWork.cs:line 224
   at DevSkill.Inventory.Application.Features.ServiceSales.Queries.GetServiceSalesSPQueryHandler.Handle(GetServiceSalesSPQuery request, CancellationToken cancellationToken) in C:\Users\Nasim Reza\Desktop\Final Project\aspnet-b11-nasim\src\DevSkill.Inventory.sln\DevSkill.Inventory.Application\Features\ServiceSales\Queries\GetServiceSalesSPQueryHandler.cs:line 25
   at DevSkill.Inventory.Web.Areas.Admin.Controllers.ServiceSalesController.GetServiceSalesJsonData(ServiceSaleListModel model)
ClientConnectionId:f1aa603f-dd16-46bc-bb83-3f1835b5df5c
Error Number:201,State:4,Class:16
2025-06-20 20:38:02.525 +06:00 [INF] Application Starting...17-jan
2025-06-20 20:38:02.559 +06:00 [INF] This is Nasim Reza Hridoy
2025-06-20 20:38:02.559 +06:00 [ERR] An error occurred while starting the application.
2025-06-20 20:38:06.017 +06:00 [INF] This is Nasim Reza
2025-06-20 20:38:06.034 +06:00 [INF] This is a test log entry to verify database logging.
2025-06-20 20:56:40.906 +06:00 [INF] Application Starting...17-jan
2025-06-20 20:56:40.940 +06:00 [INF] This is Nasim Reza Hridoy
2025-06-20 20:56:40.940 +06:00 [ERR] An error occurred while starting the application.
2025-06-20 20:56:44.831 +06:00 [INF] This is Nasim Reza
2025-06-20 20:56:44.849 +06:00 [INF] This is a test log entry to verify database logging.
2025-06-20 20:57:16.711 +06:00 [ERR] Error loading quotations
Microsoft.Data.SqlClient.SqlException (0x80131904): @FromDate is not a parameter for procedure GetQuotations.
   at Microsoft.Data.SqlClient.SqlCommand.<>c.<ExecuteDbDataReaderAsync>b__195_0(Task`1 result)
   at System.Threading.Tasks.ContinuationResultTaskFromResultTask`2.InnerInvoke()
   at System.Threading.ExecutionContext.RunInternal(ExecutionContext executionContext, ContextCallback callback, Object state)
--- End of stack trace from previous location ---
   at System.Threading.ExecutionContext.RunInternal(ExecutionContext executionContext, ContextCallback callback, Object state)
   at System.Threading.Tasks.Task.ExecuteWithThreadLocal(Task& currentTaskSlot, Thread threadPoolThread)
--- End of stack trace from previous location ---
   at DevSkill.Inventory.Infrastructure.Utilities.SqlUtility.ExecuteQueryAsync[TReturn](DbCommand command) in C:\Users\Nasim Reza\Desktop\Final Project\aspnet-b11-nasim\src\DevSkill.Inventory.sln\DevSkill.Inventory.Infrastructure\Utilities\SqlUtility.cs:line 237
   at DevSkill.Inventory.Infrastructure.Utilities.SqlUtility.QueryWithStoredProcedureAsync[TReturn](String storedProcedureName, IDictionary`2 parameters, IDictionary`2 outParameters) in C:\Users\Nasim Reza\Desktop\Final Project\aspnet-b11-nasim\src\DevSkill.Inventory.sln\DevSkill.Inventory.Infrastructure\Utilities\SqlUtility.cs:line 100
   at DevSkill.Inventory.Infrastructure.Utilities.SqlUtility.QueryWithStoredProcedureAsync[TReturn](String storedProcedureName, IDictionary`2 parameters, IDictionary`2 outParameters) in C:\Users\Nasim Reza\Desktop\Final Project\aspnet-b11-nasim\src\DevSkill.Inventory.sln\DevSkill.Inventory.Infrastructure\Utilities\SqlUtility.cs:line 106
   at DevSkill.Inventory.Infrastructure.ApplicationUnitOfWork.GetQuotationsSP(Int32 pageIndex, Int32 pageSize, String order, QuotationSearchDto search) in C:\Users\Nasim Reza\Desktop\Final Project\aspnet-b11-nasim\src\DevSkill.Inventory.sln\DevSkill.Inventory.Infrastructure\ApplicationUnitOfWork.cs:line 271
   at DevSkill.Inventory.Application.Features.Quotations.Queries.GetQuotationsSPQueryHandler.Handle(GetQuotationsSPQuery request, CancellationToken cancellationToken) in C:\Users\Nasim Reza\Desktop\Final Project\aspnet-b11-nasim\src\DevSkill.Inventory.sln\DevSkill.Inventory.Application\Features\Quotations\Queries\GetQuotationsSPQueryHandler.cs:line 23
   at DevSkill.Inventory.Web.Areas.Admin.Controllers.QuotationsController.GetQuotationsJsonData(QuotationListModel model) in C:\Users\Nasim Reza\Desktop\Final Project\aspnet-b11-nasim\src\DevSkill.Inventory.sln\DevSkill.Inventory.Web\Areas\Admin\Controllers\QuotationsController.cs:line 47
ClientConnectionId:5cae33fa-8a2e-4eed-aab8-bff63cb51f22
Error Number:8145,State:1,Class:16
2025-06-20 20:58:03.067 +06:00 [ERR] Error loading quotations
Microsoft.Data.SqlClient.SqlException (0x80131904): @FromDate is not a parameter for procedure GetQuotations.
   at Microsoft.Data.SqlClient.SqlCommand.<>c.<ExecuteDbDataReaderAsync>b__195_0(Task`1 result)
   at System.Threading.Tasks.ContinuationResultTaskFromResultTask`2.InnerInvoke()
   at System.Threading.ExecutionContext.RunInternal(ExecutionContext executionContext, ContextCallback callback, Object state)
--- End of stack trace from previous location ---
   at System.Threading.ExecutionContext.RunInternal(ExecutionContext executionContext, ContextCallback callback, Object state)
   at System.Threading.Tasks.Task.ExecuteWithThreadLocal(Task& currentTaskSlot, Thread threadPoolThread)
--- End of stack trace from previous location ---
   at DevSkill.Inventory.Infrastructure.Utilities.SqlUtility.ExecuteQueryAsync[TReturn](DbCommand command) in C:\Users\Nasim Reza\Desktop\Final Project\aspnet-b11-nasim\src\DevSkill.Inventory.sln\DevSkill.Inventory.Infrastructure\Utilities\SqlUtility.cs:line 237
   at DevSkill.Inventory.Infrastructure.Utilities.SqlUtility.QueryWithStoredProcedureAsync[TReturn](String storedProcedureName, IDictionary`2 parameters, IDictionary`2 outParameters) in C:\Users\Nasim Reza\Desktop\Final Project\aspnet-b11-nasim\src\DevSkill.Inventory.sln\DevSkill.Inventory.Infrastructure\Utilities\SqlUtility.cs:line 100
   at DevSkill.Inventory.Infrastructure.Utilities.SqlUtility.QueryWithStoredProcedureAsync[TReturn](String storedProcedureName, IDictionary`2 parameters, IDictionary`2 outParameters) in C:\Users\Nasim Reza\Desktop\Final Project\aspnet-b11-nasim\src\DevSkill.Inventory.sln\DevSkill.Inventory.Infrastructure\Utilities\SqlUtility.cs:line 106
   at DevSkill.Inventory.Infrastructure.ApplicationUnitOfWork.GetQuotationsSP(Int32 pageIndex, Int32 pageSize, String order, QuotationSearchDto search) in C:\Users\Nasim Reza\Desktop\Final Project\aspnet-b11-nasim\src\DevSkill.Inventory.sln\DevSkill.Inventory.Infrastructure\ApplicationUnitOfWork.cs:line 271
   at DevSkill.Inventory.Application.Features.Quotations.Queries.GetQuotationsSPQueryHandler.Handle(GetQuotationsSPQuery request, CancellationToken cancellationToken) in C:\Users\Nasim Reza\Desktop\Final Project\aspnet-b11-nasim\src\DevSkill.Inventory.sln\DevSkill.Inventory.Application\Features\Quotations\Queries\GetQuotationsSPQueryHandler.cs:line 23
   at DevSkill.Inventory.Web.Areas.Admin.Controllers.QuotationsController.GetQuotationsJsonData(QuotationListModel model) in C:\Users\Nasim Reza\Desktop\Final Project\aspnet-b11-nasim\src\DevSkill.Inventory.sln\DevSkill.Inventory.Web\Areas\Admin\Controllers\QuotationsController.cs:line 47
ClientConnectionId:5cae33fa-8a2e-4eed-aab8-bff63cb51f22
Error Number:8145,State:1,Class:16
