2025-06-21 00:35:38.793 +06:00 [INF] Application Starting...17-jan
2025-06-21 00:35:38.836 +06:00 [INF] This is Nasim Reza Hridoy
2025-06-21 00:35:38.836 +06:00 [ERR] An error occurred while starting the application.
2025-06-21 00:35:43.305 +06:00 [INF] This is Nasim Reza
2025-06-21 00:35:43.327 +06:00 [INF] This is a test log entry to verify database logging.
2025-06-21 00:36:20.412 +06:00 [INF] Application Starting...17-jan
2025-06-21 00:36:20.448 +06:00 [INF] This is Nasim Reza Hridoy
2025-06-21 00:36:20.449 +06:00 [ERR] An error occurred while starting the application.
2025-06-21 00:36:23.041 +06:00 [INF] This is Nasim Reza
2025-06-21 00:36:23.059 +06:00 [INF] This is a test log entry to verify database logging.
2025-06-21 00:36:58.399 +06:00 [INF] Application Starting...17-jan
2025-06-21 00:36:58.437 +06:00 [INF] This is Nasim Reza Hridoy
2025-06-21 00:36:58.437 +06:00 [ERR] An error occurred while starting the application.
2025-06-21 00:37:01.018 +06:00 [INF] This is Nasim Reza
2025-06-21 00:37:01.034 +06:00 [INF] This is a test log entry to verify database logging.
2025-06-21 00:37:09.364 +06:00 [ERR] Error loading service sales
Microsoft.Data.SqlClient.SqlException (0x80131904): Procedure or function 'GetServiceSales' expects parameter '@TotalCount', which was not supplied.
   at Microsoft.Data.SqlClient.SqlCommand.<>c.<ExecuteDbDataReaderAsync>b__195_0(Task`1 result)
   at System.Threading.Tasks.ContinuationResultTaskFromResultTask`2.InnerInvoke()
   at System.Threading.ExecutionContext.RunInternal(ExecutionContext executionContext, ContextCallback callback, Object state)
--- End of stack trace from previous location ---
   at System.Threading.ExecutionContext.RunInternal(ExecutionContext executionContext, ContextCallback callback, Object state)
   at System.Threading.Tasks.Task.ExecuteWithThreadLocal(Task& currentTaskSlot, Thread threadPoolThread)
--- End of stack trace from previous location ---
   at DevSkill.Inventory.Infrastructure.Utilities.SqlUtility.ExecuteQueryAsync[TReturn](DbCommand command) in C:\Users\Nasim Reza\Desktop\Final Project\aspnet-b11-nasim\src\DevSkill.Inventory.sln\DevSkill.Inventory.Infrastructure\Utilities\SqlUtility.cs:line 237
   at DevSkill.Inventory.Infrastructure.Utilities.SqlUtility.QueryWithStoredProcedureAsync[TReturn](String storedProcedureName, IDictionary`2 parameters, IDictionary`2 outParameters) in C:\Users\Nasim Reza\Desktop\Final Project\aspnet-b11-nasim\src\DevSkill.Inventory.sln\DevSkill.Inventory.Infrastructure\Utilities\SqlUtility.cs:line 100
   at DevSkill.Inventory.Infrastructure.Utilities.SqlUtility.QueryWithStoredProcedureAsync[TReturn](String storedProcedureName, IDictionary`2 parameters, IDictionary`2 outParameters) in C:\Users\Nasim Reza\Desktop\Final Project\aspnet-b11-nasim\src\DevSkill.Inventory.sln\DevSkill.Inventory.Infrastructure\Utilities\SqlUtility.cs:line 106
   at DevSkill.Inventory.Infrastructure.ApplicationUnitOfWork.GetServiceSalesSP(Int32 pageIndex, Int32 pageSize, String order, ServiceSaleSearchDto search) in C:\Users\Nasim Reza\Desktop\Final Project\aspnet-b11-nasim\src\DevSkill.Inventory.sln\DevSkill.Inventory.Infrastructure\ApplicationUnitOfWork.cs:line 224
   at DevSkill.Inventory.Application.Features.ServiceSales.Queries.GetServiceSalesSPQueryHandler.Handle(GetServiceSalesSPQuery request, CancellationToken cancellationToken) in C:\Users\Nasim Reza\Desktop\Final Project\aspnet-b11-nasim\src\DevSkill.Inventory.sln\DevSkill.Inventory.Application\Features\ServiceSales\Queries\GetServiceSalesSPQueryHandler.cs:line 25
   at DevSkill.Inventory.Web.Areas.Admin.Controllers.ServiceSalesController.GetServiceSalesJsonData(ServiceSaleListModel model) in C:\Users\Nasim Reza\Desktop\Final Project\aspnet-b11-nasim\src\DevSkill.Inventory.sln\DevSkill.Inventory.Web\Areas\Admin\Controllers\ServiceSalesController.cs:line 129
ClientConnectionId:2f5f202c-f942-48f0-8828-c562dc2f424e
Error Number:201,State:4,Class:16
2025-06-21 00:37:20.705 +06:00 [INF] Application Starting...17-jan
2025-06-21 00:37:20.743 +06:00 [INF] This is Nasim Reza Hridoy
2025-06-21 00:37:20.744 +06:00 [ERR] An error occurred while starting the application.
2025-06-21 00:37:23.356 +06:00 [INF] This is Nasim Reza
2025-06-21 00:37:23.373 +06:00 [INF] This is a test log entry to verify database logging.
2025-06-21 00:42:12.760 +06:00 [INF] Application Starting...17-jan
2025-06-21 00:42:12.803 +06:00 [INF] This is Nasim Reza Hridoy
2025-06-21 00:42:12.804 +06:00 [ERR] An error occurred while starting the application.
2025-06-21 00:42:15.199 +06:00 [INF] This is Nasim Reza
2025-06-21 00:42:15.216 +06:00 [INF] This is a test log entry to verify database logging.
2025-06-21 00:42:53.431 +06:00 [ERR] An unhandled exception has occurred while executing the request.
Microsoft.Data.SqlClient.SqlException (0x80131904): @FromDate is not a parameter for procedure GetQuotations.
   at Microsoft.Data.SqlClient.SqlCommand.<>c.<ExecuteDbDataReaderAsync>b__195_0(Task`1 result)
   at System.Threading.Tasks.ContinuationResultTaskFromResultTask`2.InnerInvoke()
   at System.Threading.ExecutionContext.RunInternal(ExecutionContext executionContext, ContextCallback callback, Object state)
--- End of stack trace from previous location ---
   at System.Threading.ExecutionContext.RunInternal(ExecutionContext executionContext, ContextCallback callback, Object state)
   at System.Threading.Tasks.Task.ExecuteWithThreadLocal(Task& currentTaskSlot, Thread threadPoolThread)
--- End of stack trace from previous location ---
   at DevSkill.Inventory.Infrastructure.Utilities.SqlUtility.ExecuteQueryAsync[TReturn](DbCommand command) in C:\Users\Nasim Reza\Desktop\Final Project\aspnet-b11-nasim\src\DevSkill.Inventory.sln\DevSkill.Inventory.Infrastructure\Utilities\SqlUtility.cs:line 237
   at DevSkill.Inventory.Infrastructure.Utilities.SqlUtility.QueryWithStoredProcedureAsync[TReturn](String storedProcedureName, IDictionary`2 parameters, IDictionary`2 outParameters) in C:\Users\Nasim Reza\Desktop\Final Project\aspnet-b11-nasim\src\DevSkill.Inventory.sln\DevSkill.Inventory.Infrastructure\Utilities\SqlUtility.cs:line 100
   at DevSkill.Inventory.Infrastructure.Utilities.SqlUtility.QueryWithStoredProcedureAsync[TReturn](String storedProcedureName, IDictionary`2 parameters, IDictionary`2 outParameters) in C:\Users\Nasim Reza\Desktop\Final Project\aspnet-b11-nasim\src\DevSkill.Inventory.sln\DevSkill.Inventory.Infrastructure\Utilities\SqlUtility.cs:line 106
   at DevSkill.Inventory.Infrastructure.ApplicationUnitOfWork.GetQuotationsSP(Int32 pageIndex, Int32 pageSize, String order, QuotationSearchDto search) in C:\Users\Nasim Reza\Desktop\Final Project\aspnet-b11-nasim\src\DevSkill.Inventory.sln\DevSkill.Inventory.Infrastructure\ApplicationUnitOfWork.cs:line 271
   at DevSkill.Inventory.Application.Features.Quotations.Queries.GetQuotationsSPQueryHandler.Handle(GetQuotationsSPQuery request, CancellationToken cancellationToken) in C:\Users\Nasim Reza\Desktop\Final Project\aspnet-b11-nasim\src\DevSkill.Inventory.sln\DevSkill.Inventory.Application\Features\Quotations\Queries\GetQuotationsSPQueryHandler.cs:line 23
   at DevSkill.Inventory.Web.Areas.Admin.Controllers.QuotationsController.GetQuotationsJsonData(QuotationListModel model) in C:\Users\Nasim Reza\Desktop\Final Project\aspnet-b11-nasim\src\DevSkill.Inventory.sln\DevSkill.Inventory.Web\Areas\Admin\Controllers\QuotationsController.cs:line 42
   at lambda_method794(Closure, Object)
   at Microsoft.AspNetCore.Mvc.Infrastructure.ActionMethodExecutor.TaskOfActionResultExecutor.Execute(ActionContext actionContext, IActionResultTypeMapper mapper, ObjectMethodExecutor executor, Object controller, Object[] arguments)
   at Microsoft.AspNetCore.Mvc.Infrastructure.ControllerActionInvoker.<InvokeActionMethodAsync>g__Awaited|12_0(ControllerActionInvoker invoker, ValueTask`1 actionResultValueTask)
   at Microsoft.AspNetCore.Mvc.Infrastructure.ControllerActionInvoker.<InvokeNextActionFilterAsync>g__Awaited|10_0(ControllerActionInvoker invoker, Task lastTask, State next, Scope scope, Object state, Boolean isCompleted)
   at Microsoft.AspNetCore.Mvc.Infrastructure.ControllerActionInvoker.Rethrow(ActionExecutedContextSealed context)
   at Microsoft.AspNetCore.Mvc.Infrastructure.ControllerActionInvoker.Next(State& next, Scope& scope, Object& state, Boolean& isCompleted)
   at Microsoft.AspNetCore.Mvc.Infrastructure.ControllerActionInvoker.<InvokeInnerFilterAsync>g__Awaited|13_0(ControllerActionInvoker invoker, Task lastTask, State next, Scope scope, Object state, Boolean isCompleted)
   at Microsoft.AspNetCore.Mvc.Infrastructure.ResourceInvoker.<InvokeNextResourceFilter>g__Awaited|25_0(ResourceInvoker invoker, Task lastTask, State next, Scope scope, Object state, Boolean isCompleted)
   at Microsoft.AspNetCore.Mvc.Infrastructure.ResourceInvoker.Rethrow(ResourceExecutedContextSealed context)
   at Microsoft.AspNetCore.Mvc.Infrastructure.ResourceInvoker.Next(State& next, Scope& scope, Object& state, Boolean& isCompleted)
   at Microsoft.AspNetCore.Mvc.Infrastructure.ResourceInvoker.<InvokeFilterPipelineAsync>g__Awaited|20_0(ResourceInvoker invoker, Task lastTask, State next, Scope scope, Object state, Boolean isCompleted)
   at Microsoft.AspNetCore.Mvc.Infrastructure.ResourceInvoker.<InvokeAsync>g__Awaited|17_0(ResourceInvoker invoker, Task task, IDisposable scope)
   at Microsoft.AspNetCore.Mvc.Infrastructure.ResourceInvoker.<InvokeAsync>g__Awaited|17_0(ResourceInvoker invoker, Task task, IDisposable scope)
   at Microsoft.AspNetCore.Authorization.AuthorizationMiddleware.Invoke(HttpContext context)
   at Microsoft.AspNetCore.Authentication.AuthenticationMiddleware.Invoke(HttpContext context)
   at Microsoft.AspNetCore.Diagnostics.DeveloperExceptionPageMiddlewareImpl.Invoke(HttpContext context)
ClientConnectionId:319e47bc-e2cc-4426-aad0-18bc24ad6e10
Error Number:8145,State:1,Class:16
2025-06-21 00:43:08.307 +06:00 [INF] Application Starting...17-jan
2025-06-21 00:43:08.346 +06:00 [INF] This is Nasim Reza Hridoy
2025-06-21 00:43:08.346 +06:00 [ERR] An error occurred while starting the application.
2025-06-21 00:43:10.758 +06:00 [INF] This is Nasim Reza
2025-06-21 00:43:10.774 +06:00 [INF] This is a test log entry to verify database logging.
2025-06-21 00:43:20.885 +06:00 [ERR] Error loading service data
AutoMapper.AutoMapperMappingException: Missing type map configuration or unsupported mapping.

Mapping types:
ServiceSearchModel -> ServiceSearchDto
DevSkill.Inventory.Web.Areas.Admin.Models.ServicesModels.ServiceSearchModel -> DevSkill.Inventory.Domain.Dtos.ServiceSearchDto
   at lambda_method820(Closure, Object, ServiceSearchDto, ResolutionContext)
   at DevSkill.Inventory.Web.Areas.Admin.Controllers.ServicesController.GetServicesJsonData(ServiceListModel model) in C:\Users\Nasim Reza\Desktop\Final Project\aspnet-b11-nasim\src\DevSkill.Inventory.sln\DevSkill.Inventory.Web\Areas\Admin\Controllers\ServicesController.cs:line 36
2025-06-21 00:43:22.099 +06:00 [ERR] Error loading service sales
Microsoft.Data.SqlClient.SqlException (0x80131904): Procedure or function 'GetServiceSales' expects parameter '@TotalCount', which was not supplied.
   at Microsoft.Data.SqlClient.SqlCommand.<>c.<ExecuteDbDataReaderAsync>b__195_0(Task`1 result)
   at System.Threading.Tasks.ContinuationResultTaskFromResultTask`2.InnerInvoke()
   at System.Threading.ExecutionContext.RunInternal(ExecutionContext executionContext, ContextCallback callback, Object state)
--- End of stack trace from previous location ---
   at System.Threading.ExecutionContext.RunInternal(ExecutionContext executionContext, ContextCallback callback, Object state)
   at System.Threading.Tasks.Task.ExecuteWithThreadLocal(Task& currentTaskSlot, Thread threadPoolThread)
--- End of stack trace from previous location ---
   at DevSkill.Inventory.Infrastructure.Utilities.SqlUtility.ExecuteQueryAsync[TReturn](DbCommand command) in C:\Users\Nasim Reza\Desktop\Final Project\aspnet-b11-nasim\src\DevSkill.Inventory.sln\DevSkill.Inventory.Infrastructure\Utilities\SqlUtility.cs:line 237
   at DevSkill.Inventory.Infrastructure.Utilities.SqlUtility.QueryWithStoredProcedureAsync[TReturn](String storedProcedureName, IDictionary`2 parameters, IDictionary`2 outParameters) in C:\Users\Nasim Reza\Desktop\Final Project\aspnet-b11-nasim\src\DevSkill.Inventory.sln\DevSkill.Inventory.Infrastructure\Utilities\SqlUtility.cs:line 100
   at DevSkill.Inventory.Infrastructure.Utilities.SqlUtility.QueryWithStoredProcedureAsync[TReturn](String storedProcedureName, IDictionary`2 parameters, IDictionary`2 outParameters) in C:\Users\Nasim Reza\Desktop\Final Project\aspnet-b11-nasim\src\DevSkill.Inventory.sln\DevSkill.Inventory.Infrastructure\Utilities\SqlUtility.cs:line 106
   at DevSkill.Inventory.Infrastructure.ApplicationUnitOfWork.GetServiceSalesSP(Int32 pageIndex, Int32 pageSize, String order, ServiceSaleSearchDto search) in C:\Users\Nasim Reza\Desktop\Final Project\aspnet-b11-nasim\src\DevSkill.Inventory.sln\DevSkill.Inventory.Infrastructure\ApplicationUnitOfWork.cs:line 224
   at DevSkill.Inventory.Application.Features.ServiceSales.Queries.GetServiceSalesSPQueryHandler.Handle(GetServiceSalesSPQuery request, CancellationToken cancellationToken) in C:\Users\Nasim Reza\Desktop\Final Project\aspnet-b11-nasim\src\DevSkill.Inventory.sln\DevSkill.Inventory.Application\Features\ServiceSales\Queries\GetServiceSalesSPQueryHandler.cs:line 25
   at DevSkill.Inventory.Web.Areas.Admin.Controllers.ServiceSalesController.GetServiceSalesJsonData(ServiceSaleListModel model) in C:\Users\Nasim Reza\Desktop\Final Project\aspnet-b11-nasim\src\DevSkill.Inventory.sln\DevSkill.Inventory.Web\Areas\Admin\Controllers\ServiceSalesController.cs:line 129
ClientConnectionId:3f588c1d-1f8a-4eee-8c6f-a4294f726bcc
Error Number:201,State:4,Class:16
2025-06-21 00:48:28.491 +06:00 [INF] Application Starting...17-jan
2025-06-21 00:48:28.536 +06:00 [INF] This is Nasim Reza Hridoy
2025-06-21 00:48:28.536 +06:00 [ERR] An error occurred while starting the application.
2025-06-21 00:48:31.053 +06:00 [INF] This is Nasim Reza
2025-06-21 00:48:31.069 +06:00 [INF] This is a test log entry to verify database logging.
2025-06-21 00:51:16.678 +06:00 [INF] Application Starting...17-jan
2025-06-21 00:51:16.717 +06:00 [INF] This is Nasim Reza Hridoy
2025-06-21 00:51:16.717 +06:00 [ERR] An error occurred while starting the application.
2025-06-21 00:51:19.094 +06:00 [INF] This is Nasim Reza
2025-06-21 00:51:19.111 +06:00 [INF] This is a test log entry to verify database logging.
2025-06-21 01:17:50.556 +06:00 [INF] Application Starting...17-jan
2025-06-21 01:17:50.594 +06:00 [INF] This is Nasim Reza Hridoy
2025-06-21 01:17:50.594 +06:00 [ERR] An error occurred while starting the application.
2025-06-21 01:17:53.056 +06:00 [INF] This is Nasim Reza
2025-06-21 01:17:53.072 +06:00 [INF] This is a test log entry to verify database logging.
2025-06-21 01:18:38.648 +06:00 [ERR] Error loading service data
AutoMapper.AutoMapperMappingException: Missing type map configuration or unsupported mapping.

Mapping types:
ServiceSearchModel -> ServiceSearchDto
DevSkill.Inventory.Web.Areas.Admin.Models.ServicesModels.ServiceSearchModel -> DevSkill.Inventory.Domain.Dtos.ServiceSearchDto
   at lambda_method807(Closure, Object, ServiceSearchDto, ResolutionContext)
   at DevSkill.Inventory.Web.Areas.Admin.Controllers.ServicesController.GetServicesJsonData(ServiceListModel model) in C:\Users\Nasim Reza\Desktop\Final Project\aspnet-b11-nasim\src\DevSkill.Inventory.sln\DevSkill.Inventory.Web\Areas\Admin\Controllers\ServicesController.cs:line 36
2025-06-21 01:19:14.056 +06:00 [ERR] An unhandled exception has occurred while executing the request.
Microsoft.Data.SqlClient.SqlException (0x80131904): @FromDate is not a parameter for procedure GetQuotations.
   at Microsoft.Data.SqlClient.SqlCommand.<>c.<ExecuteDbDataReaderAsync>b__195_0(Task`1 result)
   at System.Threading.Tasks.ContinuationResultTaskFromResultTask`2.InnerInvoke()
   at System.Threading.ExecutionContext.RunInternal(ExecutionContext executionContext, ContextCallback callback, Object state)
--- End of stack trace from previous location ---
   at System.Threading.ExecutionContext.RunInternal(ExecutionContext executionContext, ContextCallback callback, Object state)
   at System.Threading.Tasks.Task.ExecuteWithThreadLocal(Task& currentTaskSlot, Thread threadPoolThread)
--- End of stack trace from previous location ---
   at DevSkill.Inventory.Infrastructure.Utilities.SqlUtility.ExecuteQueryAsync[TReturn](DbCommand command) in C:\Users\Nasim Reza\Desktop\Final Project\aspnet-b11-nasim\src\DevSkill.Inventory.sln\DevSkill.Inventory.Infrastructure\Utilities\SqlUtility.cs:line 237
   at DevSkill.Inventory.Infrastructure.Utilities.SqlUtility.QueryWithStoredProcedureAsync[TReturn](String storedProcedureName, IDictionary`2 parameters, IDictionary`2 outParameters) in C:\Users\Nasim Reza\Desktop\Final Project\aspnet-b11-nasim\src\DevSkill.Inventory.sln\DevSkill.Inventory.Infrastructure\Utilities\SqlUtility.cs:line 100
   at DevSkill.Inventory.Infrastructure.Utilities.SqlUtility.QueryWithStoredProcedureAsync[TReturn](String storedProcedureName, IDictionary`2 parameters, IDictionary`2 outParameters) in C:\Users\Nasim Reza\Desktop\Final Project\aspnet-b11-nasim\src\DevSkill.Inventory.sln\DevSkill.Inventory.Infrastructure\Utilities\SqlUtility.cs:line 106
   at DevSkill.Inventory.Infrastructure.ApplicationUnitOfWork.GetQuotationsSP(Int32 pageIndex, Int32 pageSize, String order, QuotationSearchDto search) in C:\Users\Nasim Reza\Desktop\Final Project\aspnet-b11-nasim\src\DevSkill.Inventory.sln\DevSkill.Inventory.Infrastructure\ApplicationUnitOfWork.cs:line 271
   at DevSkill.Inventory.Application.Features.Quotations.Queries.GetQuotationsSPQueryHandler.Handle(GetQuotationsSPQuery request, CancellationToken cancellationToken) in C:\Users\Nasim Reza\Desktop\Final Project\aspnet-b11-nasim\src\DevSkill.Inventory.sln\DevSkill.Inventory.Application\Features\Quotations\Queries\GetQuotationsSPQueryHandler.cs:line 23
   at DevSkill.Inventory.Web.Areas.Admin.Controllers.QuotationsController.GetQuotationsJsonData(QuotationListModel model) in C:\Users\Nasim Reza\Desktop\Final Project\aspnet-b11-nasim\src\DevSkill.Inventory.sln\DevSkill.Inventory.Web\Areas\Admin\Controllers\QuotationsController.cs:line 42
   at lambda_method825(Closure, Object)
   at Microsoft.AspNetCore.Mvc.Infrastructure.ActionMethodExecutor.TaskOfActionResultExecutor.Execute(ActionContext actionContext, IActionResultTypeMapper mapper, ObjectMethodExecutor executor, Object controller, Object[] arguments)
   at Microsoft.AspNetCore.Mvc.Infrastructure.ControllerActionInvoker.<InvokeActionMethodAsync>g__Awaited|12_0(ControllerActionInvoker invoker, ValueTask`1 actionResultValueTask)
   at Microsoft.AspNetCore.Mvc.Infrastructure.ControllerActionInvoker.<InvokeNextActionFilterAsync>g__Awaited|10_0(ControllerActionInvoker invoker, Task lastTask, State next, Scope scope, Object state, Boolean isCompleted)
   at Microsoft.AspNetCore.Mvc.Infrastructure.ControllerActionInvoker.Rethrow(ActionExecutedContextSealed context)
   at Microsoft.AspNetCore.Mvc.Infrastructure.ControllerActionInvoker.Next(State& next, Scope& scope, Object& state, Boolean& isCompleted)
   at Microsoft.AspNetCore.Mvc.Infrastructure.ControllerActionInvoker.<InvokeInnerFilterAsync>g__Awaited|13_0(ControllerActionInvoker invoker, Task lastTask, State next, Scope scope, Object state, Boolean isCompleted)
   at Microsoft.AspNetCore.Mvc.Infrastructure.ResourceInvoker.<InvokeNextResourceFilter>g__Awaited|25_0(ResourceInvoker invoker, Task lastTask, State next, Scope scope, Object state, Boolean isCompleted)
   at Microsoft.AspNetCore.Mvc.Infrastructure.ResourceInvoker.Rethrow(ResourceExecutedContextSealed context)
   at Microsoft.AspNetCore.Mvc.Infrastructure.ResourceInvoker.Next(State& next, Scope& scope, Object& state, Boolean& isCompleted)
   at Microsoft.AspNetCore.Mvc.Infrastructure.ResourceInvoker.<InvokeFilterPipelineAsync>g__Awaited|20_0(ResourceInvoker invoker, Task lastTask, State next, Scope scope, Object state, Boolean isCompleted)
   at Microsoft.AspNetCore.Mvc.Infrastructure.ResourceInvoker.<InvokeAsync>g__Awaited|17_0(ResourceInvoker invoker, Task task, IDisposable scope)
   at Microsoft.AspNetCore.Mvc.Infrastructure.ResourceInvoker.<InvokeAsync>g__Awaited|17_0(ResourceInvoker invoker, Task task, IDisposable scope)
   at Microsoft.AspNetCore.Authorization.AuthorizationMiddleware.Invoke(HttpContext context)
   at Microsoft.AspNetCore.Authentication.AuthenticationMiddleware.Invoke(HttpContext context)
   at Microsoft.AspNetCore.Diagnostics.DeveloperExceptionPageMiddlewareImpl.Invoke(HttpContext context)
ClientConnectionId:576c51a5-ec18-4d98-bc1a-958493758340
Error Number:8145,State:1,Class:16
2025-06-21 01:19:15.260 +06:00 [ERR] Error loading purchase returns
Microsoft.Data.SqlClient.SqlException (0x80131904): Could not find stored procedure 'GetPurchaseReturns'.
   at Microsoft.Data.SqlClient.SqlCommand.<>c.<ExecuteDbDataReaderAsync>b__195_0(Task`1 result)
   at System.Threading.Tasks.ContinuationResultTaskFromResultTask`2.InnerInvoke()
   at System.Threading.ExecutionContext.RunInternal(ExecutionContext executionContext, ContextCallback callback, Object state)
--- End of stack trace from previous location ---
   at System.Threading.ExecutionContext.RunInternal(ExecutionContext executionContext, ContextCallback callback, Object state)
   at System.Threading.Tasks.Task.ExecuteWithThreadLocal(Task& currentTaskSlot, Thread threadPoolThread)
--- End of stack trace from previous location ---
   at DevSkill.Inventory.Infrastructure.Utilities.SqlUtility.ExecuteQueryAsync[TReturn](DbCommand command) in C:\Users\Nasim Reza\Desktop\Final Project\aspnet-b11-nasim\src\DevSkill.Inventory.sln\DevSkill.Inventory.Infrastructure\Utilities\SqlUtility.cs:line 237
   at DevSkill.Inventory.Infrastructure.Utilities.SqlUtility.QueryWithStoredProcedureAsync[TReturn](String storedProcedureName, IDictionary`2 parameters, IDictionary`2 outParameters) in C:\Users\Nasim Reza\Desktop\Final Project\aspnet-b11-nasim\src\DevSkill.Inventory.sln\DevSkill.Inventory.Infrastructure\Utilities\SqlUtility.cs:line 100
   at DevSkill.Inventory.Infrastructure.Utilities.SqlUtility.QueryWithStoredProcedureAsync[TReturn](String storedProcedureName, IDictionary`2 parameters, IDictionary`2 outParameters) in C:\Users\Nasim Reza\Desktop\Final Project\aspnet-b11-nasim\src\DevSkill.Inventory.sln\DevSkill.Inventory.Infrastructure\Utilities\SqlUtility.cs:line 106
   at DevSkill.Inventory.Infrastructure.ApplicationUnitOfWork.GetPurchaseReturnsSP(Int32 pageIndex, Int32 pageSize, String order, PurchaseReturnSearchDto search) in C:\Users\Nasim Reza\Desktop\Final Project\aspnet-b11-nasim\src\DevSkill.Inventory.sln\DevSkill.Inventory.Infrastructure\ApplicationUnitOfWork.cs:line 176
   at DevSkill.Inventory.Application.Features.PurchaseReturns.Queries.GetPurchaseReturnsSPQueryHandler.Handle(GetPurchaseReturnsSPQuery request, CancellationToken cancellationToken) in C:\Users\Nasim Reza\Desktop\Final Project\aspnet-b11-nasim\src\DevSkill.Inventory.sln\DevSkill.Inventory.Application\Features\PurchaseReturns\Queries\GetPurchaseReturnsSPQueryHandler.cs:line 23
   at DevSkill.Inventory.Web.Areas.Admin.Controllers.PurchasesController.GetPurchaseReturnsJsonData(PurchaseReturnListModel model) in C:\Users\Nasim Reza\Desktop\Final Project\aspnet-b11-nasim\src\DevSkill.Inventory.sln\DevSkill.Inventory.Web\Areas\Admin\Controllers\PurchasesController.cs:line 103
ClientConnectionId:576c51a5-ec18-4d98-bc1a-958493758340
Error Number:2812,State:62,Class:16
2025-06-21 01:19:27.098 +06:00 [ERR] Error loading service data
AutoMapper.AutoMapperMappingException: Missing type map configuration or unsupported mapping.

Mapping types:
ServiceSearchModel -> ServiceSearchDto
DevSkill.Inventory.Web.Areas.Admin.Models.ServicesModels.ServiceSearchModel -> DevSkill.Inventory.Domain.Dtos.ServiceSearchDto
   at lambda_method807(Closure, Object, ServiceSearchDto, ResolutionContext)
   at DevSkill.Inventory.Web.Areas.Admin.Controllers.ServicesController.GetServicesJsonData(ServiceListModel model) in C:\Users\Nasim Reza\Desktop\Final Project\aspnet-b11-nasim\src\DevSkill.Inventory.sln\DevSkill.Inventory.Web\Areas\Admin\Controllers\ServicesController.cs:line 36
2025-06-21 01:19:33.809 +06:00 [ERR] Error loading service sales
Microsoft.Data.SqlClient.SqlException (0x80131904): Procedure or function 'GetServiceSales' expects parameter '@TotalCount', which was not supplied.
   at Microsoft.Data.SqlClient.SqlCommand.<>c.<ExecuteDbDataReaderAsync>b__195_0(Task`1 result)
   at System.Threading.Tasks.ContinuationResultTaskFromResultTask`2.InnerInvoke()
   at System.Threading.ExecutionContext.RunInternal(ExecutionContext executionContext, ContextCallback callback, Object state)
--- End of stack trace from previous location ---
   at System.Threading.ExecutionContext.RunInternal(ExecutionContext executionContext, ContextCallback callback, Object state)
   at System.Threading.Tasks.Task.ExecuteWithThreadLocal(Task& currentTaskSlot, Thread threadPoolThread)
--- End of stack trace from previous location ---
   at DevSkill.Inventory.Infrastructure.Utilities.SqlUtility.ExecuteQueryAsync[TReturn](DbCommand command) in C:\Users\Nasim Reza\Desktop\Final Project\aspnet-b11-nasim\src\DevSkill.Inventory.sln\DevSkill.Inventory.Infrastructure\Utilities\SqlUtility.cs:line 237
   at DevSkill.Inventory.Infrastructure.Utilities.SqlUtility.QueryWithStoredProcedureAsync[TReturn](String storedProcedureName, IDictionary`2 parameters, IDictionary`2 outParameters) in C:\Users\Nasim Reza\Desktop\Final Project\aspnet-b11-nasim\src\DevSkill.Inventory.sln\DevSkill.Inventory.Infrastructure\Utilities\SqlUtility.cs:line 100
   at DevSkill.Inventory.Infrastructure.Utilities.SqlUtility.QueryWithStoredProcedureAsync[TReturn](String storedProcedureName, IDictionary`2 parameters, IDictionary`2 outParameters) in C:\Users\Nasim Reza\Desktop\Final Project\aspnet-b11-nasim\src\DevSkill.Inventory.sln\DevSkill.Inventory.Infrastructure\Utilities\SqlUtility.cs:line 106
   at DevSkill.Inventory.Infrastructure.ApplicationUnitOfWork.GetServiceSalesSP(Int32 pageIndex, Int32 pageSize, String order, ServiceSaleSearchDto search) in C:\Users\Nasim Reza\Desktop\Final Project\aspnet-b11-nasim\src\DevSkill.Inventory.sln\DevSkill.Inventory.Infrastructure\ApplicationUnitOfWork.cs:line 224
   at DevSkill.Inventory.Application.Features.ServiceSales.Queries.GetServiceSalesSPQueryHandler.Handle(GetServiceSalesSPQuery request, CancellationToken cancellationToken) in C:\Users\Nasim Reza\Desktop\Final Project\aspnet-b11-nasim\src\DevSkill.Inventory.sln\DevSkill.Inventory.Application\Features\ServiceSales\Queries\GetServiceSalesSPQueryHandler.cs:line 25
   at DevSkill.Inventory.Web.Areas.Admin.Controllers.ServiceSalesController.GetServiceSalesJsonData(ServiceSaleListModel model) in C:\Users\Nasim Reza\Desktop\Final Project\aspnet-b11-nasim\src\DevSkill.Inventory.sln\DevSkill.Inventory.Web\Areas\Admin\Controllers\ServiceSalesController.cs:line 129
ClientConnectionId:576c51a5-ec18-4d98-bc1a-958493758340
Error Number:201,State:4,Class:16
2025-06-21 01:19:59.404 +06:00 [ERR] Error loading service sales
Microsoft.Data.SqlClient.SqlException (0x80131904): Procedure or function 'GetServiceSales' expects parameter '@TotalCount', which was not supplied.
   at Microsoft.Data.SqlClient.SqlCommand.<>c.<ExecuteDbDataReaderAsync>b__195_0(Task`1 result)
   at System.Threading.Tasks.ContinuationResultTaskFromResultTask`2.InnerInvoke()
   at System.Threading.ExecutionContext.RunInternal(ExecutionContext executionContext, ContextCallback callback, Object state)
--- End of stack trace from previous location ---
   at System.Threading.ExecutionContext.RunInternal(ExecutionContext executionContext, ContextCallback callback, Object state)
   at System.Threading.Tasks.Task.ExecuteWithThreadLocal(Task& currentTaskSlot, Thread threadPoolThread)
--- End of stack trace from previous location ---
   at DevSkill.Inventory.Infrastructure.Utilities.SqlUtility.ExecuteQueryAsync[TReturn](DbCommand command) in C:\Users\Nasim Reza\Desktop\Final Project\aspnet-b11-nasim\src\DevSkill.Inventory.sln\DevSkill.Inventory.Infrastructure\Utilities\SqlUtility.cs:line 237
   at DevSkill.Inventory.Infrastructure.Utilities.SqlUtility.QueryWithStoredProcedureAsync[TReturn](String storedProcedureName, IDictionary`2 parameters, IDictionary`2 outParameters) in C:\Users\Nasim Reza\Desktop\Final Project\aspnet-b11-nasim\src\DevSkill.Inventory.sln\DevSkill.Inventory.Infrastructure\Utilities\SqlUtility.cs:line 100
   at DevSkill.Inventory.Infrastructure.Utilities.SqlUtility.QueryWithStoredProcedureAsync[TReturn](String storedProcedureName, IDictionary`2 parameters, IDictionary`2 outParameters) in C:\Users\Nasim Reza\Desktop\Final Project\aspnet-b11-nasim\src\DevSkill.Inventory.sln\DevSkill.Inventory.Infrastructure\Utilities\SqlUtility.cs:line 106
   at DevSkill.Inventory.Infrastructure.ApplicationUnitOfWork.GetServiceSalesSP(Int32 pageIndex, Int32 pageSize, String order, ServiceSaleSearchDto search) in C:\Users\Nasim Reza\Desktop\Final Project\aspnet-b11-nasim\src\DevSkill.Inventory.sln\DevSkill.Inventory.Infrastructure\ApplicationUnitOfWork.cs:line 224
   at DevSkill.Inventory.Application.Features.ServiceSales.Queries.GetServiceSalesSPQueryHandler.Handle(GetServiceSalesSPQuery request, CancellationToken cancellationToken) in C:\Users\Nasim Reza\Desktop\Final Project\aspnet-b11-nasim\src\DevSkill.Inventory.sln\DevSkill.Inventory.Application\Features\ServiceSales\Queries\GetServiceSalesSPQueryHandler.cs:line 25
   at DevSkill.Inventory.Web.Areas.Admin.Controllers.ServiceSalesController.GetServiceSalesJsonData(ServiceSaleListModel model) in C:\Users\Nasim Reza\Desktop\Final Project\aspnet-b11-nasim\src\DevSkill.Inventory.sln\DevSkill.Inventory.Web\Areas\Admin\Controllers\ServiceSalesController.cs:line 129
ClientConnectionId:576c51a5-ec18-4d98-bc1a-958493758340
Error Number:201,State:4,Class:16
2025-06-21 01:21:34.943 +06:00 [INF] Application Starting...17-jan
2025-06-21 01:21:34.979 +06:00 [INF] This is Nasim Reza Hridoy
2025-06-21 01:21:34.979 +06:00 [ERR] An error occurred while starting the application.
2025-06-21 01:21:37.336 +06:00 [INF] This is Nasim Reza
2025-06-21 01:21:37.357 +06:00 [INF] This is a test log entry to verify database logging.
2025-06-21 01:23:41.010 +06:00 [ERR] Error loading sales
Microsoft.Data.SqlClient.SqlException (0x80131904): Could not find stored procedure 'GetSales'.
   at Microsoft.Data.SqlClient.SqlCommand.<>c.<ExecuteDbDataReaderAsync>b__195_0(Task`1 result)
   at System.Threading.Tasks.ContinuationResultTaskFromResultTask`2.InnerInvoke()
   at System.Threading.ExecutionContext.RunInternal(ExecutionContext executionContext, ContextCallback callback, Object state)
--- End of stack trace from previous location ---
   at System.Threading.ExecutionContext.RunInternal(ExecutionContext executionContext, ContextCallback callback, Object state)
   at System.Threading.Tasks.Task.ExecuteWithThreadLocal(Task& currentTaskSlot, Thread threadPoolThread)
--- End of stack trace from previous location ---
   at DevSkill.Inventory.Infrastructure.Utilities.SqlUtility.ExecuteQueryAsync[TReturn](DbCommand command) in C:\Users\Nasim Reza\Desktop\Final Project\aspnet-b11-nasim\src\DevSkill.Inventory.sln\DevSkill.Inventory.Infrastructure\Utilities\SqlUtility.cs:line 237
   at DevSkill.Inventory.Infrastructure.Utilities.SqlUtility.QueryWithStoredProcedureAsync[TReturn](String storedProcedureName, IDictionary`2 parameters, IDictionary`2 outParameters) in C:\Users\Nasim Reza\Desktop\Final Project\aspnet-b11-nasim\src\DevSkill.Inventory.sln\DevSkill.Inventory.Infrastructure\Utilities\SqlUtility.cs:line 100
   at DevSkill.Inventory.Infrastructure.Utilities.SqlUtility.QueryWithStoredProcedureAsync[TReturn](String storedProcedureName, IDictionary`2 parameters, IDictionary`2 outParameters) in C:\Users\Nasim Reza\Desktop\Final Project\aspnet-b11-nasim\src\DevSkill.Inventory.sln\DevSkill.Inventory.Infrastructure\Utilities\SqlUtility.cs:line 106
   at DevSkill.Inventory.Infrastructure.ApplicationUnitOfWork.GetSalesSP(Int32 pageIndex, Int32 pageSize, String orderBy, SaleSearchDto search) in C:\Users\Nasim Reza\Desktop\Final Project\aspnet-b11-nasim\src\DevSkill.Inventory.sln\DevSkill.Inventory.Infrastructure\ApplicationUnitOfWork.cs:line 120
   at DevSkill.Inventory.Application.Features.Sales.Queries.GetSalesSPQueryHandler.Handle(GetSalesSPQuery request, CancellationToken cancellationToken) in C:\Users\Nasim Reza\Desktop\Final Project\aspnet-b11-nasim\src\DevSkill.Inventory.sln\DevSkill.Inventory.Application\Features\Sales\Queries\GetSalesSPQueryHandler.cs:line 23
   at DevSkill.Inventory.Web.Areas.Admin.Controllers.SalesController.GetSalesJsonData(SalesListModel model) in C:\Users\Nasim Reza\Desktop\Final Project\aspnet-b11-nasim\src\DevSkill.Inventory.sln\DevSkill.Inventory.Web\Areas\Admin\Controllers\SalesController.cs:line 51
ClientConnectionId:24596eab-25ef-4b4a-adda-638b8f5d3ab5
Error Number:2812,State:62,Class:16
2025-06-21 01:23:44.402 +06:00 [ERR] Error loading purchases
Microsoft.Data.SqlClient.SqlException (0x80131904): Could not find stored procedure 'GetPurchases'.
   at Microsoft.Data.SqlClient.SqlCommand.<>c.<ExecuteDbDataReaderAsync>b__195_0(Task`1 result)
   at System.Threading.Tasks.ContinuationResultTaskFromResultTask`2.InnerInvoke()
   at System.Threading.ExecutionContext.RunInternal(ExecutionContext executionContext, ContextCallback callback, Object state)
--- End of stack trace from previous location ---
   at System.Threading.ExecutionContext.RunInternal(ExecutionContext executionContext, ContextCallback callback, Object state)
   at System.Threading.Tasks.Task.ExecuteWithThreadLocal(Task& currentTaskSlot, Thread threadPoolThread)
--- End of stack trace from previous location ---
   at DevSkill.Inventory.Infrastructure.Utilities.SqlUtility.ExecuteQueryAsync[TReturn](DbCommand command) in C:\Users\Nasim Reza\Desktop\Final Project\aspnet-b11-nasim\src\DevSkill.Inventory.sln\DevSkill.Inventory.Infrastructure\Utilities\SqlUtility.cs:line 237
   at DevSkill.Inventory.Infrastructure.Utilities.SqlUtility.QueryWithStoredProcedureAsync[TReturn](String storedProcedureName, IDictionary`2 parameters, IDictionary`2 outParameters) in C:\Users\Nasim Reza\Desktop\Final Project\aspnet-b11-nasim\src\DevSkill.Inventory.sln\DevSkill.Inventory.Infrastructure\Utilities\SqlUtility.cs:line 100
   at DevSkill.Inventory.Infrastructure.Utilities.SqlUtility.QueryWithStoredProcedureAsync[TReturn](String storedProcedureName, IDictionary`2 parameters, IDictionary`2 outParameters) in C:\Users\Nasim Reza\Desktop\Final Project\aspnet-b11-nasim\src\DevSkill.Inventory.sln\DevSkill.Inventory.Infrastructure\Utilities\SqlUtility.cs:line 106
   at DevSkill.Inventory.Infrastructure.ApplicationUnitOfWork.GetPurchasesSP(Int32 pageIndex, Int32 pageSize, String orderBy, PurchaseSearchDto search) in C:\Users\Nasim Reza\Desktop\Final Project\aspnet-b11-nasim\src\DevSkill.Inventory.sln\DevSkill.Inventory.Infrastructure\ApplicationUnitOfWork.cs:line 92
   at DevSkill.Inventory.Application.Features.Purchases.Queries.GetPurchasesSPQueryHandler.Handle(GetPurchasesSPQuery request, CancellationToken cancellationToken) in C:\Users\Nasim Reza\Desktop\Final Project\aspnet-b11-nasim\src\DevSkill.Inventory.sln\DevSkill.Inventory.Application\Features\Purchases\Queries\GetPurchasesSPQueryHandler.cs:line 22
   at DevSkill.Inventory.Web.Areas.Admin.Controllers.PurchasesController.GetPurchasesJsonData(PurchaseListModel model) in C:\Users\Nasim Reza\Desktop\Final Project\aspnet-b11-nasim\src\DevSkill.Inventory.sln\DevSkill.Inventory.Web\Areas\Admin\Controllers\PurchasesController.cs:line 55
ClientConnectionId:24596eab-25ef-4b4a-adda-638b8f5d3ab5
Error Number:2812,State:62,Class:16
2025-06-21 01:23:45.714 +06:00 [ERR] Error loading sales
Microsoft.Data.SqlClient.SqlException (0x80131904): Could not find stored procedure 'GetSales'.
   at Microsoft.Data.SqlClient.SqlCommand.<>c.<ExecuteDbDataReaderAsync>b__195_0(Task`1 result)
   at System.Threading.Tasks.ContinuationResultTaskFromResultTask`2.InnerInvoke()
   at System.Threading.ExecutionContext.RunInternal(ExecutionContext executionContext, ContextCallback callback, Object state)
--- End of stack trace from previous location ---
   at System.Threading.ExecutionContext.RunInternal(ExecutionContext executionContext, ContextCallback callback, Object state)
   at System.Threading.Tasks.Task.ExecuteWithThreadLocal(Task& currentTaskSlot, Thread threadPoolThread)
--- End of stack trace from previous location ---
   at DevSkill.Inventory.Infrastructure.Utilities.SqlUtility.ExecuteQueryAsync[TReturn](DbCommand command) in C:\Users\Nasim Reza\Desktop\Final Project\aspnet-b11-nasim\src\DevSkill.Inventory.sln\DevSkill.Inventory.Infrastructure\Utilities\SqlUtility.cs:line 237
   at DevSkill.Inventory.Infrastructure.Utilities.SqlUtility.QueryWithStoredProcedureAsync[TReturn](String storedProcedureName, IDictionary`2 parameters, IDictionary`2 outParameters) in C:\Users\Nasim Reza\Desktop\Final Project\aspnet-b11-nasim\src\DevSkill.Inventory.sln\DevSkill.Inventory.Infrastructure\Utilities\SqlUtility.cs:line 100
   at DevSkill.Inventory.Infrastructure.Utilities.SqlUtility.QueryWithStoredProcedureAsync[TReturn](String storedProcedureName, IDictionary`2 parameters, IDictionary`2 outParameters) in C:\Users\Nasim Reza\Desktop\Final Project\aspnet-b11-nasim\src\DevSkill.Inventory.sln\DevSkill.Inventory.Infrastructure\Utilities\SqlUtility.cs:line 106
   at DevSkill.Inventory.Infrastructure.ApplicationUnitOfWork.GetSalesSP(Int32 pageIndex, Int32 pageSize, String orderBy, SaleSearchDto search) in C:\Users\Nasim Reza\Desktop\Final Project\aspnet-b11-nasim\src\DevSkill.Inventory.sln\DevSkill.Inventory.Infrastructure\ApplicationUnitOfWork.cs:line 120
   at DevSkill.Inventory.Application.Features.Sales.Queries.GetSalesSPQueryHandler.Handle(GetSalesSPQuery request, CancellationToken cancellationToken) in C:\Users\Nasim Reza\Desktop\Final Project\aspnet-b11-nasim\src\DevSkill.Inventory.sln\DevSkill.Inventory.Application\Features\Sales\Queries\GetSalesSPQueryHandler.cs:line 23
   at DevSkill.Inventory.Web.Areas.Admin.Controllers.SalesController.GetSalesJsonData(SalesListModel model) in C:\Users\Nasim Reza\Desktop\Final Project\aspnet-b11-nasim\src\DevSkill.Inventory.sln\DevSkill.Inventory.Web\Areas\Admin\Controllers\SalesController.cs:line 51
ClientConnectionId:24596eab-25ef-4b4a-adda-638b8f5d3ab5
Error Number:2812,State:62,Class:16
2025-06-21 01:23:46.913 +06:00 [ERR] Error loading sales return data
Microsoft.Data.SqlClient.SqlException (0x80131904): Could not find stored procedure 'GetSalesReturns'.
   at Microsoft.Data.SqlClient.SqlCommand.<>c.<ExecuteDbDataReaderAsync>b__195_0(Task`1 result)
   at System.Threading.Tasks.ContinuationResultTaskFromResultTask`2.InnerInvoke()
   at System.Threading.ExecutionContext.RunInternal(ExecutionContext executionContext, ContextCallback callback, Object state)
--- End of stack trace from previous location ---
   at System.Threading.ExecutionContext.RunInternal(ExecutionContext executionContext, ContextCallback callback, Object state)
   at System.Threading.Tasks.Task.ExecuteWithThreadLocal(Task& currentTaskSlot, Thread threadPoolThread)
--- End of stack trace from previous location ---
   at DevSkill.Inventory.Infrastructure.Utilities.SqlUtility.ExecuteQueryAsync[TReturn](DbCommand command) in C:\Users\Nasim Reza\Desktop\Final Project\aspnet-b11-nasim\src\DevSkill.Inventory.sln\DevSkill.Inventory.Infrastructure\Utilities\SqlUtility.cs:line 237
   at DevSkill.Inventory.Infrastructure.Utilities.SqlUtility.QueryWithStoredProcedureAsync[TReturn](String storedProcedureName, IDictionary`2 parameters, IDictionary`2 outParameters) in C:\Users\Nasim Reza\Desktop\Final Project\aspnet-b11-nasim\src\DevSkill.Inventory.sln\DevSkill.Inventory.Infrastructure\Utilities\SqlUtility.cs:line 100
   at DevSkill.Inventory.Infrastructure.Utilities.SqlUtility.QueryWithStoredProcedureAsync[TReturn](String storedProcedureName, IDictionary`2 parameters, IDictionary`2 outParameters) in C:\Users\Nasim Reza\Desktop\Final Project\aspnet-b11-nasim\src\DevSkill.Inventory.sln\DevSkill.Inventory.Infrastructure\Utilities\SqlUtility.cs:line 106
   at DevSkill.Inventory.Infrastructure.ApplicationUnitOfWork.GetSalesReturnsSP(Int32 pageIndex, Int32 pageSize, String order, SalesReturnSearchDto search) in C:\Users\Nasim Reza\Desktop\Final Project\aspnet-b11-nasim\src\DevSkill.Inventory.sln\DevSkill.Inventory.Infrastructure\ApplicationUnitOfWork.cs:line 147
   at DevSkill.Inventory.Application.Features.SalesReturns.Queries.GetSalesReturnsSPQueryHandler.Handle(GetSalesReturnsSPQuery request, CancellationToken cancellationToken) in C:\Users\Nasim Reza\Desktop\Final Project\aspnet-b11-nasim\src\DevSkill.Inventory.sln\DevSkill.Inventory.Application\Features\SalesReturns\Queries\GetSalesReturnsQueryHandler.cs:line 23
   at DevSkill.Inventory.Web.Areas.Admin.Controllers.SalesController.GetSalesReturnsJsonData(SalesReturnListModel model) in C:\Users\Nasim Reza\Desktop\Final Project\aspnet-b11-nasim\src\DevSkill.Inventory.sln\DevSkill.Inventory.Web\Areas\Admin\Controllers\SalesController.cs:line 99
ClientConnectionId:24596eab-25ef-4b4a-adda-638b8f5d3ab5
Error Number:2812,State:62,Class:16
2025-06-21 01:23:48.130 +06:00 [ERR] Error loading purchase returns
Microsoft.Data.SqlClient.SqlException (0x80131904): Could not find stored procedure 'GetPurchaseReturns'.
   at Microsoft.Data.SqlClient.SqlCommand.<>c.<ExecuteDbDataReaderAsync>b__195_0(Task`1 result)
   at System.Threading.Tasks.ContinuationResultTaskFromResultTask`2.InnerInvoke()
   at System.Threading.ExecutionContext.RunInternal(ExecutionContext executionContext, ContextCallback callback, Object state)
--- End of stack trace from previous location ---
   at System.Threading.ExecutionContext.RunInternal(ExecutionContext executionContext, ContextCallback callback, Object state)
   at System.Threading.Tasks.Task.ExecuteWithThreadLocal(Task& currentTaskSlot, Thread threadPoolThread)
--- End of stack trace from previous location ---
   at DevSkill.Inventory.Infrastructure.Utilities.SqlUtility.ExecuteQueryAsync[TReturn](DbCommand command) in C:\Users\Nasim Reza\Desktop\Final Project\aspnet-b11-nasim\src\DevSkill.Inventory.sln\DevSkill.Inventory.Infrastructure\Utilities\SqlUtility.cs:line 237
   at DevSkill.Inventory.Infrastructure.Utilities.SqlUtility.QueryWithStoredProcedureAsync[TReturn](String storedProcedureName, IDictionary`2 parameters, IDictionary`2 outParameters) in C:\Users\Nasim Reza\Desktop\Final Project\aspnet-b11-nasim\src\DevSkill.Inventory.sln\DevSkill.Inventory.Infrastructure\Utilities\SqlUtility.cs:line 100
   at DevSkill.Inventory.Infrastructure.Utilities.SqlUtility.QueryWithStoredProcedureAsync[TReturn](String storedProcedureName, IDictionary`2 parameters, IDictionary`2 outParameters) in C:\Users\Nasim Reza\Desktop\Final Project\aspnet-b11-nasim\src\DevSkill.Inventory.sln\DevSkill.Inventory.Infrastructure\Utilities\SqlUtility.cs:line 106
   at DevSkill.Inventory.Infrastructure.ApplicationUnitOfWork.GetPurchaseReturnsSP(Int32 pageIndex, Int32 pageSize, String order, PurchaseReturnSearchDto search) in C:\Users\Nasim Reza\Desktop\Final Project\aspnet-b11-nasim\src\DevSkill.Inventory.sln\DevSkill.Inventory.Infrastructure\ApplicationUnitOfWork.cs:line 176
   at DevSkill.Inventory.Application.Features.PurchaseReturns.Queries.GetPurchaseReturnsSPQueryHandler.Handle(GetPurchaseReturnsSPQuery request, CancellationToken cancellationToken) in C:\Users\Nasim Reza\Desktop\Final Project\aspnet-b11-nasim\src\DevSkill.Inventory.sln\DevSkill.Inventory.Application\Features\PurchaseReturns\Queries\GetPurchaseReturnsSPQueryHandler.cs:line 23
   at DevSkill.Inventory.Web.Areas.Admin.Controllers.PurchasesController.GetPurchaseReturnsJsonData(PurchaseReturnListModel model) in C:\Users\Nasim Reza\Desktop\Final Project\aspnet-b11-nasim\src\DevSkill.Inventory.sln\DevSkill.Inventory.Web\Areas\Admin\Controllers\PurchasesController.cs:line 103
ClientConnectionId:24596eab-25ef-4b4a-adda-638b8f5d3ab5
Error Number:2812,State:62,Class:16
2025-06-21 01:23:49.353 +06:00 [ERR] Error loading service data
AutoMapper.AutoMapperMappingException: Missing type map configuration or unsupported mapping.

Mapping types:
ServiceSearchModel -> ServiceSearchDto
DevSkill.Inventory.Web.Areas.Admin.Models.ServicesModels.ServiceSearchModel -> DevSkill.Inventory.Domain.Dtos.ServiceSearchDto
   at lambda_method883(Closure, Object, ServiceSearchDto, ResolutionContext)
   at DevSkill.Inventory.Web.Areas.Admin.Controllers.ServicesController.GetServicesJsonData(ServiceListModel model) in C:\Users\Nasim Reza\Desktop\Final Project\aspnet-b11-nasim\src\DevSkill.Inventory.sln\DevSkill.Inventory.Web\Areas\Admin\Controllers\ServicesController.cs:line 36
2025-06-21 01:23:51.049 +06:00 [ERR] Error loading service sales
Microsoft.Data.SqlClient.SqlException (0x80131904): Procedure or function 'GetServiceSales' expects parameter '@TotalCount', which was not supplied.
   at Microsoft.Data.SqlClient.SqlCommand.<>c.<ExecuteDbDataReaderAsync>b__195_0(Task`1 result)
   at System.Threading.Tasks.ContinuationResultTaskFromResultTask`2.InnerInvoke()
   at System.Threading.ExecutionContext.RunInternal(ExecutionContext executionContext, ContextCallback callback, Object state)
--- End of stack trace from previous location ---
   at System.Threading.ExecutionContext.RunInternal(ExecutionContext executionContext, ContextCallback callback, Object state)
   at System.Threading.Tasks.Task.ExecuteWithThreadLocal(Task& currentTaskSlot, Thread threadPoolThread)
--- End of stack trace from previous location ---
   at DevSkill.Inventory.Infrastructure.Utilities.SqlUtility.ExecuteQueryAsync[TReturn](DbCommand command) in C:\Users\Nasim Reza\Desktop\Final Project\aspnet-b11-nasim\src\DevSkill.Inventory.sln\DevSkill.Inventory.Infrastructure\Utilities\SqlUtility.cs:line 237
   at DevSkill.Inventory.Infrastructure.Utilities.SqlUtility.QueryWithStoredProcedureAsync[TReturn](String storedProcedureName, IDictionary`2 parameters, IDictionary`2 outParameters) in C:\Users\Nasim Reza\Desktop\Final Project\aspnet-b11-nasim\src\DevSkill.Inventory.sln\DevSkill.Inventory.Infrastructure\Utilities\SqlUtility.cs:line 100
   at DevSkill.Inventory.Infrastructure.Utilities.SqlUtility.QueryWithStoredProcedureAsync[TReturn](String storedProcedureName, IDictionary`2 parameters, IDictionary`2 outParameters) in C:\Users\Nasim Reza\Desktop\Final Project\aspnet-b11-nasim\src\DevSkill.Inventory.sln\DevSkill.Inventory.Infrastructure\Utilities\SqlUtility.cs:line 106
   at DevSkill.Inventory.Infrastructure.ApplicationUnitOfWork.GetServiceSalesSP(Int32 pageIndex, Int32 pageSize, String order, ServiceSaleSearchDto search) in C:\Users\Nasim Reza\Desktop\Final Project\aspnet-b11-nasim\src\DevSkill.Inventory.sln\DevSkill.Inventory.Infrastructure\ApplicationUnitOfWork.cs:line 224
   at DevSkill.Inventory.Application.Features.ServiceSales.Queries.GetServiceSalesSPQueryHandler.Handle(GetServiceSalesSPQuery request, CancellationToken cancellationToken) in C:\Users\Nasim Reza\Desktop\Final Project\aspnet-b11-nasim\src\DevSkill.Inventory.sln\DevSkill.Inventory.Application\Features\ServiceSales\Queries\GetServiceSalesSPQueryHandler.cs:line 25
   at DevSkill.Inventory.Web.Areas.Admin.Controllers.ServiceSalesController.GetServiceSalesJsonData(ServiceSaleListModel model) in C:\Users\Nasim Reza\Desktop\Final Project\aspnet-b11-nasim\src\DevSkill.Inventory.sln\DevSkill.Inventory.Web\Areas\Admin\Controllers\ServiceSalesController.cs:line 129
ClientConnectionId:24596eab-25ef-4b4a-adda-638b8f5d3ab5
Error Number:201,State:4,Class:16
2025-06-21 14:56:57.728 +06:00 [INF] Application Starting...17-jan
2025-06-21 14:56:57.764 +06:00 [INF] This is Nasim Reza Hridoy
2025-06-21 14:56:57.764 +06:00 [ERR] An error occurred while starting the application.
2025-06-21 14:57:01.452 +06:00 [INF] This is Nasim Reza
2025-06-21 14:57:01.469 +06:00 [INF] This is a test log entry to verify database logging.
2025-06-21 14:58:10.747 +06:00 [INF] Application Starting...17-jan
2025-06-21 14:58:10.791 +06:00 [INF] This is Nasim Reza Hridoy
2025-06-21 14:58:10.791 +06:00 [ERR] An error occurred while starting the application.
2025-06-21 14:58:14.320 +06:00 [INF] This is Nasim Reza
2025-06-21 14:58:14.345 +06:00 [INF] This is a test log entry to verify database logging.
2025-06-21 14:59:54.279 +06:00 [ERR] Error loading sales
Microsoft.Data.SqlClient.SqlException (0x80131904): Could not find stored procedure 'GetSales'.
   at Microsoft.Data.SqlClient.SqlCommand.<>c.<ExecuteDbDataReaderAsync>b__195_0(Task`1 result)
   at System.Threading.Tasks.ContinuationResultTaskFromResultTask`2.InnerInvoke()
   at System.Threading.ExecutionContext.RunInternal(ExecutionContext executionContext, ContextCallback callback, Object state)
--- End of stack trace from previous location ---
   at System.Threading.ExecutionContext.RunInternal(ExecutionContext executionContext, ContextCallback callback, Object state)
   at System.Threading.Tasks.Task.ExecuteWithThreadLocal(Task& currentTaskSlot, Thread threadPoolThread)
--- End of stack trace from previous location ---
   at DevSkill.Inventory.Infrastructure.Utilities.SqlUtility.ExecuteQueryAsync[TReturn](DbCommand command) in C:\Users\Nasim Reza\Desktop\Final Project\aspnet-b11-nasim\src\DevSkill.Inventory.sln\DevSkill.Inventory.Infrastructure\Utilities\SqlUtility.cs:line 237
   at DevSkill.Inventory.Infrastructure.Utilities.SqlUtility.QueryWithStoredProcedureAsync[TReturn](String storedProcedureName, IDictionary`2 parameters, IDictionary`2 outParameters) in C:\Users\Nasim Reza\Desktop\Final Project\aspnet-b11-nasim\src\DevSkill.Inventory.sln\DevSkill.Inventory.Infrastructure\Utilities\SqlUtility.cs:line 100
   at DevSkill.Inventory.Infrastructure.Utilities.SqlUtility.QueryWithStoredProcedureAsync[TReturn](String storedProcedureName, IDictionary`2 parameters, IDictionary`2 outParameters) in C:\Users\Nasim Reza\Desktop\Final Project\aspnet-b11-nasim\src\DevSkill.Inventory.sln\DevSkill.Inventory.Infrastructure\Utilities\SqlUtility.cs:line 106
   at DevSkill.Inventory.Infrastructure.ApplicationUnitOfWork.GetSalesSP(Int32 pageIndex, Int32 pageSize, String orderBy, SaleSearchDto search) in C:\Users\Nasim Reza\Desktop\Final Project\aspnet-b11-nasim\src\DevSkill.Inventory.sln\DevSkill.Inventory.Infrastructure\ApplicationUnitOfWork.cs:line 120
   at DevSkill.Inventory.Application.Features.Sales.Queries.GetSalesSPQueryHandler.Handle(GetSalesSPQuery request, CancellationToken cancellationToken) in C:\Users\Nasim Reza\Desktop\Final Project\aspnet-b11-nasim\src\DevSkill.Inventory.sln\DevSkill.Inventory.Application\Features\Sales\Queries\GetSalesSPQueryHandler.cs:line 23
   at DevSkill.Inventory.Web.Areas.Admin.Controllers.SalesController.GetSalesJsonData(SalesListModel model) in C:\Users\Nasim Reza\Desktop\Final Project\aspnet-b11-nasim\src\DevSkill.Inventory.sln\DevSkill.Inventory.Web\Areas\Admin\Controllers\SalesController.cs:line 51
ClientConnectionId:175af5c0-6693-4379-aa0f-97e78df18a54
Error Number:2812,State:62,Class:16
2025-06-21 14:59:55.499 +06:00 [ERR] Error loading sales return data
Microsoft.Data.SqlClient.SqlException (0x80131904): Could not find stored procedure 'GetSalesReturns'.
   at Microsoft.Data.SqlClient.SqlCommand.<>c.<ExecuteDbDataReaderAsync>b__195_0(Task`1 result)
   at System.Threading.Tasks.ContinuationResultTaskFromResultTask`2.InnerInvoke()
   at System.Threading.ExecutionContext.RunInternal(ExecutionContext executionContext, ContextCallback callback, Object state)
--- End of stack trace from previous location ---
   at System.Threading.ExecutionContext.RunInternal(ExecutionContext executionContext, ContextCallback callback, Object state)
   at System.Threading.Tasks.Task.ExecuteWithThreadLocal(Task& currentTaskSlot, Thread threadPoolThread)
--- End of stack trace from previous location ---
   at DevSkill.Inventory.Infrastructure.Utilities.SqlUtility.ExecuteQueryAsync[TReturn](DbCommand command) in C:\Users\Nasim Reza\Desktop\Final Project\aspnet-b11-nasim\src\DevSkill.Inventory.sln\DevSkill.Inventory.Infrastructure\Utilities\SqlUtility.cs:line 237
   at DevSkill.Inventory.Infrastructure.Utilities.SqlUtility.QueryWithStoredProcedureAsync[TReturn](String storedProcedureName, IDictionary`2 parameters, IDictionary`2 outParameters) in C:\Users\Nasim Reza\Desktop\Final Project\aspnet-b11-nasim\src\DevSkill.Inventory.sln\DevSkill.Inventory.Infrastructure\Utilities\SqlUtility.cs:line 100
   at DevSkill.Inventory.Infrastructure.Utilities.SqlUtility.QueryWithStoredProcedureAsync[TReturn](String storedProcedureName, IDictionary`2 parameters, IDictionary`2 outParameters) in C:\Users\Nasim Reza\Desktop\Final Project\aspnet-b11-nasim\src\DevSkill.Inventory.sln\DevSkill.Inventory.Infrastructure\Utilities\SqlUtility.cs:line 106
   at DevSkill.Inventory.Infrastructure.ApplicationUnitOfWork.GetSalesReturnsSP(Int32 pageIndex, Int32 pageSize, String order, SalesReturnSearchDto search) in C:\Users\Nasim Reza\Desktop\Final Project\aspnet-b11-nasim\src\DevSkill.Inventory.sln\DevSkill.Inventory.Infrastructure\ApplicationUnitOfWork.cs:line 147
   at DevSkill.Inventory.Application.Features.SalesReturns.Queries.GetSalesReturnsSPQueryHandler.Handle(GetSalesReturnsSPQuery request, CancellationToken cancellationToken) in C:\Users\Nasim Reza\Desktop\Final Project\aspnet-b11-nasim\src\DevSkill.Inventory.sln\DevSkill.Inventory.Application\Features\SalesReturns\Queries\GetSalesReturnsQueryHandler.cs:line 23
   at DevSkill.Inventory.Web.Areas.Admin.Controllers.SalesController.GetSalesReturnsJsonData(SalesReturnListModel model) in C:\Users\Nasim Reza\Desktop\Final Project\aspnet-b11-nasim\src\DevSkill.Inventory.sln\DevSkill.Inventory.Web\Areas\Admin\Controllers\SalesController.cs:line 99
ClientConnectionId:175af5c0-6693-4379-aa0f-97e78df18a54
Error Number:2812,State:62,Class:16
2025-06-21 14:59:56.378 +06:00 [ERR] Error loading purchase returns
Microsoft.Data.SqlClient.SqlException (0x80131904): Could not find stored procedure 'GetPurchaseReturns'.
   at Microsoft.Data.SqlClient.SqlCommand.<>c.<ExecuteDbDataReaderAsync>b__195_0(Task`1 result)
   at System.Threading.Tasks.ContinuationResultTaskFromResultTask`2.InnerInvoke()
   at System.Threading.ExecutionContext.RunInternal(ExecutionContext executionContext, ContextCallback callback, Object state)
--- End of stack trace from previous location ---
   at System.Threading.ExecutionContext.RunInternal(ExecutionContext executionContext, ContextCallback callback, Object state)
   at System.Threading.Tasks.Task.ExecuteWithThreadLocal(Task& currentTaskSlot, Thread threadPoolThread)
--- End of stack trace from previous location ---
   at DevSkill.Inventory.Infrastructure.Utilities.SqlUtility.ExecuteQueryAsync[TReturn](DbCommand command) in C:\Users\Nasim Reza\Desktop\Final Project\aspnet-b11-nasim\src\DevSkill.Inventory.sln\DevSkill.Inventory.Infrastructure\Utilities\SqlUtility.cs:line 237
   at DevSkill.Inventory.Infrastructure.Utilities.SqlUtility.QueryWithStoredProcedureAsync[TReturn](String storedProcedureName, IDictionary`2 parameters, IDictionary`2 outParameters) in C:\Users\Nasim Reza\Desktop\Final Project\aspnet-b11-nasim\src\DevSkill.Inventory.sln\DevSkill.Inventory.Infrastructure\Utilities\SqlUtility.cs:line 100
   at DevSkill.Inventory.Infrastructure.Utilities.SqlUtility.QueryWithStoredProcedureAsync[TReturn](String storedProcedureName, IDictionary`2 parameters, IDictionary`2 outParameters) in C:\Users\Nasim Reza\Desktop\Final Project\aspnet-b11-nasim\src\DevSkill.Inventory.sln\DevSkill.Inventory.Infrastructure\Utilities\SqlUtility.cs:line 106
   at DevSkill.Inventory.Infrastructure.ApplicationUnitOfWork.GetPurchaseReturnsSP(Int32 pageIndex, Int32 pageSize, String order, PurchaseReturnSearchDto search) in C:\Users\Nasim Reza\Desktop\Final Project\aspnet-b11-nasim\src\DevSkill.Inventory.sln\DevSkill.Inventory.Infrastructure\ApplicationUnitOfWork.cs:line 176
   at DevSkill.Inventory.Application.Features.PurchaseReturns.Queries.GetPurchaseReturnsSPQueryHandler.Handle(GetPurchaseReturnsSPQuery request, CancellationToken cancellationToken) in C:\Users\Nasim Reza\Desktop\Final Project\aspnet-b11-nasim\src\DevSkill.Inventory.sln\DevSkill.Inventory.Application\Features\PurchaseReturns\Queries\GetPurchaseReturnsSPQueryHandler.cs:line 23
   at DevSkill.Inventory.Web.Areas.Admin.Controllers.PurchasesController.GetPurchaseReturnsJsonData(PurchaseReturnListModel model) in C:\Users\Nasim Reza\Desktop\Final Project\aspnet-b11-nasim\src\DevSkill.Inventory.sln\DevSkill.Inventory.Web\Areas\Admin\Controllers\PurchasesController.cs:line 103
ClientConnectionId:175af5c0-6693-4379-aa0f-97e78df18a54
Error Number:2812,State:62,Class:16
2025-06-21 14:59:57.132 +06:00 [ERR] Error loading service data
AutoMapper.AutoMapperMappingException: Missing type map configuration or unsupported mapping.

Mapping types:
ServiceSearchModel -> ServiceSearchDto
DevSkill.Inventory.Web.Areas.Admin.Models.ServicesModels.ServiceSearchModel -> DevSkill.Inventory.Domain.Dtos.ServiceSearchDto
   at lambda_method976(Closure, Object, ServiceSearchDto, ResolutionContext)
   at DevSkill.Inventory.Web.Areas.Admin.Controllers.ServicesController.GetServicesJsonData(ServiceListModel model) in C:\Users\Nasim Reza\Desktop\Final Project\aspnet-b11-nasim\src\DevSkill.Inventory.sln\DevSkill.Inventory.Web\Areas\Admin\Controllers\ServicesController.cs:line 36
2025-06-21 14:59:58.109 +06:00 [ERR] Error loading service sales
Microsoft.Data.SqlClient.SqlException (0x80131904): Procedure or function 'GetServiceSales' expects parameter '@TotalCount', which was not supplied.
   at Microsoft.Data.SqlClient.SqlCommand.<>c.<ExecuteDbDataReaderAsync>b__195_0(Task`1 result)
   at System.Threading.Tasks.ContinuationResultTaskFromResultTask`2.InnerInvoke()
   at System.Threading.ExecutionContext.RunInternal(ExecutionContext executionContext, ContextCallback callback, Object state)
--- End of stack trace from previous location ---
   at System.Threading.ExecutionContext.RunInternal(ExecutionContext executionContext, ContextCallback callback, Object state)
   at System.Threading.Tasks.Task.ExecuteWithThreadLocal(Task& currentTaskSlot, Thread threadPoolThread)
--- End of stack trace from previous location ---
   at DevSkill.Inventory.Infrastructure.Utilities.SqlUtility.ExecuteQueryAsync[TReturn](DbCommand command) in C:\Users\Nasim Reza\Desktop\Final Project\aspnet-b11-nasim\src\DevSkill.Inventory.sln\DevSkill.Inventory.Infrastructure\Utilities\SqlUtility.cs:line 237
   at DevSkill.Inventory.Infrastructure.Utilities.SqlUtility.QueryWithStoredProcedureAsync[TReturn](String storedProcedureName, IDictionary`2 parameters, IDictionary`2 outParameters) in C:\Users\Nasim Reza\Desktop\Final Project\aspnet-b11-nasim\src\DevSkill.Inventory.sln\DevSkill.Inventory.Infrastructure\Utilities\SqlUtility.cs:line 100
   at DevSkill.Inventory.Infrastructure.Utilities.SqlUtility.QueryWithStoredProcedureAsync[TReturn](String storedProcedureName, IDictionary`2 parameters, IDictionary`2 outParameters) in C:\Users\Nasim Reza\Desktop\Final Project\aspnet-b11-nasim\src\DevSkill.Inventory.sln\DevSkill.Inventory.Infrastructure\Utilities\SqlUtility.cs:line 106
   at DevSkill.Inventory.Infrastructure.ApplicationUnitOfWork.GetServiceSalesSP(Int32 pageIndex, Int32 pageSize, String order, ServiceSaleSearchDto search) in C:\Users\Nasim Reza\Desktop\Final Project\aspnet-b11-nasim\src\DevSkill.Inventory.sln\DevSkill.Inventory.Infrastructure\ApplicationUnitOfWork.cs:line 224
   at DevSkill.Inventory.Application.Features.ServiceSales.Queries.GetServiceSalesSPQueryHandler.Handle(GetServiceSalesSPQuery request, CancellationToken cancellationToken) in C:\Users\Nasim Reza\Desktop\Final Project\aspnet-b11-nasim\src\DevSkill.Inventory.sln\DevSkill.Inventory.Application\Features\ServiceSales\Queries\GetServiceSalesSPQueryHandler.cs:line 25
   at DevSkill.Inventory.Web.Areas.Admin.Controllers.ServiceSalesController.GetServiceSalesJsonData(ServiceSaleListModel model) in C:\Users\Nasim Reza\Desktop\Final Project\aspnet-b11-nasim\src\DevSkill.Inventory.sln\DevSkill.Inventory.Web\Areas\Admin\Controllers\ServiceSalesController.cs:line 129
ClientConnectionId:175af5c0-6693-4379-aa0f-97e78df18a54
Error Number:201,State:4,Class:16
2025-06-21 15:02:01.408 +06:00 [INF] Application Starting...17-jan
2025-06-21 15:02:01.450 +06:00 [INF] This is Nasim Reza Hridoy
2025-06-21 15:02:01.450 +06:00 [ERR] An error occurred while starting the application.
2025-06-21 15:02:38.025 +06:00 [INF] Application Starting...17-jan
2025-06-21 15:02:38.064 +06:00 [INF] This is Nasim Reza Hridoy
2025-06-21 15:02:38.064 +06:00 [ERR] An error occurred while starting the application.
2025-06-21 15:02:41.341 +06:00 [INF] This is Nasim Reza
2025-06-21 15:02:41.365 +06:00 [INF] This is a test log entry to verify database logging.
2025-06-21 15:03:10.755 +06:00 [ERR] An unhandled exception has occurred while executing the request.
Microsoft.Data.SqlClient.SqlException (0x80131904): @FromDate is not a parameter for procedure GetQuotations.
   at Microsoft.Data.SqlClient.SqlCommand.<>c.<ExecuteDbDataReaderAsync>b__195_0(Task`1 result)
   at System.Threading.Tasks.ContinuationResultTaskFromResultTask`2.InnerInvoke()
   at System.Threading.ExecutionContext.RunInternal(ExecutionContext executionContext, ContextCallback callback, Object state)
--- End of stack trace from previous location ---
   at System.Threading.ExecutionContext.RunInternal(ExecutionContext executionContext, ContextCallback callback, Object state)
   at System.Threading.Tasks.Task.ExecuteWithThreadLocal(Task& currentTaskSlot, Thread threadPoolThread)
--- End of stack trace from previous location ---
   at DevSkill.Inventory.Infrastructure.Utilities.SqlUtility.ExecuteQueryAsync[TReturn](DbCommand command) in C:\Users\Nasim Reza\Desktop\Final Project\aspnet-b11-nasim\src\DevSkill.Inventory.sln\DevSkill.Inventory.Infrastructure\Utilities\SqlUtility.cs:line 237
   at DevSkill.Inventory.Infrastructure.Utilities.SqlUtility.QueryWithStoredProcedureAsync[TReturn](String storedProcedureName, IDictionary`2 parameters, IDictionary`2 outParameters) in C:\Users\Nasim Reza\Desktop\Final Project\aspnet-b11-nasim\src\DevSkill.Inventory.sln\DevSkill.Inventory.Infrastructure\Utilities\SqlUtility.cs:line 100
   at DevSkill.Inventory.Infrastructure.Utilities.SqlUtility.QueryWithStoredProcedureAsync[TReturn](String storedProcedureName, IDictionary`2 parameters, IDictionary`2 outParameters) in C:\Users\Nasim Reza\Desktop\Final Project\aspnet-b11-nasim\src\DevSkill.Inventory.sln\DevSkill.Inventory.Infrastructure\Utilities\SqlUtility.cs:line 106
   at DevSkill.Inventory.Infrastructure.ApplicationUnitOfWork.GetQuotationsSP(Int32 pageIndex, Int32 pageSize, String order, QuotationSearchDto search) in C:\Users\Nasim Reza\Desktop\Final Project\aspnet-b11-nasim\src\DevSkill.Inventory.sln\DevSkill.Inventory.Infrastructure\ApplicationUnitOfWork.cs:line 271
   at DevSkill.Inventory.Application.Features.Quotations.Queries.GetQuotationsSPQueryHandler.Handle(GetQuotationsSPQuery request, CancellationToken cancellationToken) in C:\Users\Nasim Reza\Desktop\Final Project\aspnet-b11-nasim\src\DevSkill.Inventory.sln\DevSkill.Inventory.Application\Features\Quotations\Queries\GetQuotationsSPQueryHandler.cs:line 23
   at DevSkill.Inventory.Web.Areas.Admin.Controllers.QuotationsController.GetQuotationsJsonData(QuotationListModel model) in C:\Users\Nasim Reza\Desktop\Final Project\aspnet-b11-nasim\src\DevSkill.Inventory.sln\DevSkill.Inventory.Web\Areas\Admin\Controllers\QuotationsController.cs:line 42
   at lambda_method719(Closure, Object)
   at Microsoft.AspNetCore.Mvc.Infrastructure.ActionMethodExecutor.TaskOfActionResultExecutor.Execute(ActionContext actionContext, IActionResultTypeMapper mapper, ObjectMethodExecutor executor, Object controller, Object[] arguments)
   at Microsoft.AspNetCore.Mvc.Infrastructure.ControllerActionInvoker.<InvokeActionMethodAsync>g__Awaited|12_0(ControllerActionInvoker invoker, ValueTask`1 actionResultValueTask)
   at Microsoft.AspNetCore.Mvc.Infrastructure.ControllerActionInvoker.<InvokeNextActionFilterAsync>g__Awaited|10_0(ControllerActionInvoker invoker, Task lastTask, State next, Scope scope, Object state, Boolean isCompleted)
   at Microsoft.AspNetCore.Mvc.Infrastructure.ControllerActionInvoker.Rethrow(ActionExecutedContextSealed context)
   at Microsoft.AspNetCore.Mvc.Infrastructure.ControllerActionInvoker.Next(State& next, Scope& scope, Object& state, Boolean& isCompleted)
   at Microsoft.AspNetCore.Mvc.Infrastructure.ControllerActionInvoker.<InvokeInnerFilterAsync>g__Awaited|13_0(ControllerActionInvoker invoker, Task lastTask, State next, Scope scope, Object state, Boolean isCompleted)
   at Microsoft.AspNetCore.Mvc.Infrastructure.ResourceInvoker.<InvokeNextResourceFilter>g__Awaited|25_0(ResourceInvoker invoker, Task lastTask, State next, Scope scope, Object state, Boolean isCompleted)
   at Microsoft.AspNetCore.Mvc.Infrastructure.ResourceInvoker.Rethrow(ResourceExecutedContextSealed context)
   at Microsoft.AspNetCore.Mvc.Infrastructure.ResourceInvoker.Next(State& next, Scope& scope, Object& state, Boolean& isCompleted)
   at Microsoft.AspNetCore.Mvc.Infrastructure.ResourceInvoker.<InvokeFilterPipelineAsync>g__Awaited|20_0(ResourceInvoker invoker, Task lastTask, State next, Scope scope, Object state, Boolean isCompleted)
   at Microsoft.AspNetCore.Mvc.Infrastructure.ResourceInvoker.<InvokeAsync>g__Awaited|17_0(ResourceInvoker invoker, Task task, IDisposable scope)
   at Microsoft.AspNetCore.Mvc.Infrastructure.ResourceInvoker.<InvokeAsync>g__Awaited|17_0(ResourceInvoker invoker, Task task, IDisposable scope)
   at Microsoft.AspNetCore.Authorization.AuthorizationMiddleware.Invoke(HttpContext context)
   at Microsoft.AspNetCore.Authentication.AuthenticationMiddleware.Invoke(HttpContext context)
   at Microsoft.AspNetCore.Diagnostics.DeveloperExceptionPageMiddlewareImpl.Invoke(HttpContext context)
ClientConnectionId:61769529-7e5f-4a61-aec2-d099fd3c28ae
Error Number:8145,State:1,Class:16
2025-06-21 15:03:31.805 +06:00 [INF] Application Starting...17-jan
2025-06-21 15:03:31.841 +06:00 [INF] This is Nasim Reza Hridoy
2025-06-21 15:03:31.841 +06:00 [ERR] An error occurred while starting the application.
2025-06-21 15:04:20.472 +06:00 [INF] This is Nasim Reza
2025-06-21 15:04:21.847 +06:00 [INF] This is a test log entry to verify database logging.
2025-06-21 15:04:37.642 +06:00 [INF] Application Starting...17-jan
2025-06-21 15:04:37.674 +06:00 [INF] This is Nasim Reza Hridoy
2025-06-21 15:04:37.674 +06:00 [ERR] An error occurred while starting the application.
2025-06-21 15:05:00.553 +06:00 [INF] This is Nasim Reza
2025-06-21 15:05:05.380 +06:00 [INF] This is a test log entry to verify database logging.
2025-06-21 15:48:55.377 +06:00 [INF] Application Starting...17-jan
2025-06-21 15:48:55.413 +06:00 [INF] This is Nasim Reza Hridoy
2025-06-21 15:48:55.413 +06:00 [ERR] An error occurred while starting the application.
2025-06-21 15:48:57.725 +06:00 [INF] This is Nasim Reza
2025-06-21 15:48:57.748 +06:00 [INF] This is a test log entry to verify database logging.
2025-06-21 15:49:37.092 +06:00 [INF] Application Starting...17-jan
2025-06-21 15:49:37.179 +06:00 [INF] This is Nasim Reza Hridoy
2025-06-21 15:49:37.179 +06:00 [ERR] An error occurred while starting the application.
2025-06-21 15:49:39.478 +06:00 [INF] This is Nasim Reza
2025-06-21 15:49:39.497 +06:00 [INF] This is a test log entry to verify database logging.
2025-06-21 17:51:25.172 +06:00 [INF] Application Starting...17-jan
2025-06-21 17:51:25.212 +06:00 [INF] This is Nasim Reza Hridoy
2025-06-21 17:51:25.212 +06:00 [ERR] An error occurred while starting the application.
2025-06-21 17:51:27.921 +06:00 [INF] This is Nasim Reza
2025-06-21 17:51:27.937 +06:00 [INF] This is a test log entry to verify database logging.
2025-06-21 17:52:14.693 +06:00 [ERR] Error loading debit vouchers
Microsoft.Data.SqlClient.SqlException (0x80131904): Could not find stored procedure 'GetDebitVouchers'.
   at Microsoft.Data.SqlClient.SqlCommand.<>c.<ExecuteDbDataReaderAsync>b__195_0(Task`1 result)
   at System.Threading.Tasks.ContinuationResultTaskFromResultTask`2.InnerInvoke()
   at System.Threading.ExecutionContext.RunInternal(ExecutionContext executionContext, ContextCallback callback, Object state)
--- End of stack trace from previous location ---
   at System.Threading.ExecutionContext.RunInternal(ExecutionContext executionContext, ContextCallback callback, Object state)
   at System.Threading.Tasks.Task.ExecuteWithThreadLocal(Task& currentTaskSlot, Thread threadPoolThread)
--- End of stack trace from previous location ---
   at DevSkill.Inventory.Infrastructure.Utilities.SqlUtility.ExecuteQueryAsync[TReturn](DbCommand command) in C:\Users\Nasim Reza\Desktop\Final Project\aspnet-b11-nasim\src\DevSkill.Inventory.sln\DevSkill.Inventory.Infrastructure\Utilities\SqlUtility.cs:line 237
   at DevSkill.Inventory.Infrastructure.Utilities.SqlUtility.QueryWithStoredProcedureAsync[TReturn](String storedProcedureName, IDictionary`2 parameters, IDictionary`2 outParameters) in C:\Users\Nasim Reza\Desktop\Final Project\aspnet-b11-nasim\src\DevSkill.Inventory.sln\DevSkill.Inventory.Infrastructure\Utilities\SqlUtility.cs:line 100
   at DevSkill.Inventory.Infrastructure.Utilities.SqlUtility.QueryWithStoredProcedureAsync[TReturn](String storedProcedureName, IDictionary`2 parameters, IDictionary`2 outParameters) in C:\Users\Nasim Reza\Desktop\Final Project\aspnet-b11-nasim\src\DevSkill.Inventory.sln\DevSkill.Inventory.Infrastructure\Utilities\SqlUtility.cs:line 106
   at DevSkill.Inventory.Infrastructure.ApplicationUnitOfWork.GetDebitVouchersSP(Int32 pageIndex, Int32 pageSize, String orderBy, DebitVoucherSearchDto search) in C:\Users\Nasim Reza\Desktop\Final Project\aspnet-b11-nasim\src\DevSkill.Inventory.sln\DevSkill.Inventory.Infrastructure\ApplicationUnitOfWork.cs:line 328
   at DevSkill.Inventory.Application.Features.DebitVouchers.Queries.GetDebitVouchersSPQueryHandler.Handle(GetDebitVouchersSPQuery request, CancellationToken cancellationToken) in C:\Users\Nasim Reza\Desktop\Final Project\aspnet-b11-nasim\src\DevSkill.Inventory.sln\DevSkill.Inventory.Application\Features\DebitVouchers\Queries\GetDebitVouchersSPQueryHandler.cs:line 23
   at DevSkill.Inventory.Web.Areas.Admin.Controllers.DebitVouchersController.GetDebitVouchersJsonData(DebitVoucherListModel model) in C:\Users\Nasim Reza\Desktop\Final Project\aspnet-b11-nasim\src\DevSkill.Inventory.sln\DevSkill.Inventory.Web\Areas\Admin\Controllers\DebitVouchersController.cs:line 47
ClientConnectionId:e57fa7e3-3c64-4a37-b16c-8fffd8079cf9
Error Number:2812,State:62,Class:16
2025-06-21 17:52:47.248 +06:00 [ERR] Error loading debit vouchers
Microsoft.Data.SqlClient.SqlException (0x80131904): Could not find stored procedure 'GetDebitVouchers'.
   at Microsoft.Data.SqlClient.SqlCommand.<>c.<ExecuteDbDataReaderAsync>b__195_0(Task`1 result)
   at System.Threading.Tasks.ContinuationResultTaskFromResultTask`2.InnerInvoke()
   at System.Threading.ExecutionContext.RunInternal(ExecutionContext executionContext, ContextCallback callback, Object state)
--- End of stack trace from previous location ---
   at System.Threading.ExecutionContext.RunInternal(ExecutionContext executionContext, ContextCallback callback, Object state)
   at System.Threading.Tasks.Task.ExecuteWithThreadLocal(Task& currentTaskSlot, Thread threadPoolThread)
--- End of stack trace from previous location ---
   at DevSkill.Inventory.Infrastructure.Utilities.SqlUtility.ExecuteQueryAsync[TReturn](DbCommand command) in C:\Users\Nasim Reza\Desktop\Final Project\aspnet-b11-nasim\src\DevSkill.Inventory.sln\DevSkill.Inventory.Infrastructure\Utilities\SqlUtility.cs:line 237
   at DevSkill.Inventory.Infrastructure.Utilities.SqlUtility.QueryWithStoredProcedureAsync[TReturn](String storedProcedureName, IDictionary`2 parameters, IDictionary`2 outParameters) in C:\Users\Nasim Reza\Desktop\Final Project\aspnet-b11-nasim\src\DevSkill.Inventory.sln\DevSkill.Inventory.Infrastructure\Utilities\SqlUtility.cs:line 100
   at DevSkill.Inventory.Infrastructure.Utilities.SqlUtility.QueryWithStoredProcedureAsync[TReturn](String storedProcedureName, IDictionary`2 parameters, IDictionary`2 outParameters) in C:\Users\Nasim Reza\Desktop\Final Project\aspnet-b11-nasim\src\DevSkill.Inventory.sln\DevSkill.Inventory.Infrastructure\Utilities\SqlUtility.cs:line 106
   at DevSkill.Inventory.Infrastructure.ApplicationUnitOfWork.GetDebitVouchersSP(Int32 pageIndex, Int32 pageSize, String orderBy, DebitVoucherSearchDto search) in C:\Users\Nasim Reza\Desktop\Final Project\aspnet-b11-nasim\src\DevSkill.Inventory.sln\DevSkill.Inventory.Infrastructure\ApplicationUnitOfWork.cs:line 328
   at DevSkill.Inventory.Application.Features.DebitVouchers.Queries.GetDebitVouchersSPQueryHandler.Handle(GetDebitVouchersSPQuery request, CancellationToken cancellationToken) in C:\Users\Nasim Reza\Desktop\Final Project\aspnet-b11-nasim\src\DevSkill.Inventory.sln\DevSkill.Inventory.Application\Features\DebitVouchers\Queries\GetDebitVouchersSPQueryHandler.cs:line 23
   at DevSkill.Inventory.Web.Areas.Admin.Controllers.DebitVouchersController.GetDebitVouchersJsonData(DebitVoucherListModel model)
ClientConnectionId:e57fa7e3-3c64-4a37-b16c-8fffd8079cf9
Error Number:2812,State:62,Class:16
2025-06-21 17:52:48.497 +06:00 [ERR] Error loading debit vouchers
Microsoft.Data.SqlClient.SqlException (0x80131904): Could not find stored procedure 'GetDebitVouchers'.
   at Microsoft.Data.SqlClient.SqlCommand.<>c.<ExecuteDbDataReaderAsync>b__195_0(Task`1 result)
   at System.Threading.Tasks.ContinuationResultTaskFromResultTask`2.InnerInvoke()
   at System.Threading.ExecutionContext.RunInternal(ExecutionContext executionContext, ContextCallback callback, Object state)
--- End of stack trace from previous location ---
   at System.Threading.ExecutionContext.RunInternal(ExecutionContext executionContext, ContextCallback callback, Object state)
   at System.Threading.Tasks.Task.ExecuteWithThreadLocal(Task& currentTaskSlot, Thread threadPoolThread)
--- End of stack trace from previous location ---
   at DevSkill.Inventory.Infrastructure.Utilities.SqlUtility.ExecuteQueryAsync[TReturn](DbCommand command) in C:\Users\Nasim Reza\Desktop\Final Project\aspnet-b11-nasim\src\DevSkill.Inventory.sln\DevSkill.Inventory.Infrastructure\Utilities\SqlUtility.cs:line 237
   at DevSkill.Inventory.Infrastructure.Utilities.SqlUtility.QueryWithStoredProcedureAsync[TReturn](String storedProcedureName, IDictionary`2 parameters, IDictionary`2 outParameters) in C:\Users\Nasim Reza\Desktop\Final Project\aspnet-b11-nasim\src\DevSkill.Inventory.sln\DevSkill.Inventory.Infrastructure\Utilities\SqlUtility.cs:line 100
   at DevSkill.Inventory.Infrastructure.Utilities.SqlUtility.QueryWithStoredProcedureAsync[TReturn](String storedProcedureName, IDictionary`2 parameters, IDictionary`2 outParameters) in C:\Users\Nasim Reza\Desktop\Final Project\aspnet-b11-nasim\src\DevSkill.Inventory.sln\DevSkill.Inventory.Infrastructure\Utilities\SqlUtility.cs:line 106
   at DevSkill.Inventory.Infrastructure.ApplicationUnitOfWork.GetDebitVouchersSP(Int32 pageIndex, Int32 pageSize, String orderBy, DebitVoucherSearchDto search) in C:\Users\Nasim Reza\Desktop\Final Project\aspnet-b11-nasim\src\DevSkill.Inventory.sln\DevSkill.Inventory.Infrastructure\ApplicationUnitOfWork.cs:line 328
   at DevSkill.Inventory.Application.Features.DebitVouchers.Queries.GetDebitVouchersSPQueryHandler.Handle(GetDebitVouchersSPQuery request, CancellationToken cancellationToken) in C:\Users\Nasim Reza\Desktop\Final Project\aspnet-b11-nasim\src\DevSkill.Inventory.sln\DevSkill.Inventory.Application\Features\DebitVouchers\Queries\GetDebitVouchersSPQueryHandler.cs:line 23
   at DevSkill.Inventory.Web.Areas.Admin.Controllers.DebitVouchersController.GetDebitVouchersJsonData(DebitVoucherListModel model)
ClientConnectionId:e57fa7e3-3c64-4a37-b16c-8fffd8079cf9
Error Number:2812,State:62,Class:16
2025-06-21 17:52:50.485 +06:00 [ERR] Error loading debit vouchers
Microsoft.Data.SqlClient.SqlException (0x80131904): Could not find stored procedure 'GetDebitVouchers'.
   at Microsoft.Data.SqlClient.SqlCommand.<>c.<ExecuteDbDataReaderAsync>b__195_0(Task`1 result)
   at System.Threading.Tasks.ContinuationResultTaskFromResultTask`2.InnerInvoke()
   at System.Threading.ExecutionContext.RunInternal(ExecutionContext executionContext, ContextCallback callback, Object state)
--- End of stack trace from previous location ---
   at System.Threading.ExecutionContext.RunInternal(ExecutionContext executionContext, ContextCallback callback, Object state)
   at System.Threading.Tasks.Task.ExecuteWithThreadLocal(Task& currentTaskSlot, Thread threadPoolThread)
--- End of stack trace from previous location ---
   at DevSkill.Inventory.Infrastructure.Utilities.SqlUtility.ExecuteQueryAsync[TReturn](DbCommand command) in C:\Users\Nasim Reza\Desktop\Final Project\aspnet-b11-nasim\src\DevSkill.Inventory.sln\DevSkill.Inventory.Infrastructure\Utilities\SqlUtility.cs:line 237
   at DevSkill.Inventory.Infrastructure.Utilities.SqlUtility.QueryWithStoredProcedureAsync[TReturn](String storedProcedureName, IDictionary`2 parameters, IDictionary`2 outParameters) in C:\Users\Nasim Reza\Desktop\Final Project\aspnet-b11-nasim\src\DevSkill.Inventory.sln\DevSkill.Inventory.Infrastructure\Utilities\SqlUtility.cs:line 100
   at DevSkill.Inventory.Infrastructure.Utilities.SqlUtility.QueryWithStoredProcedureAsync[TReturn](String storedProcedureName, IDictionary`2 parameters, IDictionary`2 outParameters) in C:\Users\Nasim Reza\Desktop\Final Project\aspnet-b11-nasim\src\DevSkill.Inventory.sln\DevSkill.Inventory.Infrastructure\Utilities\SqlUtility.cs:line 106
   at DevSkill.Inventory.Infrastructure.ApplicationUnitOfWork.GetDebitVouchersSP(Int32 pageIndex, Int32 pageSize, String orderBy, DebitVoucherSearchDto search) in C:\Users\Nasim Reza\Desktop\Final Project\aspnet-b11-nasim\src\DevSkill.Inventory.sln\DevSkill.Inventory.Infrastructure\ApplicationUnitOfWork.cs:line 328
   at DevSkill.Inventory.Application.Features.DebitVouchers.Queries.GetDebitVouchersSPQueryHandler.Handle(GetDebitVouchersSPQuery request, CancellationToken cancellationToken) in C:\Users\Nasim Reza\Desktop\Final Project\aspnet-b11-nasim\src\DevSkill.Inventory.sln\DevSkill.Inventory.Application\Features\DebitVouchers\Queries\GetDebitVouchersSPQueryHandler.cs:line 23
   at DevSkill.Inventory.Web.Areas.Admin.Controllers.DebitVouchersController.GetDebitVouchersJsonData(DebitVoucherListModel model)
ClientConnectionId:e57fa7e3-3c64-4a37-b16c-8fffd8079cf9
Error Number:2812,State:62,Class:16
2025-06-21 17:54:50.898 +06:00 [INF] Application Starting...17-jan
2025-06-21 17:54:50.923 +06:00 [INF] This is Nasim Reza Hridoy
2025-06-21 17:54:50.923 +06:00 [ERR] An error occurred while starting the application.
2025-06-21 17:54:51.452 +06:00 [FTL] Application crashed
Microsoft.Extensions.Hosting.HostAbortedException: The host was aborted.
   at Microsoft.Extensions.Hosting.HostFactoryResolver.HostingListener.ThrowHostAborted()
   at Microsoft.Extensions.Hosting.HostFactoryResolver.HostingListener.OnNext(KeyValuePair`2 value)
   at System.Diagnostics.DiagnosticListener.Write(String name, Object value)
   at Microsoft.Extensions.Hosting.HostBuilder.ResolveHost(IServiceProvider serviceProvider, DiagnosticListener diagnosticListener)
   at Microsoft.Extensions.Hosting.HostApplicationBuilder.Build()
   at Microsoft.AspNetCore.Builder.WebApplicationBuilder.Build()
   at Program.<Main>$(String[] args) in C:\Users\Nasim Reza\Desktop\Final Project\aspnet-b11-nasim\src\DevSkill.Inventory.sln\DevSkill.Inventory.Web\Program.cs:line 94
2025-06-21 17:55:38.814 +06:00 [INF] Application Starting...17-jan
2025-06-21 17:55:38.837 +06:00 [INF] This is Nasim Reza Hridoy
2025-06-21 17:55:38.837 +06:00 [ERR] An error occurred while starting the application.
2025-06-21 17:55:39.342 +06:00 [FTL] Application crashed
Microsoft.Extensions.Hosting.HostAbortedException: The host was aborted.
   at Microsoft.Extensions.Hosting.HostFactoryResolver.HostingListener.ThrowHostAborted()
   at Microsoft.Extensions.Hosting.HostFactoryResolver.HostingListener.OnNext(KeyValuePair`2 value)
   at System.Diagnostics.DiagnosticListener.Write(String name, Object value)
   at Microsoft.Extensions.Hosting.HostBuilder.ResolveHost(IServiceProvider serviceProvider, DiagnosticListener diagnosticListener)
   at Microsoft.Extensions.Hosting.HostApplicationBuilder.Build()
   at Microsoft.AspNetCore.Builder.WebApplicationBuilder.Build()
   at Program.<Main>$(String[] args) in C:\Users\Nasim Reza\Desktop\Final Project\aspnet-b11-nasim\src\DevSkill.Inventory.sln\DevSkill.Inventory.Web\Program.cs:line 94
2025-06-21 18:02:37.269 +06:00 [INF] Application Starting...17-jan
2025-06-21 18:02:37.293 +06:00 [INF] This is Nasim Reza Hridoy
2025-06-21 18:02:37.293 +06:00 [ERR] An error occurred while starting the application.
2025-06-21 18:02:37.799 +06:00 [FTL] Application crashed
Microsoft.Extensions.Hosting.HostAbortedException: The host was aborted.
   at Microsoft.Extensions.Hosting.HostFactoryResolver.HostingListener.ThrowHostAborted()
   at Microsoft.Extensions.Hosting.HostFactoryResolver.HostingListener.OnNext(KeyValuePair`2 value)
   at System.Diagnostics.DiagnosticListener.Write(String name, Object value)
   at Microsoft.Extensions.Hosting.HostBuilder.ResolveHost(IServiceProvider serviceProvider, DiagnosticListener diagnosticListener)
   at Microsoft.Extensions.Hosting.HostApplicationBuilder.Build()
   at Microsoft.AspNetCore.Builder.WebApplicationBuilder.Build()
   at Program.<Main>$(String[] args) in C:\Users\Nasim Reza\Desktop\Final Project\aspnet-b11-nasim\src\DevSkill.Inventory.sln\DevSkill.Inventory.Web\Program.cs:line 94
2025-06-21 18:03:13.987 +06:00 [INF] Application Starting...17-jan
2025-06-21 18:03:14.011 +06:00 [INF] This is Nasim Reza Hridoy
2025-06-21 18:03:14.011 +06:00 [ERR] An error occurred while starting the application.
2025-06-21 18:03:14.525 +06:00 [FTL] Application crashed
Microsoft.Extensions.Hosting.HostAbortedException: The host was aborted.
   at Microsoft.Extensions.Hosting.HostFactoryResolver.HostingListener.ThrowHostAborted()
   at Microsoft.Extensions.Hosting.HostFactoryResolver.HostingListener.OnNext(KeyValuePair`2 value)
   at System.Diagnostics.DiagnosticListener.Write(String name, Object value)
   at Microsoft.Extensions.Hosting.HostBuilder.ResolveHost(IServiceProvider serviceProvider, DiagnosticListener diagnosticListener)
   at Microsoft.Extensions.Hosting.HostApplicationBuilder.Build()
   at Microsoft.AspNetCore.Builder.WebApplicationBuilder.Build()
   at Program.<Main>$(String[] args) in C:\Users\Nasim Reza\Desktop\Final Project\aspnet-b11-nasim\src\DevSkill.Inventory.sln\DevSkill.Inventory.Web\Program.cs:line 94
2025-06-21 18:12:19.742 +06:00 [INF] Application Starting...17-jan
2025-06-21 18:12:19.774 +06:00 [INF] This is Nasim Reza Hridoy
2025-06-21 18:12:19.774 +06:00 [ERR] An error occurred while starting the application.
2025-06-21 18:12:25.202 +06:00 [INF] This is Nasim Reza
2025-06-21 18:12:25.221 +06:00 [INF] This is a test log entry to verify database logging.
2025-06-21 18:20:35.342 +06:00 [INF] Application Starting...17-jan
2025-06-21 18:20:35.375 +06:00 [INF] This is Nasim Reza Hridoy
2025-06-21 18:20:35.375 +06:00 [ERR] An error occurred while starting the application.
2025-06-21 18:20:38.382 +06:00 [INF] This is Nasim Reza
2025-06-21 18:20:38.400 +06:00 [INF] This is a test log entry to verify database logging.
2025-06-21 18:20:55.793 +06:00 [ERR] Error loading service sales
Microsoft.Data.SqlClient.SqlException (0x80131904): Procedure or function 'GetServiceSales' expects parameter '@TotalCount', which was not supplied.
   at Microsoft.Data.SqlClient.SqlCommand.<>c.<ExecuteDbDataReaderAsync>b__195_0(Task`1 result)
   at System.Threading.Tasks.ContinuationResultTaskFromResultTask`2.InnerInvoke()
   at System.Threading.ExecutionContext.RunInternal(ExecutionContext executionContext, ContextCallback callback, Object state)
--- End of stack trace from previous location ---
   at System.Threading.ExecutionContext.RunInternal(ExecutionContext executionContext, ContextCallback callback, Object state)
   at System.Threading.Tasks.Task.ExecuteWithThreadLocal(Task& currentTaskSlot, Thread threadPoolThread)
--- End of stack trace from previous location ---
   at DevSkill.Inventory.Infrastructure.Utilities.SqlUtility.ExecuteQueryAsync[TReturn](DbCommand command) in C:\Users\Nasim Reza\Desktop\Final Project\aspnet-b11-nasim\src\DevSkill.Inventory.sln\DevSkill.Inventory.Infrastructure\Utilities\SqlUtility.cs:line 237
   at DevSkill.Inventory.Infrastructure.Utilities.SqlUtility.QueryWithStoredProcedureAsync[TReturn](String storedProcedureName, IDictionary`2 parameters, IDictionary`2 outParameters) in C:\Users\Nasim Reza\Desktop\Final Project\aspnet-b11-nasim\src\DevSkill.Inventory.sln\DevSkill.Inventory.Infrastructure\Utilities\SqlUtility.cs:line 100
   at DevSkill.Inventory.Infrastructure.Utilities.SqlUtility.QueryWithStoredProcedureAsync[TReturn](String storedProcedureName, IDictionary`2 parameters, IDictionary`2 outParameters) in C:\Users\Nasim Reza\Desktop\Final Project\aspnet-b11-nasim\src\DevSkill.Inventory.sln\DevSkill.Inventory.Infrastructure\Utilities\SqlUtility.cs:line 106
   at DevSkill.Inventory.Infrastructure.ApplicationUnitOfWork.GetServiceSalesSP(Int32 pageIndex, Int32 pageSize, String order, ServiceSaleSearchDto search) in C:\Users\Nasim Reza\Desktop\Final Project\aspnet-b11-nasim\src\DevSkill.Inventory.sln\DevSkill.Inventory.Infrastructure\ApplicationUnitOfWork.cs:line 226
   at DevSkill.Inventory.Application.Features.ServiceSales.Queries.GetServiceSalesSPQueryHandler.Handle(GetServiceSalesSPQuery request, CancellationToken cancellationToken) in C:\Users\Nasim Reza\Desktop\Final Project\aspnet-b11-nasim\src\DevSkill.Inventory.sln\DevSkill.Inventory.Application\Features\ServiceSales\Queries\GetServiceSalesSPQueryHandler.cs:line 25
   at DevSkill.Inventory.Web.Areas.Admin.Controllers.ServiceSalesController.GetServiceSalesJsonData(ServiceSaleListModel model) in C:\Users\Nasim Reza\Desktop\Final Project\aspnet-b11-nasim\src\DevSkill.Inventory.sln\DevSkill.Inventory.Web\Areas\Admin\Controllers\ServiceSalesController.cs:line 129
ClientConnectionId:27bde8d0-ef89-4a0c-9675-bfe7edd04a2e
Error Number:201,State:4,Class:16
2025-06-21 18:20:56.170 +06:00 [ERR] Error loading service data
AutoMapper.AutoMapperMappingException: Missing type map configuration or unsupported mapping.

Mapping types:
ServiceSearchModel -> ServiceSearchDto
DevSkill.Inventory.Web.Areas.Admin.Models.ServicesModels.ServiceSearchModel -> DevSkill.Inventory.Domain.Dtos.ServiceSearchDto
   at lambda_method856(Closure, Object, ServiceSearchDto, ResolutionContext)
   at DevSkill.Inventory.Web.Areas.Admin.Controllers.ServicesController.GetServicesJsonData(ServiceListModel model) in C:\Users\Nasim Reza\Desktop\Final Project\aspnet-b11-nasim\src\DevSkill.Inventory.sln\DevSkill.Inventory.Web\Areas\Admin\Controllers\ServicesController.cs:line 36
2025-06-21 18:20:56.928 +06:00 [ERR] Error loading purchase returns
Microsoft.Data.SqlClient.SqlException (0x80131904): Could not find stored procedure 'GetPurchaseReturns'.
   at Microsoft.Data.SqlClient.SqlCommand.<>c.<ExecuteDbDataReaderAsync>b__195_0(Task`1 result)
   at System.Threading.Tasks.ContinuationResultTaskFromResultTask`2.InnerInvoke()
   at System.Threading.ExecutionContext.RunInternal(ExecutionContext executionContext, ContextCallback callback, Object state)
--- End of stack trace from previous location ---
   at System.Threading.ExecutionContext.RunInternal(ExecutionContext executionContext, ContextCallback callback, Object state)
   at System.Threading.Tasks.Task.ExecuteWithThreadLocal(Task& currentTaskSlot, Thread threadPoolThread)
--- End of stack trace from previous location ---
   at DevSkill.Inventory.Infrastructure.Utilities.SqlUtility.ExecuteQueryAsync[TReturn](DbCommand command) in C:\Users\Nasim Reza\Desktop\Final Project\aspnet-b11-nasim\src\DevSkill.Inventory.sln\DevSkill.Inventory.Infrastructure\Utilities\SqlUtility.cs:line 237
   at DevSkill.Inventory.Infrastructure.Utilities.SqlUtility.QueryWithStoredProcedureAsync[TReturn](String storedProcedureName, IDictionary`2 parameters, IDictionary`2 outParameters) in C:\Users\Nasim Reza\Desktop\Final Project\aspnet-b11-nasim\src\DevSkill.Inventory.sln\DevSkill.Inventory.Infrastructure\Utilities\SqlUtility.cs:line 100
   at DevSkill.Inventory.Infrastructure.Utilities.SqlUtility.QueryWithStoredProcedureAsync[TReturn](String storedProcedureName, IDictionary`2 parameters, IDictionary`2 outParameters) in C:\Users\Nasim Reza\Desktop\Final Project\aspnet-b11-nasim\src\DevSkill.Inventory.sln\DevSkill.Inventory.Infrastructure\Utilities\SqlUtility.cs:line 106
   at DevSkill.Inventory.Infrastructure.ApplicationUnitOfWork.GetPurchaseReturnsSP(Int32 pageIndex, Int32 pageSize, String order, PurchaseReturnSearchDto search) in C:\Users\Nasim Reza\Desktop\Final Project\aspnet-b11-nasim\src\DevSkill.Inventory.sln\DevSkill.Inventory.Infrastructure\ApplicationUnitOfWork.cs:line 178
   at DevSkill.Inventory.Application.Features.PurchaseReturns.Queries.GetPurchaseReturnsSPQueryHandler.Handle(GetPurchaseReturnsSPQuery request, CancellationToken cancellationToken) in C:\Users\Nasim Reza\Desktop\Final Project\aspnet-b11-nasim\src\DevSkill.Inventory.sln\DevSkill.Inventory.Application\Features\PurchaseReturns\Queries\GetPurchaseReturnsSPQueryHandler.cs:line 23
   at DevSkill.Inventory.Web.Areas.Admin.Controllers.PurchasesController.GetPurchaseReturnsJsonData(PurchaseReturnListModel model) in C:\Users\Nasim Reza\Desktop\Final Project\aspnet-b11-nasim\src\DevSkill.Inventory.sln\DevSkill.Inventory.Web\Areas\Admin\Controllers\PurchasesController.cs:line 103
ClientConnectionId:27bde8d0-ef89-4a0c-9675-bfe7edd04a2e
Error Number:2812,State:62,Class:16
2025-06-21 18:20:57.568 +06:00 [ERR] Error loading sales return data
Microsoft.Data.SqlClient.SqlException (0x80131904): Could not find stored procedure 'GetSalesReturns'.
   at Microsoft.Data.SqlClient.SqlCommand.<>c.<ExecuteDbDataReaderAsync>b__195_0(Task`1 result)
   at System.Threading.Tasks.ContinuationResultTaskFromResultTask`2.InnerInvoke()
   at System.Threading.ExecutionContext.RunInternal(ExecutionContext executionContext, ContextCallback callback, Object state)
--- End of stack trace from previous location ---
   at System.Threading.ExecutionContext.RunInternal(ExecutionContext executionContext, ContextCallback callback, Object state)
   at System.Threading.Tasks.Task.ExecuteWithThreadLocal(Task& currentTaskSlot, Thread threadPoolThread)
--- End of stack trace from previous location ---
   at DevSkill.Inventory.Infrastructure.Utilities.SqlUtility.ExecuteQueryAsync[TReturn](DbCommand command) in C:\Users\Nasim Reza\Desktop\Final Project\aspnet-b11-nasim\src\DevSkill.Inventory.sln\DevSkill.Inventory.Infrastructure\Utilities\SqlUtility.cs:line 237
   at DevSkill.Inventory.Infrastructure.Utilities.SqlUtility.QueryWithStoredProcedureAsync[TReturn](String storedProcedureName, IDictionary`2 parameters, IDictionary`2 outParameters) in C:\Users\Nasim Reza\Desktop\Final Project\aspnet-b11-nasim\src\DevSkill.Inventory.sln\DevSkill.Inventory.Infrastructure\Utilities\SqlUtility.cs:line 100
   at DevSkill.Inventory.Infrastructure.Utilities.SqlUtility.QueryWithStoredProcedureAsync[TReturn](String storedProcedureName, IDictionary`2 parameters, IDictionary`2 outParameters) in C:\Users\Nasim Reza\Desktop\Final Project\aspnet-b11-nasim\src\DevSkill.Inventory.sln\DevSkill.Inventory.Infrastructure\Utilities\SqlUtility.cs:line 106
   at DevSkill.Inventory.Infrastructure.ApplicationUnitOfWork.GetSalesReturnsSP(Int32 pageIndex, Int32 pageSize, String order, SalesReturnSearchDto search) in C:\Users\Nasim Reza\Desktop\Final Project\aspnet-b11-nasim\src\DevSkill.Inventory.sln\DevSkill.Inventory.Infrastructure\ApplicationUnitOfWork.cs:line 149
   at DevSkill.Inventory.Application.Features.SalesReturns.Queries.GetSalesReturnsSPQueryHandler.Handle(GetSalesReturnsSPQuery request, CancellationToken cancellationToken) in C:\Users\Nasim Reza\Desktop\Final Project\aspnet-b11-nasim\src\DevSkill.Inventory.sln\DevSkill.Inventory.Application\Features\SalesReturns\Queries\GetSalesReturnsQueryHandler.cs:line 23
   at DevSkill.Inventory.Web.Areas.Admin.Controllers.SalesController.GetSalesReturnsJsonData(SalesReturnListModel model) in C:\Users\Nasim Reza\Desktop\Final Project\aspnet-b11-nasim\src\DevSkill.Inventory.sln\DevSkill.Inventory.Web\Areas\Admin\Controllers\SalesController.cs:line 99
ClientConnectionId:27bde8d0-ef89-4a0c-9675-bfe7edd04a2e
Error Number:2812,State:62,Class:16
2025-06-21 18:20:59.058 +06:00 [ERR] Error loading sales
Microsoft.Data.SqlClient.SqlException (0x80131904): Could not find stored procedure 'GetSales'.
   at Microsoft.Data.SqlClient.SqlCommand.<>c.<ExecuteDbDataReaderAsync>b__195_0(Task`1 result)
   at System.Threading.Tasks.ContinuationResultTaskFromResultTask`2.InnerInvoke()
   at System.Threading.ExecutionContext.RunInternal(ExecutionContext executionContext, ContextCallback callback, Object state)
--- End of stack trace from previous location ---
   at System.Threading.ExecutionContext.RunInternal(ExecutionContext executionContext, ContextCallback callback, Object state)
   at System.Threading.Tasks.Task.ExecuteWithThreadLocal(Task& currentTaskSlot, Thread threadPoolThread)
--- End of stack trace from previous location ---
   at DevSkill.Inventory.Infrastructure.Utilities.SqlUtility.ExecuteQueryAsync[TReturn](DbCommand command) in C:\Users\Nasim Reza\Desktop\Final Project\aspnet-b11-nasim\src\DevSkill.Inventory.sln\DevSkill.Inventory.Infrastructure\Utilities\SqlUtility.cs:line 237
   at DevSkill.Inventory.Infrastructure.Utilities.SqlUtility.QueryWithStoredProcedureAsync[TReturn](String storedProcedureName, IDictionary`2 parameters, IDictionary`2 outParameters) in C:\Users\Nasim Reza\Desktop\Final Project\aspnet-b11-nasim\src\DevSkill.Inventory.sln\DevSkill.Inventory.Infrastructure\Utilities\SqlUtility.cs:line 100
   at DevSkill.Inventory.Infrastructure.Utilities.SqlUtility.QueryWithStoredProcedureAsync[TReturn](String storedProcedureName, IDictionary`2 parameters, IDictionary`2 outParameters) in C:\Users\Nasim Reza\Desktop\Final Project\aspnet-b11-nasim\src\DevSkill.Inventory.sln\DevSkill.Inventory.Infrastructure\Utilities\SqlUtility.cs:line 106
   at DevSkill.Inventory.Infrastructure.ApplicationUnitOfWork.GetSalesSP(Int32 pageIndex, Int32 pageSize, String orderBy, SaleSearchDto search) in C:\Users\Nasim Reza\Desktop\Final Project\aspnet-b11-nasim\src\DevSkill.Inventory.sln\DevSkill.Inventory.Infrastructure\ApplicationUnitOfWork.cs:line 122
   at DevSkill.Inventory.Application.Features.Sales.Queries.GetSalesSPQueryHandler.Handle(GetSalesSPQuery request, CancellationToken cancellationToken) in C:\Users\Nasim Reza\Desktop\Final Project\aspnet-b11-nasim\src\DevSkill.Inventory.sln\DevSkill.Inventory.Application\Features\Sales\Queries\GetSalesSPQueryHandler.cs:line 23
   at DevSkill.Inventory.Web.Areas.Admin.Controllers.SalesController.GetSalesJsonData(SalesListModel model) in C:\Users\Nasim Reza\Desktop\Final Project\aspnet-b11-nasim\src\DevSkill.Inventory.sln\DevSkill.Inventory.Web\Areas\Admin\Controllers\SalesController.cs:line 51
ClientConnectionId:27bde8d0-ef89-4a0c-9675-bfe7edd04a2e
Error Number:2812,State:62,Class:16
2025-06-21 18:21:00.616 +06:00 [ERR] Error loading sales return data
Microsoft.Data.SqlClient.SqlException (0x80131904): Could not find stored procedure 'GetSalesReturns'.
   at Microsoft.Data.SqlClient.SqlCommand.<>c.<ExecuteDbDataReaderAsync>b__195_0(Task`1 result)
   at System.Threading.Tasks.ContinuationResultTaskFromResultTask`2.InnerInvoke()
   at System.Threading.ExecutionContext.RunInternal(ExecutionContext executionContext, ContextCallback callback, Object state)
--- End of stack trace from previous location ---
   at System.Threading.ExecutionContext.RunInternal(ExecutionContext executionContext, ContextCallback callback, Object state)
   at System.Threading.Tasks.Task.ExecuteWithThreadLocal(Task& currentTaskSlot, Thread threadPoolThread)
--- End of stack trace from previous location ---
   at DevSkill.Inventory.Infrastructure.Utilities.SqlUtility.ExecuteQueryAsync[TReturn](DbCommand command) in C:\Users\Nasim Reza\Desktop\Final Project\aspnet-b11-nasim\src\DevSkill.Inventory.sln\DevSkill.Inventory.Infrastructure\Utilities\SqlUtility.cs:line 237
   at DevSkill.Inventory.Infrastructure.Utilities.SqlUtility.QueryWithStoredProcedureAsync[TReturn](String storedProcedureName, IDictionary`2 parameters, IDictionary`2 outParameters) in C:\Users\Nasim Reza\Desktop\Final Project\aspnet-b11-nasim\src\DevSkill.Inventory.sln\DevSkill.Inventory.Infrastructure\Utilities\SqlUtility.cs:line 100
   at DevSkill.Inventory.Infrastructure.Utilities.SqlUtility.QueryWithStoredProcedureAsync[TReturn](String storedProcedureName, IDictionary`2 parameters, IDictionary`2 outParameters) in C:\Users\Nasim Reza\Desktop\Final Project\aspnet-b11-nasim\src\DevSkill.Inventory.sln\DevSkill.Inventory.Infrastructure\Utilities\SqlUtility.cs:line 106
   at DevSkill.Inventory.Infrastructure.ApplicationUnitOfWork.GetSalesReturnsSP(Int32 pageIndex, Int32 pageSize, String order, SalesReturnSearchDto search) in C:\Users\Nasim Reza\Desktop\Final Project\aspnet-b11-nasim\src\DevSkill.Inventory.sln\DevSkill.Inventory.Infrastructure\ApplicationUnitOfWork.cs:line 149
   at DevSkill.Inventory.Application.Features.SalesReturns.Queries.GetSalesReturnsSPQueryHandler.Handle(GetSalesReturnsSPQuery request, CancellationToken cancellationToken) in C:\Users\Nasim Reza\Desktop\Final Project\aspnet-b11-nasim\src\DevSkill.Inventory.sln\DevSkill.Inventory.Application\Features\SalesReturns\Queries\GetSalesReturnsQueryHandler.cs:line 23
   at DevSkill.Inventory.Web.Areas.Admin.Controllers.SalesController.GetSalesReturnsJsonData(SalesReturnListModel model) in C:\Users\Nasim Reza\Desktop\Final Project\aspnet-b11-nasim\src\DevSkill.Inventory.sln\DevSkill.Inventory.Web\Areas\Admin\Controllers\SalesController.cs:line 99
ClientConnectionId:27bde8d0-ef89-4a0c-9675-bfe7edd04a2e
Error Number:2812,State:62,Class:16
2025-06-21 18:21:01.172 +06:00 [ERR] Error loading sales return data
Microsoft.Data.SqlClient.SqlException (0x80131904): Could not find stored procedure 'GetSalesReturns'.
   at Microsoft.Data.SqlClient.SqlCommand.<>c.<ExecuteDbDataReaderAsync>b__195_0(Task`1 result)
   at System.Threading.Tasks.ContinuationResultTaskFromResultTask`2.InnerInvoke()
   at System.Threading.ExecutionContext.RunInternal(ExecutionContext executionContext, ContextCallback callback, Object state)
--- End of stack trace from previous location ---
   at System.Threading.ExecutionContext.RunInternal(ExecutionContext executionContext, ContextCallback callback, Object state)
   at System.Threading.Tasks.Task.ExecuteWithThreadLocal(Task& currentTaskSlot, Thread threadPoolThread)
--- End of stack trace from previous location ---
   at DevSkill.Inventory.Infrastructure.Utilities.SqlUtility.ExecuteQueryAsync[TReturn](DbCommand command) in C:\Users\Nasim Reza\Desktop\Final Project\aspnet-b11-nasim\src\DevSkill.Inventory.sln\DevSkill.Inventory.Infrastructure\Utilities\SqlUtility.cs:line 237
   at DevSkill.Inventory.Infrastructure.Utilities.SqlUtility.QueryWithStoredProcedureAsync[TReturn](String storedProcedureName, IDictionary`2 parameters, IDictionary`2 outParameters) in C:\Users\Nasim Reza\Desktop\Final Project\aspnet-b11-nasim\src\DevSkill.Inventory.sln\DevSkill.Inventory.Infrastructure\Utilities\SqlUtility.cs:line 100
   at DevSkill.Inventory.Infrastructure.Utilities.SqlUtility.QueryWithStoredProcedureAsync[TReturn](String storedProcedureName, IDictionary`2 parameters, IDictionary`2 outParameters) in C:\Users\Nasim Reza\Desktop\Final Project\aspnet-b11-nasim\src\DevSkill.Inventory.sln\DevSkill.Inventory.Infrastructure\Utilities\SqlUtility.cs:line 106
   at DevSkill.Inventory.Infrastructure.ApplicationUnitOfWork.GetSalesReturnsSP(Int32 pageIndex, Int32 pageSize, String order, SalesReturnSearchDto search) in C:\Users\Nasim Reza\Desktop\Final Project\aspnet-b11-nasim\src\DevSkill.Inventory.sln\DevSkill.Inventory.Infrastructure\ApplicationUnitOfWork.cs:line 149
   at DevSkill.Inventory.Application.Features.SalesReturns.Queries.GetSalesReturnsSPQueryHandler.Handle(GetSalesReturnsSPQuery request, CancellationToken cancellationToken) in C:\Users\Nasim Reza\Desktop\Final Project\aspnet-b11-nasim\src\DevSkill.Inventory.sln\DevSkill.Inventory.Application\Features\SalesReturns\Queries\GetSalesReturnsQueryHandler.cs:line 23
   at DevSkill.Inventory.Web.Areas.Admin.Controllers.SalesController.GetSalesReturnsJsonData(SalesReturnListModel model) in C:\Users\Nasim Reza\Desktop\Final Project\aspnet-b11-nasim\src\DevSkill.Inventory.sln\DevSkill.Inventory.Web\Areas\Admin\Controllers\SalesController.cs:line 99
ClientConnectionId:27bde8d0-ef89-4a0c-9675-bfe7edd04a2e
Error Number:2812,State:62,Class:16
2025-06-21 18:21:01.661 +06:00 [ERR] Error loading purchase returns
Microsoft.Data.SqlClient.SqlException (0x80131904): Could not find stored procedure 'GetPurchaseReturns'.
   at Microsoft.Data.SqlClient.SqlCommand.<>c.<ExecuteDbDataReaderAsync>b__195_0(Task`1 result)
   at System.Threading.Tasks.ContinuationResultTaskFromResultTask`2.InnerInvoke()
   at System.Threading.ExecutionContext.RunInternal(ExecutionContext executionContext, ContextCallback callback, Object state)
--- End of stack trace from previous location ---
   at System.Threading.ExecutionContext.RunInternal(ExecutionContext executionContext, ContextCallback callback, Object state)
   at System.Threading.Tasks.Task.ExecuteWithThreadLocal(Task& currentTaskSlot, Thread threadPoolThread)
--- End of stack trace from previous location ---
   at DevSkill.Inventory.Infrastructure.Utilities.SqlUtility.ExecuteQueryAsync[TReturn](DbCommand command) in C:\Users\Nasim Reza\Desktop\Final Project\aspnet-b11-nasim\src\DevSkill.Inventory.sln\DevSkill.Inventory.Infrastructure\Utilities\SqlUtility.cs:line 237
   at DevSkill.Inventory.Infrastructure.Utilities.SqlUtility.QueryWithStoredProcedureAsync[TReturn](String storedProcedureName, IDictionary`2 parameters, IDictionary`2 outParameters) in C:\Users\Nasim Reza\Desktop\Final Project\aspnet-b11-nasim\src\DevSkill.Inventory.sln\DevSkill.Inventory.Infrastructure\Utilities\SqlUtility.cs:line 100
   at DevSkill.Inventory.Infrastructure.Utilities.SqlUtility.QueryWithStoredProcedureAsync[TReturn](String storedProcedureName, IDictionary`2 parameters, IDictionary`2 outParameters) in C:\Users\Nasim Reza\Desktop\Final Project\aspnet-b11-nasim\src\DevSkill.Inventory.sln\DevSkill.Inventory.Infrastructure\Utilities\SqlUtility.cs:line 106
   at DevSkill.Inventory.Infrastructure.ApplicationUnitOfWork.GetPurchaseReturnsSP(Int32 pageIndex, Int32 pageSize, String order, PurchaseReturnSearchDto search) in C:\Users\Nasim Reza\Desktop\Final Project\aspnet-b11-nasim\src\DevSkill.Inventory.sln\DevSkill.Inventory.Infrastructure\ApplicationUnitOfWork.cs:line 178
   at DevSkill.Inventory.Application.Features.PurchaseReturns.Queries.GetPurchaseReturnsSPQueryHandler.Handle(GetPurchaseReturnsSPQuery request, CancellationToken cancellationToken) in C:\Users\Nasim Reza\Desktop\Final Project\aspnet-b11-nasim\src\DevSkill.Inventory.sln\DevSkill.Inventory.Application\Features\PurchaseReturns\Queries\GetPurchaseReturnsSPQueryHandler.cs:line 23
   at DevSkill.Inventory.Web.Areas.Admin.Controllers.PurchasesController.GetPurchaseReturnsJsonData(PurchaseReturnListModel model) in C:\Users\Nasim Reza\Desktop\Final Project\aspnet-b11-nasim\src\DevSkill.Inventory.sln\DevSkill.Inventory.Web\Areas\Admin\Controllers\PurchasesController.cs:line 103
ClientConnectionId:27bde8d0-ef89-4a0c-9675-bfe7edd04a2e
Error Number:2812,State:62,Class:16
2025-06-21 18:21:01.974 +06:00 [ERR] Error loading service data
AutoMapper.AutoMapperMappingException: Missing type map configuration or unsupported mapping.

Mapping types:
ServiceSearchModel -> ServiceSearchDto
DevSkill.Inventory.Web.Areas.Admin.Models.ServicesModels.ServiceSearchModel -> DevSkill.Inventory.Domain.Dtos.ServiceSearchDto
   at lambda_method856(Closure, Object, ServiceSearchDto, ResolutionContext)
   at DevSkill.Inventory.Web.Areas.Admin.Controllers.ServicesController.GetServicesJsonData(ServiceListModel model) in C:\Users\Nasim Reza\Desktop\Final Project\aspnet-b11-nasim\src\DevSkill.Inventory.sln\DevSkill.Inventory.Web\Areas\Admin\Controllers\ServicesController.cs:line 36
2025-06-21 18:21:02.744 +06:00 [ERR] Error loading service sales
Microsoft.Data.SqlClient.SqlException (0x80131904): Procedure or function 'GetServiceSales' expects parameter '@TotalCount', which was not supplied.
   at Microsoft.Data.SqlClient.SqlCommand.<>c.<ExecuteDbDataReaderAsync>b__195_0(Task`1 result)
   at System.Threading.Tasks.ContinuationResultTaskFromResultTask`2.InnerInvoke()
   at System.Threading.ExecutionContext.RunInternal(ExecutionContext executionContext, ContextCallback callback, Object state)
--- End of stack trace from previous location ---
   at System.Threading.ExecutionContext.RunInternal(ExecutionContext executionContext, ContextCallback callback, Object state)
   at System.Threading.Tasks.Task.ExecuteWithThreadLocal(Task& currentTaskSlot, Thread threadPoolThread)
--- End of stack trace from previous location ---
   at DevSkill.Inventory.Infrastructure.Utilities.SqlUtility.ExecuteQueryAsync[TReturn](DbCommand command) in C:\Users\Nasim Reza\Desktop\Final Project\aspnet-b11-nasim\src\DevSkill.Inventory.sln\DevSkill.Inventory.Infrastructure\Utilities\SqlUtility.cs:line 237
   at DevSkill.Inventory.Infrastructure.Utilities.SqlUtility.QueryWithStoredProcedureAsync[TReturn](String storedProcedureName, IDictionary`2 parameters, IDictionary`2 outParameters) in C:\Users\Nasim Reza\Desktop\Final Project\aspnet-b11-nasim\src\DevSkill.Inventory.sln\DevSkill.Inventory.Infrastructure\Utilities\SqlUtility.cs:line 100
   at DevSkill.Inventory.Infrastructure.Utilities.SqlUtility.QueryWithStoredProcedureAsync[TReturn](String storedProcedureName, IDictionary`2 parameters, IDictionary`2 outParameters) in C:\Users\Nasim Reza\Desktop\Final Project\aspnet-b11-nasim\src\DevSkill.Inventory.sln\DevSkill.Inventory.Infrastructure\Utilities\SqlUtility.cs:line 106
   at DevSkill.Inventory.Infrastructure.ApplicationUnitOfWork.GetServiceSalesSP(Int32 pageIndex, Int32 pageSize, String order, ServiceSaleSearchDto search) in C:\Users\Nasim Reza\Desktop\Final Project\aspnet-b11-nasim\src\DevSkill.Inventory.sln\DevSkill.Inventory.Infrastructure\ApplicationUnitOfWork.cs:line 226
   at DevSkill.Inventory.Application.Features.ServiceSales.Queries.GetServiceSalesSPQueryHandler.Handle(GetServiceSalesSPQuery request, CancellationToken cancellationToken) in C:\Users\Nasim Reza\Desktop\Final Project\aspnet-b11-nasim\src\DevSkill.Inventory.sln\DevSkill.Inventory.Application\Features\ServiceSales\Queries\GetServiceSalesSPQueryHandler.cs:line 25
   at DevSkill.Inventory.Web.Areas.Admin.Controllers.ServiceSalesController.GetServiceSalesJsonData(ServiceSaleListModel model) in C:\Users\Nasim Reza\Desktop\Final Project\aspnet-b11-nasim\src\DevSkill.Inventory.sln\DevSkill.Inventory.Web\Areas\Admin\Controllers\ServiceSalesController.cs:line 129
ClientConnectionId:27bde8d0-ef89-4a0c-9675-bfe7edd04a2e
Error Number:201,State:4,Class:16
2025-06-21 18:21:04.483 +06:00 [ERR] Error loading service sales
Microsoft.Data.SqlClient.SqlException (0x80131904): Procedure or function 'GetServiceSales' expects parameter '@TotalCount', which was not supplied.
   at Microsoft.Data.SqlClient.SqlCommand.<>c.<ExecuteDbDataReaderAsync>b__195_0(Task`1 result)
   at System.Threading.Tasks.ContinuationResultTaskFromResultTask`2.InnerInvoke()
   at System.Threading.ExecutionContext.RunInternal(ExecutionContext executionContext, ContextCallback callback, Object state)
--- End of stack trace from previous location ---
   at System.Threading.ExecutionContext.RunInternal(ExecutionContext executionContext, ContextCallback callback, Object state)
   at System.Threading.Tasks.Task.ExecuteWithThreadLocal(Task& currentTaskSlot, Thread threadPoolThread)
--- End of stack trace from previous location ---
   at DevSkill.Inventory.Infrastructure.Utilities.SqlUtility.ExecuteQueryAsync[TReturn](DbCommand command) in C:\Users\Nasim Reza\Desktop\Final Project\aspnet-b11-nasim\src\DevSkill.Inventory.sln\DevSkill.Inventory.Infrastructure\Utilities\SqlUtility.cs:line 237
   at DevSkill.Inventory.Infrastructure.Utilities.SqlUtility.QueryWithStoredProcedureAsync[TReturn](String storedProcedureName, IDictionary`2 parameters, IDictionary`2 outParameters) in C:\Users\Nasim Reza\Desktop\Final Project\aspnet-b11-nasim\src\DevSkill.Inventory.sln\DevSkill.Inventory.Infrastructure\Utilities\SqlUtility.cs:line 100
   at DevSkill.Inventory.Infrastructure.Utilities.SqlUtility.QueryWithStoredProcedureAsync[TReturn](String storedProcedureName, IDictionary`2 parameters, IDictionary`2 outParameters) in C:\Users\Nasim Reza\Desktop\Final Project\aspnet-b11-nasim\src\DevSkill.Inventory.sln\DevSkill.Inventory.Infrastructure\Utilities\SqlUtility.cs:line 106
   at DevSkill.Inventory.Infrastructure.ApplicationUnitOfWork.GetServiceSalesSP(Int32 pageIndex, Int32 pageSize, String order, ServiceSaleSearchDto search) in C:\Users\Nasim Reza\Desktop\Final Project\aspnet-b11-nasim\src\DevSkill.Inventory.sln\DevSkill.Inventory.Infrastructure\ApplicationUnitOfWork.cs:line 226
   at DevSkill.Inventory.Application.Features.ServiceSales.Queries.GetServiceSalesSPQueryHandler.Handle(GetServiceSalesSPQuery request, CancellationToken cancellationToken) in C:\Users\Nasim Reza\Desktop\Final Project\aspnet-b11-nasim\src\DevSkill.Inventory.sln\DevSkill.Inventory.Application\Features\ServiceSales\Queries\GetServiceSalesSPQueryHandler.cs:line 25
   at DevSkill.Inventory.Web.Areas.Admin.Controllers.ServiceSalesController.GetServiceSalesJsonData(ServiceSaleListModel model) in C:\Users\Nasim Reza\Desktop\Final Project\aspnet-b11-nasim\src\DevSkill.Inventory.sln\DevSkill.Inventory.Web\Areas\Admin\Controllers\ServiceSalesController.cs:line 129
ClientConnectionId:27bde8d0-ef89-4a0c-9675-bfe7edd04a2e
Error Number:201,State:4,Class:16
2025-06-21 18:21:04.769 +06:00 [ERR] Error loading service data
AutoMapper.AutoMapperMappingException: Missing type map configuration or unsupported mapping.

Mapping types:
ServiceSearchModel -> ServiceSearchDto
DevSkill.Inventory.Web.Areas.Admin.Models.ServicesModels.ServiceSearchModel -> DevSkill.Inventory.Domain.Dtos.ServiceSearchDto
   at lambda_method856(Closure, Object, ServiceSearchDto, ResolutionContext)
   at DevSkill.Inventory.Web.Areas.Admin.Controllers.ServicesController.GetServicesJsonData(ServiceListModel model) in C:\Users\Nasim Reza\Desktop\Final Project\aspnet-b11-nasim\src\DevSkill.Inventory.sln\DevSkill.Inventory.Web\Areas\Admin\Controllers\ServicesController.cs:line 36
2025-06-21 18:21:05.472 +06:00 [ERR] Error loading purchase returns
Microsoft.Data.SqlClient.SqlException (0x80131904): Could not find stored procedure 'GetPurchaseReturns'.
   at Microsoft.Data.SqlClient.SqlCommand.<>c.<ExecuteDbDataReaderAsync>b__195_0(Task`1 result)
   at System.Threading.Tasks.ContinuationResultTaskFromResultTask`2.InnerInvoke()
   at System.Threading.ExecutionContext.RunInternal(ExecutionContext executionContext, ContextCallback callback, Object state)
--- End of stack trace from previous location ---
   at System.Threading.ExecutionContext.RunInternal(ExecutionContext executionContext, ContextCallback callback, Object state)
   at System.Threading.Tasks.Task.ExecuteWithThreadLocal(Task& currentTaskSlot, Thread threadPoolThread)
--- End of stack trace from previous location ---
   at DevSkill.Inventory.Infrastructure.Utilities.SqlUtility.ExecuteQueryAsync[TReturn](DbCommand command) in C:\Users\Nasim Reza\Desktop\Final Project\aspnet-b11-nasim\src\DevSkill.Inventory.sln\DevSkill.Inventory.Infrastructure\Utilities\SqlUtility.cs:line 237
   at DevSkill.Inventory.Infrastructure.Utilities.SqlUtility.QueryWithStoredProcedureAsync[TReturn](String storedProcedureName, IDictionary`2 parameters, IDictionary`2 outParameters) in C:\Users\Nasim Reza\Desktop\Final Project\aspnet-b11-nasim\src\DevSkill.Inventory.sln\DevSkill.Inventory.Infrastructure\Utilities\SqlUtility.cs:line 100
   at DevSkill.Inventory.Infrastructure.Utilities.SqlUtility.QueryWithStoredProcedureAsync[TReturn](String storedProcedureName, IDictionary`2 parameters, IDictionary`2 outParameters) in C:\Users\Nasim Reza\Desktop\Final Project\aspnet-b11-nasim\src\DevSkill.Inventory.sln\DevSkill.Inventory.Infrastructure\Utilities\SqlUtility.cs:line 106
   at DevSkill.Inventory.Infrastructure.ApplicationUnitOfWork.GetPurchaseReturnsSP(Int32 pageIndex, Int32 pageSize, String order, PurchaseReturnSearchDto search) in C:\Users\Nasim Reza\Desktop\Final Project\aspnet-b11-nasim\src\DevSkill.Inventory.sln\DevSkill.Inventory.Infrastructure\ApplicationUnitOfWork.cs:line 178
   at DevSkill.Inventory.Application.Features.PurchaseReturns.Queries.GetPurchaseReturnsSPQueryHandler.Handle(GetPurchaseReturnsSPQuery request, CancellationToken cancellationToken) in C:\Users\Nasim Reza\Desktop\Final Project\aspnet-b11-nasim\src\DevSkill.Inventory.sln\DevSkill.Inventory.Application\Features\PurchaseReturns\Queries\GetPurchaseReturnsSPQueryHandler.cs:line 23
   at DevSkill.Inventory.Web.Areas.Admin.Controllers.PurchasesController.GetPurchaseReturnsJsonData(PurchaseReturnListModel model) in C:\Users\Nasim Reza\Desktop\Final Project\aspnet-b11-nasim\src\DevSkill.Inventory.sln\DevSkill.Inventory.Web\Areas\Admin\Controllers\PurchasesController.cs:line 103
ClientConnectionId:27bde8d0-ef89-4a0c-9675-bfe7edd04a2e
Error Number:2812,State:62,Class:16
2025-06-21 18:21:05.991 +06:00 [ERR] Error loading sales return data
Microsoft.Data.SqlClient.SqlException (0x80131904): Could not find stored procedure 'GetSalesReturns'.
   at Microsoft.Data.SqlClient.SqlCommand.<>c.<ExecuteDbDataReaderAsync>b__195_0(Task`1 result)
   at System.Threading.Tasks.ContinuationResultTaskFromResultTask`2.InnerInvoke()
   at System.Threading.ExecutionContext.RunInternal(ExecutionContext executionContext, ContextCallback callback, Object state)
--- End of stack trace from previous location ---
   at System.Threading.ExecutionContext.RunInternal(ExecutionContext executionContext, ContextCallback callback, Object state)
   at System.Threading.Tasks.Task.ExecuteWithThreadLocal(Task& currentTaskSlot, Thread threadPoolThread)
--- End of stack trace from previous location ---
   at DevSkill.Inventory.Infrastructure.Utilities.SqlUtility.ExecuteQueryAsync[TReturn](DbCommand command) in C:\Users\Nasim Reza\Desktop\Final Project\aspnet-b11-nasim\src\DevSkill.Inventory.sln\DevSkill.Inventory.Infrastructure\Utilities\SqlUtility.cs:line 237
   at DevSkill.Inventory.Infrastructure.Utilities.SqlUtility.QueryWithStoredProcedureAsync[TReturn](String storedProcedureName, IDictionary`2 parameters, IDictionary`2 outParameters) in C:\Users\Nasim Reza\Desktop\Final Project\aspnet-b11-nasim\src\DevSkill.Inventory.sln\DevSkill.Inventory.Infrastructure\Utilities\SqlUtility.cs:line 100
   at DevSkill.Inventory.Infrastructure.Utilities.SqlUtility.QueryWithStoredProcedureAsync[TReturn](String storedProcedureName, IDictionary`2 parameters, IDictionary`2 outParameters) in C:\Users\Nasim Reza\Desktop\Final Project\aspnet-b11-nasim\src\DevSkill.Inventory.sln\DevSkill.Inventory.Infrastructure\Utilities\SqlUtility.cs:line 106
   at DevSkill.Inventory.Infrastructure.ApplicationUnitOfWork.GetSalesReturnsSP(Int32 pageIndex, Int32 pageSize, String order, SalesReturnSearchDto search) in C:\Users\Nasim Reza\Desktop\Final Project\aspnet-b11-nasim\src\DevSkill.Inventory.sln\DevSkill.Inventory.Infrastructure\ApplicationUnitOfWork.cs:line 149
   at DevSkill.Inventory.Application.Features.SalesReturns.Queries.GetSalesReturnsSPQueryHandler.Handle(GetSalesReturnsSPQuery request, CancellationToken cancellationToken) in C:\Users\Nasim Reza\Desktop\Final Project\aspnet-b11-nasim\src\DevSkill.Inventory.sln\DevSkill.Inventory.Application\Features\SalesReturns\Queries\GetSalesReturnsQueryHandler.cs:line 23
   at DevSkill.Inventory.Web.Areas.Admin.Controllers.SalesController.GetSalesReturnsJsonData(SalesReturnListModel model) in C:\Users\Nasim Reza\Desktop\Final Project\aspnet-b11-nasim\src\DevSkill.Inventory.sln\DevSkill.Inventory.Web\Areas\Admin\Controllers\SalesController.cs:line 99
ClientConnectionId:27bde8d0-ef89-4a0c-9675-bfe7edd04a2e
Error Number:2812,State:62,Class:16
2025-06-21 18:21:06.535 +06:00 [ERR] Error loading sales
Microsoft.Data.SqlClient.SqlException (0x80131904): Could not find stored procedure 'GetSales'.
   at Microsoft.Data.SqlClient.SqlCommand.<>c.<ExecuteDbDataReaderAsync>b__195_0(Task`1 result)
   at System.Threading.Tasks.ContinuationResultTaskFromResultTask`2.InnerInvoke()
   at System.Threading.ExecutionContext.RunInternal(ExecutionContext executionContext, ContextCallback callback, Object state)
--- End of stack trace from previous location ---
   at System.Threading.ExecutionContext.RunInternal(ExecutionContext executionContext, ContextCallback callback, Object state)
   at System.Threading.Tasks.Task.ExecuteWithThreadLocal(Task& currentTaskSlot, Thread threadPoolThread)
--- End of stack trace from previous location ---
   at DevSkill.Inventory.Infrastructure.Utilities.SqlUtility.ExecuteQueryAsync[TReturn](DbCommand command) in C:\Users\Nasim Reza\Desktop\Final Project\aspnet-b11-nasim\src\DevSkill.Inventory.sln\DevSkill.Inventory.Infrastructure\Utilities\SqlUtility.cs:line 237
   at DevSkill.Inventory.Infrastructure.Utilities.SqlUtility.QueryWithStoredProcedureAsync[TReturn](String storedProcedureName, IDictionary`2 parameters, IDictionary`2 outParameters) in C:\Users\Nasim Reza\Desktop\Final Project\aspnet-b11-nasim\src\DevSkill.Inventory.sln\DevSkill.Inventory.Infrastructure\Utilities\SqlUtility.cs:line 100
   at DevSkill.Inventory.Infrastructure.Utilities.SqlUtility.QueryWithStoredProcedureAsync[TReturn](String storedProcedureName, IDictionary`2 parameters, IDictionary`2 outParameters) in C:\Users\Nasim Reza\Desktop\Final Project\aspnet-b11-nasim\src\DevSkill.Inventory.sln\DevSkill.Inventory.Infrastructure\Utilities\SqlUtility.cs:line 106
   at DevSkill.Inventory.Infrastructure.ApplicationUnitOfWork.GetSalesSP(Int32 pageIndex, Int32 pageSize, String orderBy, SaleSearchDto search) in C:\Users\Nasim Reza\Desktop\Final Project\aspnet-b11-nasim\src\DevSkill.Inventory.sln\DevSkill.Inventory.Infrastructure\ApplicationUnitOfWork.cs:line 122
   at DevSkill.Inventory.Application.Features.Sales.Queries.GetSalesSPQueryHandler.Handle(GetSalesSPQuery request, CancellationToken cancellationToken) in C:\Users\Nasim Reza\Desktop\Final Project\aspnet-b11-nasim\src\DevSkill.Inventory.sln\DevSkill.Inventory.Application\Features\Sales\Queries\GetSalesSPQueryHandler.cs:line 23
   at DevSkill.Inventory.Web.Areas.Admin.Controllers.SalesController.GetSalesJsonData(SalesListModel model) in C:\Users\Nasim Reza\Desktop\Final Project\aspnet-b11-nasim\src\DevSkill.Inventory.sln\DevSkill.Inventory.Web\Areas\Admin\Controllers\SalesController.cs:line 51
ClientConnectionId:27bde8d0-ef89-4a0c-9675-bfe7edd04a2e
Error Number:2812,State:62,Class:16
2025-06-21 18:21:07.651 +06:00 [ERR] Error loading purchases
Microsoft.Data.SqlClient.SqlException (0x80131904): Could not find stored procedure 'GetPurchases'.
   at Microsoft.Data.SqlClient.SqlCommand.<>c.<ExecuteDbDataReaderAsync>b__195_0(Task`1 result)
   at System.Threading.Tasks.ContinuationResultTaskFromResultTask`2.InnerInvoke()
   at System.Threading.ExecutionContext.RunInternal(ExecutionContext executionContext, ContextCallback callback, Object state)
--- End of stack trace from previous location ---
   at System.Threading.ExecutionContext.RunInternal(ExecutionContext executionContext, ContextCallback callback, Object state)
   at System.Threading.Tasks.Task.ExecuteWithThreadLocal(Task& currentTaskSlot, Thread threadPoolThread)
--- End of stack trace from previous location ---
   at DevSkill.Inventory.Infrastructure.Utilities.SqlUtility.ExecuteQueryAsync[TReturn](DbCommand command) in C:\Users\Nasim Reza\Desktop\Final Project\aspnet-b11-nasim\src\DevSkill.Inventory.sln\DevSkill.Inventory.Infrastructure\Utilities\SqlUtility.cs:line 237
   at DevSkill.Inventory.Infrastructure.Utilities.SqlUtility.QueryWithStoredProcedureAsync[TReturn](String storedProcedureName, IDictionary`2 parameters, IDictionary`2 outParameters) in C:\Users\Nasim Reza\Desktop\Final Project\aspnet-b11-nasim\src\DevSkill.Inventory.sln\DevSkill.Inventory.Infrastructure\Utilities\SqlUtility.cs:line 100
   at DevSkill.Inventory.Infrastructure.Utilities.SqlUtility.QueryWithStoredProcedureAsync[TReturn](String storedProcedureName, IDictionary`2 parameters, IDictionary`2 outParameters) in C:\Users\Nasim Reza\Desktop\Final Project\aspnet-b11-nasim\src\DevSkill.Inventory.sln\DevSkill.Inventory.Infrastructure\Utilities\SqlUtility.cs:line 106
   at DevSkill.Inventory.Infrastructure.ApplicationUnitOfWork.GetPurchasesSP(Int32 pageIndex, Int32 pageSize, String orderBy, PurchaseSearchDto search) in C:\Users\Nasim Reza\Desktop\Final Project\aspnet-b11-nasim\src\DevSkill.Inventory.sln\DevSkill.Inventory.Infrastructure\ApplicationUnitOfWork.cs:line 94
   at DevSkill.Inventory.Application.Features.Purchases.Queries.GetPurchasesSPQueryHandler.Handle(GetPurchasesSPQuery request, CancellationToken cancellationToken) in C:\Users\Nasim Reza\Desktop\Final Project\aspnet-b11-nasim\src\DevSkill.Inventory.sln\DevSkill.Inventory.Application\Features\Purchases\Queries\GetPurchasesSPQueryHandler.cs:line 22
   at DevSkill.Inventory.Web.Areas.Admin.Controllers.PurchasesController.GetPurchasesJsonData(PurchaseListModel model) in C:\Users\Nasim Reza\Desktop\Final Project\aspnet-b11-nasim\src\DevSkill.Inventory.sln\DevSkill.Inventory.Web\Areas\Admin\Controllers\PurchasesController.cs:line 55
ClientConnectionId:27bde8d0-ef89-4a0c-9675-bfe7edd04a2e
Error Number:2812,State:62,Class:16
2025-06-21 18:30:31.358 +06:00 [INF] Application Starting...17-jan
2025-06-21 18:30:31.384 +06:00 [INF] This is Nasim Reza Hridoy
2025-06-21 18:30:31.385 +06:00 [ERR] An error occurred while starting the application.
2025-06-21 18:30:32.167 +06:00 [FTL] Application crashed
Microsoft.Extensions.Hosting.HostAbortedException: The host was aborted.
   at Microsoft.Extensions.Hosting.HostFactoryResolver.HostingListener.ThrowHostAborted()
   at Microsoft.Extensions.Hosting.HostFactoryResolver.HostingListener.OnNext(KeyValuePair`2 value)
   at System.Diagnostics.DiagnosticListener.Write(String name, Object value)
   at Microsoft.Extensions.Hosting.HostBuilder.ResolveHost(IServiceProvider serviceProvider, DiagnosticListener diagnosticListener)
   at Microsoft.Extensions.Hosting.HostApplicationBuilder.Build()
   at Microsoft.AspNetCore.Builder.WebApplicationBuilder.Build()
   at Program.<Main>$(String[] args) in C:\Users\Nasim Reza\Desktop\Final Project\aspnet-b11-nasim\src\DevSkill.Inventory.sln\DevSkill.Inventory.Web\Program.cs:line 94
2025-06-21 18:30:58.138 +06:00 [INF] Application Starting...17-jan
2025-06-21 18:30:58.163 +06:00 [INF] This is Nasim Reza Hridoy
2025-06-21 18:30:58.163 +06:00 [ERR] An error occurred while starting the application.
2025-06-21 18:30:58.694 +06:00 [FTL] Application crashed
Microsoft.Extensions.Hosting.HostAbortedException: The host was aborted.
   at Microsoft.Extensions.Hosting.HostFactoryResolver.HostingListener.ThrowHostAborted()
   at Microsoft.Extensions.Hosting.HostFactoryResolver.HostingListener.OnNext(KeyValuePair`2 value)
   at System.Diagnostics.DiagnosticListener.Write(String name, Object value)
   at Microsoft.Extensions.Hosting.HostBuilder.ResolveHost(IServiceProvider serviceProvider, DiagnosticListener diagnosticListener)
   at Microsoft.Extensions.Hosting.HostApplicationBuilder.Build()
   at Microsoft.AspNetCore.Builder.WebApplicationBuilder.Build()
   at Program.<Main>$(String[] args) in C:\Users\Nasim Reza\Desktop\Final Project\aspnet-b11-nasim\src\DevSkill.Inventory.sln\DevSkill.Inventory.Web\Program.cs:line 94
2025-06-21 18:51:04.335 +06:00 [INF] Application Starting...17-jan
2025-06-21 18:51:04.367 +06:00 [INF] This is Nasim Reza Hridoy
2025-06-21 18:51:04.367 +06:00 [ERR] An error occurred while starting the application.
2025-06-21 18:51:08.035 +06:00 [INF] This is Nasim Reza
2025-06-21 18:51:08.055 +06:00 [INF] This is a test log entry to verify database logging.
2025-06-21 18:53:29.846 +06:00 [INF] Application Starting...17-jan
2025-06-21 18:53:29.876 +06:00 [INF] This is Nasim Reza Hridoy
2025-06-21 18:53:29.876 +06:00 [ERR] An error occurred while starting the application.
2025-06-21 18:53:32.777 +06:00 [INF] This is Nasim Reza
2025-06-21 18:53:32.792 +06:00 [INF] This is a test log entry to verify database logging.
2025-06-21 18:53:52.914 +06:00 [ERR] Error loading supplier pays
Microsoft.Data.SqlClient.SqlException (0x80131904): Could not find stored procedure 'GetSupplierPays'.
   at Microsoft.Data.SqlClient.SqlCommand.<>c.<ExecuteDbDataReaderAsync>b__195_0(Task`1 result)
   at System.Threading.Tasks.ContinuationResultTaskFromResultTask`2.InnerInvoke()
   at System.Threading.ExecutionContext.RunInternal(ExecutionContext executionContext, ContextCallback callback, Object state)
--- End of stack trace from previous location ---
   at System.Threading.ExecutionContext.RunInternal(ExecutionContext executionContext, ContextCallback callback, Object state)
   at System.Threading.Tasks.Task.ExecuteWithThreadLocal(Task& currentTaskSlot, Thread threadPoolThread)
--- End of stack trace from previous location ---
   at DevSkill.Inventory.Infrastructure.Utilities.SqlUtility.ExecuteQueryAsync[TReturn](DbCommand command) in C:\Users\Nasim Reza\Desktop\Final Project\aspnet-b11-nasim\src\DevSkill.Inventory.sln\DevSkill.Inventory.Infrastructure\Utilities\SqlUtility.cs:line 237
   at DevSkill.Inventory.Infrastructure.Utilities.SqlUtility.QueryWithStoredProcedureAsync[TReturn](String storedProcedureName, IDictionary`2 parameters, IDictionary`2 outParameters) in C:\Users\Nasim Reza\Desktop\Final Project\aspnet-b11-nasim\src\DevSkill.Inventory.sln\DevSkill.Inventory.Infrastructure\Utilities\SqlUtility.cs:line 100
   at DevSkill.Inventory.Infrastructure.Utilities.SqlUtility.QueryWithStoredProcedureAsync[TReturn](String storedProcedureName, IDictionary`2 parameters, IDictionary`2 outParameters) in C:\Users\Nasim Reza\Desktop\Final Project\aspnet-b11-nasim\src\DevSkill.Inventory.sln\DevSkill.Inventory.Infrastructure\Utilities\SqlUtility.cs:line 106
   at DevSkill.Inventory.Infrastructure.ApplicationUnitOfWork.GetSupplierPaysSP(Int32 pageIndex, Int32 pageSize, String orderBy, SupplierPaySearchDto search) in C:\Users\Nasim Reza\Desktop\Final Project\aspnet-b11-nasim\src\DevSkill.Inventory.sln\DevSkill.Inventory.Infrastructure\ApplicationUnitOfWork.cs:line 355
   at DevSkill.Inventory.Application.Features.SupplierPays.Queries.GetSupplierPaysSPQueryHandler.Handle(GetSupplierPaysSPQuery request, CancellationToken cancellationToken) in C:\Users\Nasim Reza\Desktop\Final Project\aspnet-b11-nasim\src\DevSkill.Inventory.sln\DevSkill.Inventory.Application\Features\SupplierPays\Queries\GetSupplierPaysSPQueryHandler.cs:line 23
   at DevSkill.Inventory.Web.Areas.Admin.Controllers.SupplierPaysController.GetSupplierPaysJsonData(SupplierPayListModel model) in C:\Users\Nasim Reza\Desktop\Final Project\aspnet-b11-nasim\src\DevSkill.Inventory.sln\DevSkill.Inventory.Web\Areas\Admin\Controllers\SupplierPaysController.cs:line 46
ClientConnectionId:1a5c9a90-eafc-4c7c-a0b5-494dd23e03fb
Error Number:2812,State:62,Class:16
2025-06-21 18:54:25.410 +06:00 [ERR] Error loading purchase returns
Microsoft.Data.SqlClient.SqlException (0x80131904): Could not find stored procedure 'GetPurchaseReturns'.
   at Microsoft.Data.SqlClient.SqlCommand.<>c.<ExecuteDbDataReaderAsync>b__195_0(Task`1 result)
   at System.Threading.Tasks.ContinuationResultTaskFromResultTask`2.InnerInvoke()
   at System.Threading.ExecutionContext.RunInternal(ExecutionContext executionContext, ContextCallback callback, Object state)
--- End of stack trace from previous location ---
   at System.Threading.ExecutionContext.RunInternal(ExecutionContext executionContext, ContextCallback callback, Object state)
   at System.Threading.Tasks.Task.ExecuteWithThreadLocal(Task& currentTaskSlot, Thread threadPoolThread)
--- End of stack trace from previous location ---
   at DevSkill.Inventory.Infrastructure.Utilities.SqlUtility.ExecuteQueryAsync[TReturn](DbCommand command) in C:\Users\Nasim Reza\Desktop\Final Project\aspnet-b11-nasim\src\DevSkill.Inventory.sln\DevSkill.Inventory.Infrastructure\Utilities\SqlUtility.cs:line 237
   at DevSkill.Inventory.Infrastructure.Utilities.SqlUtility.QueryWithStoredProcedureAsync[TReturn](String storedProcedureName, IDictionary`2 parameters, IDictionary`2 outParameters) in C:\Users\Nasim Reza\Desktop\Final Project\aspnet-b11-nasim\src\DevSkill.Inventory.sln\DevSkill.Inventory.Infrastructure\Utilities\SqlUtility.cs:line 100
   at DevSkill.Inventory.Infrastructure.Utilities.SqlUtility.QueryWithStoredProcedureAsync[TReturn](String storedProcedureName, IDictionary`2 parameters, IDictionary`2 outParameters) in C:\Users\Nasim Reza\Desktop\Final Project\aspnet-b11-nasim\src\DevSkill.Inventory.sln\DevSkill.Inventory.Infrastructure\Utilities\SqlUtility.cs:line 106
   at DevSkill.Inventory.Infrastructure.ApplicationUnitOfWork.GetPurchaseReturnsSP(Int32 pageIndex, Int32 pageSize, String order, PurchaseReturnSearchDto search) in C:\Users\Nasim Reza\Desktop\Final Project\aspnet-b11-nasim\src\DevSkill.Inventory.sln\DevSkill.Inventory.Infrastructure\ApplicationUnitOfWork.cs:line 180
   at DevSkill.Inventory.Application.Features.PurchaseReturns.Queries.GetPurchaseReturnsSPQueryHandler.Handle(GetPurchaseReturnsSPQuery request, CancellationToken cancellationToken) in C:\Users\Nasim Reza\Desktop\Final Project\aspnet-b11-nasim\src\DevSkill.Inventory.sln\DevSkill.Inventory.Application\Features\PurchaseReturns\Queries\GetPurchaseReturnsSPQueryHandler.cs:line 23
   at DevSkill.Inventory.Web.Areas.Admin.Controllers.PurchasesController.GetPurchaseReturnsJsonData(PurchaseReturnListModel model)
ClientConnectionId:1a5c9a90-eafc-4c7c-a0b5-494dd23e03fb
Error Number:2812,State:62,Class:16
2025-06-21 18:54:28.598 +06:00 [ERR] Error loading supplier pays
Microsoft.Data.SqlClient.SqlException (0x80131904): Could not find stored procedure 'GetSupplierPays'.
   at Microsoft.Data.SqlClient.SqlCommand.<>c.<ExecuteDbDataReaderAsync>b__195_0(Task`1 result)
   at System.Threading.Tasks.ContinuationResultTaskFromResultTask`2.InnerInvoke()
   at System.Threading.ExecutionContext.RunInternal(ExecutionContext executionContext, ContextCallback callback, Object state)
--- End of stack trace from previous location ---
   at System.Threading.ExecutionContext.RunInternal(ExecutionContext executionContext, ContextCallback callback, Object state)
   at System.Threading.Tasks.Task.ExecuteWithThreadLocal(Task& currentTaskSlot, Thread threadPoolThread)
--- End of stack trace from previous location ---
   at DevSkill.Inventory.Infrastructure.Utilities.SqlUtility.ExecuteQueryAsync[TReturn](DbCommand command) in C:\Users\Nasim Reza\Desktop\Final Project\aspnet-b11-nasim\src\DevSkill.Inventory.sln\DevSkill.Inventory.Infrastructure\Utilities\SqlUtility.cs:line 237
   at DevSkill.Inventory.Infrastructure.Utilities.SqlUtility.QueryWithStoredProcedureAsync[TReturn](String storedProcedureName, IDictionary`2 parameters, IDictionary`2 outParameters) in C:\Users\Nasim Reza\Desktop\Final Project\aspnet-b11-nasim\src\DevSkill.Inventory.sln\DevSkill.Inventory.Infrastructure\Utilities\SqlUtility.cs:line 100
   at DevSkill.Inventory.Infrastructure.Utilities.SqlUtility.QueryWithStoredProcedureAsync[TReturn](String storedProcedureName, IDictionary`2 parameters, IDictionary`2 outParameters) in C:\Users\Nasim Reza\Desktop\Final Project\aspnet-b11-nasim\src\DevSkill.Inventory.sln\DevSkill.Inventory.Infrastructure\Utilities\SqlUtility.cs:line 106
   at DevSkill.Inventory.Infrastructure.ApplicationUnitOfWork.GetSupplierPaysSP(Int32 pageIndex, Int32 pageSize, String orderBy, SupplierPaySearchDto search) in C:\Users\Nasim Reza\Desktop\Final Project\aspnet-b11-nasim\src\DevSkill.Inventory.sln\DevSkill.Inventory.Infrastructure\ApplicationUnitOfWork.cs:line 355
   at DevSkill.Inventory.Application.Features.SupplierPays.Queries.GetSupplierPaysSPQueryHandler.Handle(GetSupplierPaysSPQuery request, CancellationToken cancellationToken) in C:\Users\Nasim Reza\Desktop\Final Project\aspnet-b11-nasim\src\DevSkill.Inventory.sln\DevSkill.Inventory.Application\Features\SupplierPays\Queries\GetSupplierPaysSPQueryHandler.cs:line 23
   at DevSkill.Inventory.Web.Areas.Admin.Controllers.SupplierPaysController.GetSupplierPaysJsonData(SupplierPayListModel model)
ClientConnectionId:1a5c9a90-eafc-4c7c-a0b5-494dd23e03fb
Error Number:2812,State:62,Class:16
2025-06-21 18:54:33.053 +06:00 [ERR] Error loading supplier pays
Microsoft.Data.SqlClient.SqlException (0x80131904): Could not find stored procedure 'GetSupplierPays'.
   at Microsoft.Data.SqlClient.SqlCommand.<>c.<ExecuteDbDataReaderAsync>b__195_0(Task`1 result)
   at System.Threading.Tasks.ContinuationResultTaskFromResultTask`2.InnerInvoke()
   at System.Threading.ExecutionContext.RunInternal(ExecutionContext executionContext, ContextCallback callback, Object state)
--- End of stack trace from previous location ---
   at System.Threading.ExecutionContext.RunInternal(ExecutionContext executionContext, ContextCallback callback, Object state)
   at System.Threading.Tasks.Task.ExecuteWithThreadLocal(Task& currentTaskSlot, Thread threadPoolThread)
--- End of stack trace from previous location ---
   at DevSkill.Inventory.Infrastructure.Utilities.SqlUtility.ExecuteQueryAsync[TReturn](DbCommand command) in C:\Users\Nasim Reza\Desktop\Final Project\aspnet-b11-nasim\src\DevSkill.Inventory.sln\DevSkill.Inventory.Infrastructure\Utilities\SqlUtility.cs:line 237
   at DevSkill.Inventory.Infrastructure.Utilities.SqlUtility.QueryWithStoredProcedureAsync[TReturn](String storedProcedureName, IDictionary`2 parameters, IDictionary`2 outParameters) in C:\Users\Nasim Reza\Desktop\Final Project\aspnet-b11-nasim\src\DevSkill.Inventory.sln\DevSkill.Inventory.Infrastructure\Utilities\SqlUtility.cs:line 100
   at DevSkill.Inventory.Infrastructure.Utilities.SqlUtility.QueryWithStoredProcedureAsync[TReturn](String storedProcedureName, IDictionary`2 parameters, IDictionary`2 outParameters) in C:\Users\Nasim Reza\Desktop\Final Project\aspnet-b11-nasim\src\DevSkill.Inventory.sln\DevSkill.Inventory.Infrastructure\Utilities\SqlUtility.cs:line 106
   at DevSkill.Inventory.Infrastructure.ApplicationUnitOfWork.GetSupplierPaysSP(Int32 pageIndex, Int32 pageSize, String orderBy, SupplierPaySearchDto search) in C:\Users\Nasim Reza\Desktop\Final Project\aspnet-b11-nasim\src\DevSkill.Inventory.sln\DevSkill.Inventory.Infrastructure\ApplicationUnitOfWork.cs:line 355
   at DevSkill.Inventory.Application.Features.SupplierPays.Queries.GetSupplierPaysSPQueryHandler.Handle(GetSupplierPaysSPQuery request, CancellationToken cancellationToken) in C:\Users\Nasim Reza\Desktop\Final Project\aspnet-b11-nasim\src\DevSkill.Inventory.sln\DevSkill.Inventory.Application\Features\SupplierPays\Queries\GetSupplierPaysSPQueryHandler.cs:line 23
   at DevSkill.Inventory.Web.Areas.Admin.Controllers.SupplierPaysController.GetSupplierPaysJsonData(SupplierPayListModel model)
ClientConnectionId:1a5c9a90-eafc-4c7c-a0b5-494dd23e03fb
Error Number:2812,State:62,Class:16
2025-06-21 19:33:04.592 +06:00 [INF] Application Starting...17-jan
2025-06-21 19:33:04.616 +06:00 [INF] This is Nasim Reza Hridoy
2025-06-21 19:33:04.616 +06:00 [ERR] An error occurred while starting the application.
2025-06-21 19:33:05.146 +06:00 [FTL] Application crashed
Microsoft.Extensions.Hosting.HostAbortedException: The host was aborted.
   at Microsoft.Extensions.Hosting.HostFactoryResolver.HostingListener.ThrowHostAborted()
   at Microsoft.Extensions.Hosting.HostFactoryResolver.HostingListener.OnNext(KeyValuePair`2 value)
   at System.Diagnostics.DiagnosticListener.Write(String name, Object value)
   at Microsoft.Extensions.Hosting.HostBuilder.ResolveHost(IServiceProvider serviceProvider, DiagnosticListener diagnosticListener)
   at Microsoft.Extensions.Hosting.HostApplicationBuilder.Build()
   at Microsoft.AspNetCore.Builder.WebApplicationBuilder.Build()
   at Program.<Main>$(String[] args) in C:\Users\Nasim Reza\Desktop\Final Project\aspnet-b11-nasim\src\DevSkill.Inventory.sln\DevSkill.Inventory.Web\Program.cs:line 94
2025-06-21 19:35:07.165 +06:00 [INF] Application Starting...17-jan
2025-06-21 19:35:07.189 +06:00 [INF] This is Nasim Reza Hridoy
2025-06-21 19:35:07.189 +06:00 [ERR] An error occurred while starting the application.
2025-06-21 19:35:07.698 +06:00 [FTL] Application crashed
Microsoft.Extensions.Hosting.HostAbortedException: The host was aborted.
   at Microsoft.Extensions.Hosting.HostFactoryResolver.HostingListener.ThrowHostAborted()
   at Microsoft.Extensions.Hosting.HostFactoryResolver.HostingListener.OnNext(KeyValuePair`2 value)
   at System.Diagnostics.DiagnosticListener.Write(String name, Object value)
   at Microsoft.Extensions.Hosting.HostBuilder.ResolveHost(IServiceProvider serviceProvider, DiagnosticListener diagnosticListener)
   at Microsoft.Extensions.Hosting.HostApplicationBuilder.Build()
   at Microsoft.AspNetCore.Builder.WebApplicationBuilder.Build()
   at Program.<Main>$(String[] args) in C:\Users\Nasim Reza\Desktop\Final Project\aspnet-b11-nasim\src\DevSkill.Inventory.sln\DevSkill.Inventory.Web\Program.cs:line 94
2025-06-21 19:37:00.474 +06:00 [INF] Application Starting...17-jan
2025-06-21 19:37:00.498 +06:00 [INF] This is Nasim Reza Hridoy
2025-06-21 19:37:00.498 +06:00 [ERR] An error occurred while starting the application.
2025-06-21 19:37:01.009 +06:00 [FTL] Application crashed
Microsoft.Extensions.Hosting.HostAbortedException: The host was aborted.
   at Microsoft.Extensions.Hosting.HostFactoryResolver.HostingListener.ThrowHostAborted()
   at Microsoft.Extensions.Hosting.HostFactoryResolver.HostingListener.OnNext(KeyValuePair`2 value)
   at System.Diagnostics.DiagnosticListener.Write(String name, Object value)
   at Microsoft.Extensions.Hosting.HostBuilder.ResolveHost(IServiceProvider serviceProvider, DiagnosticListener diagnosticListener)
   at Microsoft.Extensions.Hosting.HostApplicationBuilder.Build()
   at Microsoft.AspNetCore.Builder.WebApplicationBuilder.Build()
   at Program.<Main>$(String[] args) in C:\Users\Nasim Reza\Desktop\Final Project\aspnet-b11-nasim\src\DevSkill.Inventory.sln\DevSkill.Inventory.Web\Program.cs:line 94
2025-06-21 19:37:36.486 +06:00 [INF] Application Starting...17-jan
2025-06-21 19:37:36.510 +06:00 [INF] This is Nasim Reza Hridoy
2025-06-21 19:37:36.510 +06:00 [ERR] An error occurred while starting the application.
2025-06-21 19:37:37.020 +06:00 [FTL] Application crashed
Microsoft.Extensions.Hosting.HostAbortedException: The host was aborted.
   at Microsoft.Extensions.Hosting.HostFactoryResolver.HostingListener.ThrowHostAborted()
   at Microsoft.Extensions.Hosting.HostFactoryResolver.HostingListener.OnNext(KeyValuePair`2 value)
   at System.Diagnostics.DiagnosticListener.Write(String name, Object value)
   at Microsoft.Extensions.Hosting.HostBuilder.ResolveHost(IServiceProvider serviceProvider, DiagnosticListener diagnosticListener)
   at Microsoft.Extensions.Hosting.HostApplicationBuilder.Build()
   at Microsoft.AspNetCore.Builder.WebApplicationBuilder.Build()
   at Program.<Main>$(String[] args) in C:\Users\Nasim Reza\Desktop\Final Project\aspnet-b11-nasim\src\DevSkill.Inventory.sln\DevSkill.Inventory.Web\Program.cs:line 94
2025-06-21 19:43:57.763 +06:00 [INF] Application Starting...17-jan
2025-06-21 19:43:57.795 +06:00 [INF] This is Nasim Reza Hridoy
2025-06-21 19:43:57.795 +06:00 [ERR] An error occurred while starting the application.
2025-06-21 19:44:01.055 +06:00 [INF] This is Nasim Reza
2025-06-21 19:44:01.072 +06:00 [INF] This is a test log entry to verify database logging.
