2025-07-03 17:07:07.270 +06:00 [INF] Application Starting...17-jan
2025-07-03 17:07:07.311 +06:00 [INF] This is Nasim Reza Hridoy
2025-07-03 17:07:07.312 +06:00 [ERR] An error occurred while starting the application.
2025-07-03 17:07:12.654 +06:00 [INF] This is Nasim Reza
2025-07-03 17:07:12.673 +06:00 [INF] This is a test log entry to verify database logging.
2025-07-03 17:08:54.107 +06:00 [INF] Application Starting...17-jan
2025-07-03 17:08:54.143 +06:00 [INF] This is Nasim Reza Hridoy
2025-07-03 17:08:54.143 +06:00 [ERR] An error occurred while starting the application.
2025-07-03 17:08:56.902 +06:00 [INF] This is Nasim Reza
2025-07-03 17:08:56.921 +06:00 [INF] This is a test log entry to verify database logging.
2025-07-03 17:11:54.271 +06:00 [ERR] Error loading purchases
Microsoft.Data.SqlClient.SqlException (0x80131904): Procedure or function 'GetPurchases' expects parameter '@Total', which was not supplied.
   at Microsoft.Data.SqlClient.SqlCommand.<>c.<ExecuteDbDataReaderAsync>b__195_0(Task`1 result)
   at System.Threading.Tasks.ContinuationResultTaskFromResultTask`2.InnerInvoke()
   at System.Threading.ExecutionContext.RunInternal(ExecutionContext executionContext, ContextCallback callback, Object state)
--- End of stack trace from previous location ---
   at System.Threading.ExecutionContext.RunInternal(ExecutionContext executionContext, ContextCallback callback, Object state)
   at System.Threading.Tasks.Task.ExecuteWithThreadLocal(Task& currentTaskSlot, Thread threadPoolThread)
--- End of stack trace from previous location ---
   at DevSkill.Inventory.Infrastructure.Utilities.SqlUtility.ExecuteQueryAsync[TReturn](DbCommand command) in C:\Users\Nasim Reza\Desktop\Final Project\aspnet-b11-nasim\src\DevSkill.Inventory.sln\DevSkill.Inventory.Infrastructure\Utilities\SqlUtility.cs:line 237
   at DevSkill.Inventory.Infrastructure.Utilities.SqlUtility.QueryWithStoredProcedureAsync[TReturn](String storedProcedureName, IDictionary`2 parameters, IDictionary`2 outParameters) in C:\Users\Nasim Reza\Desktop\Final Project\aspnet-b11-nasim\src\DevSkill.Inventory.sln\DevSkill.Inventory.Infrastructure\Utilities\SqlUtility.cs:line 100
   at DevSkill.Inventory.Infrastructure.Utilities.SqlUtility.QueryWithStoredProcedureAsync[TReturn](String storedProcedureName, IDictionary`2 parameters, IDictionary`2 outParameters) in C:\Users\Nasim Reza\Desktop\Final Project\aspnet-b11-nasim\src\DevSkill.Inventory.sln\DevSkill.Inventory.Infrastructure\Utilities\SqlUtility.cs:line 106
   at DevSkill.Inventory.Infrastructure.ApplicationUnitOfWork.GetPurchasesSP(Int32 pageIndex, Int32 pageSize, String orderBy, PurchaseSearchDto search) in C:\Users\Nasim Reza\Desktop\Final Project\aspnet-b11-nasim\src\DevSkill.Inventory.sln\DevSkill.Inventory.Infrastructure\ApplicationUnitOfWork.cs:line 116
   at DevSkill.Inventory.Application.Features.Purchases.Queries.GetPurchasesSPQueryHandler.Handle(GetPurchasesSPQuery request, CancellationToken cancellationToken) in C:\Users\Nasim Reza\Desktop\Final Project\aspnet-b11-nasim\src\DevSkill.Inventory.sln\DevSkill.Inventory.Application\Features\Purchases\Queries\GetPurchasesSPQueryHandler.cs:line 22
   at DevSkill.Inventory.Web.Areas.Admin.Controllers.PurchasesController.GetPurchasesJsonData(PurchaseListModel model) in C:\Users\Nasim Reza\Desktop\Final Project\aspnet-b11-nasim\src\DevSkill.Inventory.sln\DevSkill.Inventory.Web\Areas\Admin\Controllers\PurchasesController.cs:line 55
ClientConnectionId:fc033a87-8389-4679-b3ce-87cb8d7ff3d3
Error Number:201,State:4,Class:16
2025-07-03 17:12:01.761 +06:00 [ERR] Error loading service sales
Microsoft.Data.SqlClient.SqlException (0x80131904): Procedure or function 'GetServiceSales' expects parameter '@TotalCount', which was not supplied.
   at Microsoft.Data.SqlClient.SqlCommand.<>c.<ExecuteDbDataReaderAsync>b__195_0(Task`1 result)
   at System.Threading.Tasks.ContinuationResultTaskFromResultTask`2.InnerInvoke()
   at System.Threading.ExecutionContext.RunInternal(ExecutionContext executionContext, ContextCallback callback, Object state)
--- End of stack trace from previous location ---
   at System.Threading.ExecutionContext.RunInternal(ExecutionContext executionContext, ContextCallback callback, Object state)
   at System.Threading.Tasks.Task.ExecuteWithThreadLocal(Task& currentTaskSlot, Thread threadPoolThread)
--- End of stack trace from previous location ---
   at DevSkill.Inventory.Infrastructure.Utilities.SqlUtility.ExecuteQueryAsync[TReturn](DbCommand command) in C:\Users\Nasim Reza\Desktop\Final Project\aspnet-b11-nasim\src\DevSkill.Inventory.sln\DevSkill.Inventory.Infrastructure\Utilities\SqlUtility.cs:line 237
   at DevSkill.Inventory.Infrastructure.Utilities.SqlUtility.QueryWithStoredProcedureAsync[TReturn](String storedProcedureName, IDictionary`2 parameters, IDictionary`2 outParameters) in C:\Users\Nasim Reza\Desktop\Final Project\aspnet-b11-nasim\src\DevSkill.Inventory.sln\DevSkill.Inventory.Infrastructure\Utilities\SqlUtility.cs:line 100
   at DevSkill.Inventory.Infrastructure.Utilities.SqlUtility.QueryWithStoredProcedureAsync[TReturn](String storedProcedureName, IDictionary`2 parameters, IDictionary`2 outParameters) in C:\Users\Nasim Reza\Desktop\Final Project\aspnet-b11-nasim\src\DevSkill.Inventory.sln\DevSkill.Inventory.Infrastructure\Utilities\SqlUtility.cs:line 106
   at DevSkill.Inventory.Infrastructure.ApplicationUnitOfWork.GetServiceSalesSP(Int32 pageIndex, Int32 pageSize, String order, ServiceSaleSearchDto search) in C:\Users\Nasim Reza\Desktop\Final Project\aspnet-b11-nasim\src\DevSkill.Inventory.sln\DevSkill.Inventory.Infrastructure\ApplicationUnitOfWork.cs:line 248
   at DevSkill.Inventory.Application.Features.ServiceSales.Queries.GetServiceSalesSPQueryHandler.Handle(GetServiceSalesSPQuery request, CancellationToken cancellationToken) in C:\Users\Nasim Reza\Desktop\Final Project\aspnet-b11-nasim\src\DevSkill.Inventory.sln\DevSkill.Inventory.Application\Features\ServiceSales\Queries\GetServiceSalesSPQueryHandler.cs:line 25
   at DevSkill.Inventory.Web.Areas.Admin.Controllers.ServiceSalesController.GetServiceSalesJsonData(ServiceSaleListModel model) in C:\Users\Nasim Reza\Desktop\Final Project\aspnet-b11-nasim\src\DevSkill.Inventory.sln\DevSkill.Inventory.Web\Areas\Admin\Controllers\ServiceSalesController.cs:line 129
ClientConnectionId:fc033a87-8389-4679-b3ce-87cb8d7ff3d3
Error Number:201,State:4,Class:16
2025-07-03 17:26:37.541 +06:00 [INF] Application Starting...17-jan
2025-07-03 17:26:37.591 +06:00 [INF] This is Nasim Reza Hridoy
2025-07-03 17:26:37.591 +06:00 [ERR] An error occurred while starting the application.
2025-07-03 17:26:41.034 +06:00 [INF] This is Nasim Reza
2025-07-03 17:26:41.057 +06:00 [INF] This is a test log entry to verify database logging.
2025-07-03 17:40:58.285 +06:00 [INF] Application Starting...17-jan
2025-07-03 17:40:58.317 +06:00 [INF] This is Nasim Reza Hridoy
2025-07-03 17:40:58.318 +06:00 [ERR] An error occurred while starting the application.
2025-07-03 17:41:01.326 +06:00 [INF] This is Nasim Reza
2025-07-03 17:41:01.341 +06:00 [INF] This is a test log entry to verify database logging.
2025-07-03 17:41:03.706 +06:00 [ERR] An unhandled exception has occurred while executing the request.
Autofac.Core.DependencyResolutionException: An exception was thrown while activating Microsoft.AspNetCore.Identity.UserManager`1[[Microsoft.AspNetCore.Identity.IdentityUser, Microsoft.Extensions.Identity.Stores, Version=9.0.0.0, Culture=neutral, PublicKeyToken=adb9793829ddae60]] -> Microsoft.AspNetCore.Identity.EntityFrameworkCore.UserOnlyStore`6[[Microsoft.AspNetCore.Identity.IdentityUser, Microsoft.Extensions.Identity.Stores, Version=9.0.0.0, Culture=neutral, PublicKeyToken=adb9793829ddae60],[DevSkill.Inventory.Infrastructure.ApplicationDbContext, DevSkill.Inventory.Infrastructure, Version=1.0.0.0, Culture=neutral, PublicKeyToken=null],[System.String, System.Private.CoreLib, Version=9.0.0.0, Culture=neutral, PublicKeyToken=7cec85d7bea7798e],[Microsoft.AspNetCore.Identity.IdentityUserClaim`1[[System.String, System.Private.CoreLib, Version=9.0.0.0, Culture=neutral, PublicKeyToken=7cec85d7bea7798e]], Microsoft.Extensions.Identity.Stores, Version=9.0.0.0, Culture=neutral, PublicKeyToken=adb9793829ddae60],[Microsoft.AspNetCore.Identity.IdentityUserLogin`1[[System.String, System.Private.CoreLib, Version=9.0.0.0, Culture=neutral, PublicKeyToken=7cec85d7bea7798e]], Microsoft.Extensions.Identity.Stores, Version=9.0.0.0, Culture=neutral, PublicKeyToken=adb9793829ddae60],[Microsoft.AspNetCore.Identity.IdentityUserToken`1[[System.String, System.Private.CoreLib, Version=9.0.0.0, Culture=neutral, PublicKeyToken=7cec85d7bea7798e]], Microsoft.Extensions.Identity.Stores, Version=9.0.0.0, Culture=neutral, PublicKeyToken=adb9793829ddae60]] -> DevSkill.Inventory.Infrastructure.ApplicationDbContext.
 ---> Autofac.Core.DependencyResolutionException: None of the constructors found on type 'DevSkill.Inventory.Infrastructure.ApplicationDbContext' can be invoked with the available services and parameters:
Cannot resolve parameter 'System.String connectionString' of constructor 'Void .ctor(System.String, System.String)'.

See https://autofac.rtfd.io/help/no-constructors-bindable for more info.
   at Autofac.Core.Activators.Reflection.ReflectionActivator.<>c__DisplayClass14_0.<UseSingleConstructorActivation>b__0(ResolveRequestContext context, Action`1 next)
   at Autofac.Core.Resolving.Middleware.DelegateMiddleware.Execute(ResolveRequestContext context, Action`1 next)
   at Autofac.Core.Resolving.Pipeline.ResolvePipelineBuilder.<>c__DisplayClass14_0.<BuildPipeline>b__1(ResolveRequestContext context)
   at Autofac.Core.Resolving.Middleware.DisposalTrackingMiddleware.Execute(ResolveRequestContext context, Action`1 next)
   at Autofac.Core.Resolving.Pipeline.ResolvePipelineBuilder.<>c__DisplayClass14_0.<BuildPipeline>b__1(ResolveRequestContext context)
   at Autofac.Extensions.DependencyInjection.KeyedServiceMiddleware.Execute(ResolveRequestContext context, Action`1 next)
   at Autofac.Core.Resolving.Pipeline.ResolvePipelineBuilder.<>c__DisplayClass14_0.<BuildPipeline>b__1(ResolveRequestContext context)
   at Autofac.Core.Resolving.Middleware.ActivatorErrorHandlingMiddleware.Execute(ResolveRequestContext context, Action`1 next)
   --- End of inner exception stack trace ---
   at Autofac.Core.Resolving.Middleware.ActivatorErrorHandlingMiddleware.Execute(ResolveRequestContext context, Action`1 next)
   at Autofac.Core.Resolving.Pipeline.ResolvePipelineBuilder.<>c__DisplayClass14_0.<BuildPipeline>b__1(ResolveRequestContext context)
   at Autofac.Core.Pipeline.ResolvePipeline.Invoke(ResolveRequestContext context)
   at Autofac.Core.Resolving.Middleware.RegistrationPipelineInvokeMiddleware.Execute(ResolveRequestContext context, Action`1 next)
   at Autofac.Core.Resolving.Pipeline.ResolvePipelineBuilder.<>c__DisplayClass14_0.<BuildPipeline>b__1(ResolveRequestContext context)
   at Autofac.Core.Resolving.Middleware.SharingMiddleware.<>c__DisplayClass5_0.<Execute>b__0()
   at Autofac.Core.Lifetime.LifetimeScope.CreateSharedInstance(Guid id, Func`1 creator)
   at Autofac.Core.Lifetime.LifetimeScope.CreateSharedInstance(Guid primaryId, Nullable`1 qualifyingId, Func`1 creator)
   at Autofac.Core.Resolving.Middleware.SharingMiddleware.Execute(ResolveRequestContext context, Action`1 next)
   at Autofac.Core.Resolving.Pipeline.ResolvePipelineBuilder.<>c__DisplayClass14_0.<BuildPipeline>b__1(ResolveRequestContext context)
   at Autofac.Core.Resolving.Pipeline.ResolvePipelineBuilder.<>c__DisplayClass14_0.<BuildPipeline>b__1(ResolveRequestContext context)
   at Autofac.Core.Resolving.Middleware.CircularDependencyDetectorMiddleware.Execute(ResolveRequestContext context, Action`1 next)
   at Autofac.Core.Resolving.Pipeline.ResolvePipelineBuilder.<>c__DisplayClass14_0.<BuildPipeline>b__1(ResolveRequestContext context)
   at Autofac.Core.Pipeline.ResolvePipeline.Invoke(ResolveRequestContext context)
   at Autofac.Core.Resolving.ResolveOperation.GetOrCreateInstance(ISharingLifetimeScope currentOperationScope, ResolveRequest& request)
   at Autofac.Core.Resolving.ResolveOperation.ExecuteOperation(ResolveRequest& request)
   at Autofac.Core.Resolving.ResolveOperation.Execute(ResolveRequest& request)
   at Autofac.Core.Lifetime.LifetimeScope.ResolveComponent(ResolveRequest& request)
   at Autofac.Core.Lifetime.LifetimeScope.Autofac.IComponentContext.ResolveComponent(ResolveRequest& request)
   at Autofac.ResolutionExtensions.TryResolveService(IComponentContext context, Service service, IEnumerable`1 parameters, Object& instance)
   at Autofac.ResolutionExtensions.ResolveService(IComponentContext context, Service service, IEnumerable`1 parameters)
   at Autofac.ResolutionExtensions.Resolve(IComponentContext context, Type serviceType, IEnumerable`1 parameters)
   at Autofac.ResolutionExtensions.Resolve(IComponentContext context, Type serviceType)
   at Autofac.Extensions.DependencyInjection.AutofacServiceProvider.GetRequiredService(Type serviceType)
   at Microsoft.AspNetCore.Mvc.Razor.RazorPagePropertyActivator.<>c__DisplayClass8_0.<CreateActivateInfo>b__2(ViewContext context)
   at Microsoft.Extensions.Internal.PropertyActivator`1.Activate(Object instance, TContext context)
   at Microsoft.AspNetCore.Mvc.Razor.RazorPagePropertyActivator.Activate(Object page, ViewContext context)
   at Microsoft.AspNetCore.Mvc.Razor.RazorView.RenderPageCoreAsync(IRazorPage page, ViewContext context)
   at Microsoft.AspNetCore.Mvc.Razor.RazorView.RenderPageAsync(IRazorPage page, ViewContext context, Boolean invokeViewStarts)
   at Microsoft.AspNetCore.Mvc.Razor.RazorView.RenderAsync(ViewContext context)
   at Microsoft.AspNetCore.Mvc.TagHelpers.PartialTagHelper.RenderPartialViewAsync(TextWriter writer, Object model, IView view)
   at Microsoft.AspNetCore.Mvc.TagHelpers.PartialTagHelper.ProcessAsync(TagHelperContext context, TagHelperOutput output)
   at Microsoft.AspNetCore.Razor.Runtime.TagHelpers.TagHelperRunner.<RunAsync>g__Awaited|0_0(Task task, TagHelperExecutionContext executionContext, Int32 i, Int32 count)
   at AspNetCoreGeneratedDocument.Views_Shared__PublicLayout.<ExecuteAsync>b__28_1()
   at Microsoft.AspNetCore.Razor.Runtime.TagHelpers.TagHelperExecutionContext.SetOutputContentAsync()
   at AspNetCoreGeneratedDocument.Views_Shared__PublicLayout.ExecuteAsync()
   at Microsoft.AspNetCore.Mvc.Razor.RazorView.RenderPageCoreAsync(IRazorPage page, ViewContext context)
   at Microsoft.AspNetCore.Mvc.Razor.RazorView.RenderPageAsync(IRazorPage page, ViewContext context, Boolean invokeViewStarts)
   at Microsoft.AspNetCore.Mvc.Razor.RazorView.RenderLayoutAsync(ViewContext context, ViewBufferTextWriter bodyWriter)
   at Microsoft.AspNetCore.Mvc.Razor.RazorView.RenderAsync(ViewContext context)
   at Microsoft.AspNetCore.Mvc.ViewFeatures.ViewExecutor.ExecuteAsync(ViewContext viewContext, String contentType, Nullable`1 statusCode)
   at Microsoft.AspNetCore.Mvc.ViewFeatures.ViewExecutor.ExecuteAsync(ViewContext viewContext, String contentType, Nullable`1 statusCode)
   at Microsoft.AspNetCore.Mvc.ViewFeatures.ViewExecutor.ExecuteAsync(ActionContext actionContext, IView view, ViewDataDictionary viewData, ITempDataDictionary tempData, String contentType, Nullable`1 statusCode)
   at Microsoft.AspNetCore.Mvc.ViewFeatures.ViewResultExecutor.ExecuteAsync(ActionContext context, ViewResult result)
   at Microsoft.AspNetCore.Mvc.ViewResult.ExecuteResultAsync(ActionContext context)
   at Microsoft.AspNetCore.Mvc.Infrastructure.ResourceInvoker.<InvokeNextResultFilterAsync>g__Awaited|30_0[TFilter,TFilterAsync](ResourceInvoker invoker, Task lastTask, State next, Scope scope, Object state, Boolean isCompleted)
   at Microsoft.AspNetCore.Mvc.Infrastructure.ResourceInvoker.Rethrow(ResultExecutedContextSealed context)
   at Microsoft.AspNetCore.Mvc.Infrastructure.ResourceInvoker.ResultNext[TFilter,TFilterAsync](State& next, Scope& scope, Object& state, Boolean& isCompleted)
   at Microsoft.AspNetCore.Mvc.Infrastructure.ResourceInvoker.InvokeResultFilters()
--- End of stack trace from previous location ---
   at Microsoft.AspNetCore.Mvc.Infrastructure.ResourceInvoker.<InvokeNextResourceFilter>g__Awaited|25_0(ResourceInvoker invoker, Task lastTask, State next, Scope scope, Object state, Boolean isCompleted)
   at Microsoft.AspNetCore.Mvc.Infrastructure.ResourceInvoker.Rethrow(ResourceExecutedContextSealed context)
   at Microsoft.AspNetCore.Mvc.Infrastructure.ResourceInvoker.Next(State& next, Scope& scope, Object& state, Boolean& isCompleted)
   at Microsoft.AspNetCore.Mvc.Infrastructure.ResourceInvoker.InvokeFilterPipelineAsync()
--- End of stack trace from previous location ---
   at Microsoft.AspNetCore.Mvc.Infrastructure.ResourceInvoker.<InvokeAsync>g__Awaited|17_0(ResourceInvoker invoker, Task task, IDisposable scope)
   at Microsoft.AspNetCore.Mvc.Infrastructure.ResourceInvoker.<InvokeAsync>g__Awaited|17_0(ResourceInvoker invoker, Task task, IDisposable scope)
   at Microsoft.AspNetCore.Authorization.AuthorizationMiddleware.Invoke(HttpContext context)
   at Microsoft.AspNetCore.Authentication.AuthenticationMiddleware.Invoke(HttpContext context)
   at Microsoft.AspNetCore.Diagnostics.DeveloperExceptionPageMiddlewareImpl.Invoke(HttpContext context)
2025-07-03 17:42:00.102 +06:00 [INF] Application Starting...17-jan
2025-07-03 17:42:00.146 +06:00 [INF] This is Nasim Reza Hridoy
2025-07-03 17:42:00.147 +06:00 [ERR] An error occurred while starting the application.
2025-07-03 17:42:03.253 +06:00 [INF] This is Nasim Reza
2025-07-03 17:42:03.273 +06:00 [INF] This is a test log entry to verify database logging.
2025-07-03 17:42:29.127 +06:00 [ERR] Error loading purchases
Microsoft.Data.SqlClient.SqlException (0x80131904): Procedure or function 'GetPurchases' expects parameter '@Total', which was not supplied.
   at Microsoft.Data.SqlClient.SqlCommand.<>c.<ExecuteDbDataReaderAsync>b__195_0(Task`1 result)
   at System.Threading.Tasks.ContinuationResultTaskFromResultTask`2.InnerInvoke()
   at System.Threading.ExecutionContext.RunInternal(ExecutionContext executionContext, ContextCallback callback, Object state)
--- End of stack trace from previous location ---
   at System.Threading.ExecutionContext.RunInternal(ExecutionContext executionContext, ContextCallback callback, Object state)
   at System.Threading.Tasks.Task.ExecuteWithThreadLocal(Task& currentTaskSlot, Thread threadPoolThread)
--- End of stack trace from previous location ---
   at DevSkill.Inventory.Infrastructure.Utilities.SqlUtility.ExecuteQueryAsync[TReturn](DbCommand command) in C:\Users\Nasim Reza\Desktop\Final Project\aspnet-b11-nasim\src\DevSkill.Inventory.sln\DevSkill.Inventory.Infrastructure\Utilities\SqlUtility.cs:line 237
   at DevSkill.Inventory.Infrastructure.Utilities.SqlUtility.QueryWithStoredProcedureAsync[TReturn](String storedProcedureName, IDictionary`2 parameters, IDictionary`2 outParameters) in C:\Users\Nasim Reza\Desktop\Final Project\aspnet-b11-nasim\src\DevSkill.Inventory.sln\DevSkill.Inventory.Infrastructure\Utilities\SqlUtility.cs:line 100
   at DevSkill.Inventory.Infrastructure.Utilities.SqlUtility.QueryWithStoredProcedureAsync[TReturn](String storedProcedureName, IDictionary`2 parameters, IDictionary`2 outParameters) in C:\Users\Nasim Reza\Desktop\Final Project\aspnet-b11-nasim\src\DevSkill.Inventory.sln\DevSkill.Inventory.Infrastructure\Utilities\SqlUtility.cs:line 106
   at DevSkill.Inventory.Infrastructure.ApplicationUnitOfWork.GetPurchasesSP(Int32 pageIndex, Int32 pageSize, String orderBy, PurchaseSearchDto search) in C:\Users\Nasim Reza\Desktop\Final Project\aspnet-b11-nasim\src\DevSkill.Inventory.sln\DevSkill.Inventory.Infrastructure\ApplicationUnitOfWork.cs:line 116
   at DevSkill.Inventory.Application.Features.Purchases.Queries.GetPurchasesSPQueryHandler.Handle(GetPurchasesSPQuery request, CancellationToken cancellationToken) in C:\Users\Nasim Reza\Desktop\Final Project\aspnet-b11-nasim\src\DevSkill.Inventory.sln\DevSkill.Inventory.Application\Features\Purchases\Queries\GetPurchasesSPQueryHandler.cs:line 22
   at DevSkill.Inventory.Web.Areas.Admin.Controllers.PurchasesController.GetPurchasesJsonData(PurchaseListModel model) in C:\Users\Nasim Reza\Desktop\Final Project\aspnet-b11-nasim\src\DevSkill.Inventory.sln\DevSkill.Inventory.Web\Areas\Admin\Controllers\PurchasesController.cs:line 55
ClientConnectionId:901b1e8e-b0b3-481e-984b-0e5d587599d9
Error Number:201,State:4,Class:16
2025-07-03 17:42:30.380 +06:00 [ERR] Error loading sales
Microsoft.Data.SqlClient.SqlException (0x80131904): Could not find stored procedure 'GetSales'.
   at Microsoft.Data.SqlClient.SqlCommand.<>c.<ExecuteDbDataReaderAsync>b__195_0(Task`1 result)
   at System.Threading.Tasks.ContinuationResultTaskFromResultTask`2.InnerInvoke()
   at System.Threading.ExecutionContext.RunInternal(ExecutionContext executionContext, ContextCallback callback, Object state)
--- End of stack trace from previous location ---
   at System.Threading.ExecutionContext.RunInternal(ExecutionContext executionContext, ContextCallback callback, Object state)
   at System.Threading.Tasks.Task.ExecuteWithThreadLocal(Task& currentTaskSlot, Thread threadPoolThread)
--- End of stack trace from previous location ---
   at DevSkill.Inventory.Infrastructure.Utilities.SqlUtility.ExecuteQueryAsync[TReturn](DbCommand command) in C:\Users\Nasim Reza\Desktop\Final Project\aspnet-b11-nasim\src\DevSkill.Inventory.sln\DevSkill.Inventory.Infrastructure\Utilities\SqlUtility.cs:line 237
   at DevSkill.Inventory.Infrastructure.Utilities.SqlUtility.QueryWithStoredProcedureAsync[TReturn](String storedProcedureName, IDictionary`2 parameters, IDictionary`2 outParameters) in C:\Users\Nasim Reza\Desktop\Final Project\aspnet-b11-nasim\src\DevSkill.Inventory.sln\DevSkill.Inventory.Infrastructure\Utilities\SqlUtility.cs:line 100
   at DevSkill.Inventory.Infrastructure.Utilities.SqlUtility.QueryWithStoredProcedureAsync[TReturn](String storedProcedureName, IDictionary`2 parameters, IDictionary`2 outParameters) in C:\Users\Nasim Reza\Desktop\Final Project\aspnet-b11-nasim\src\DevSkill.Inventory.sln\DevSkill.Inventory.Infrastructure\Utilities\SqlUtility.cs:line 106
   at DevSkill.Inventory.Infrastructure.ApplicationUnitOfWork.GetSalesSP(Int32 pageIndex, Int32 pageSize, String orderBy, SaleSearchDto search) in C:\Users\Nasim Reza\Desktop\Final Project\aspnet-b11-nasim\src\DevSkill.Inventory.sln\DevSkill.Inventory.Infrastructure\ApplicationUnitOfWork.cs:line 144
   at DevSkill.Inventory.Application.Features.Sales.Queries.GetSalesSPQueryHandler.Handle(GetSalesSPQuery request, CancellationToken cancellationToken) in C:\Users\Nasim Reza\Desktop\Final Project\aspnet-b11-nasim\src\DevSkill.Inventory.sln\DevSkill.Inventory.Application\Features\Sales\Queries\GetSalesSPQueryHandler.cs:line 23
   at DevSkill.Inventory.Web.Areas.Admin.Controllers.SalesController.GetSalesJsonData(SalesListModel model) in C:\Users\Nasim Reza\Desktop\Final Project\aspnet-b11-nasim\src\DevSkill.Inventory.sln\DevSkill.Inventory.Web\Areas\Admin\Controllers\SalesController.cs:line 51
ClientConnectionId:901b1e8e-b0b3-481e-984b-0e5d587599d9
Error Number:2812,State:62,Class:16
2025-07-03 17:42:31.714 +06:00 [ERR] Error loading sales return data
Microsoft.Data.SqlClient.SqlException (0x80131904): Could not find stored procedure 'GetSalesReturns'.
   at Microsoft.Data.SqlClient.SqlCommand.<>c.<ExecuteDbDataReaderAsync>b__195_0(Task`1 result)
   at System.Threading.Tasks.ContinuationResultTaskFromResultTask`2.InnerInvoke()
   at System.Threading.ExecutionContext.RunInternal(ExecutionContext executionContext, ContextCallback callback, Object state)
--- End of stack trace from previous location ---
   at System.Threading.ExecutionContext.RunInternal(ExecutionContext executionContext, ContextCallback callback, Object state)
   at System.Threading.Tasks.Task.ExecuteWithThreadLocal(Task& currentTaskSlot, Thread threadPoolThread)
--- End of stack trace from previous location ---
   at DevSkill.Inventory.Infrastructure.Utilities.SqlUtility.ExecuteQueryAsync[TReturn](DbCommand command) in C:\Users\Nasim Reza\Desktop\Final Project\aspnet-b11-nasim\src\DevSkill.Inventory.sln\DevSkill.Inventory.Infrastructure\Utilities\SqlUtility.cs:line 237
   at DevSkill.Inventory.Infrastructure.Utilities.SqlUtility.QueryWithStoredProcedureAsync[TReturn](String storedProcedureName, IDictionary`2 parameters, IDictionary`2 outParameters) in C:\Users\Nasim Reza\Desktop\Final Project\aspnet-b11-nasim\src\DevSkill.Inventory.sln\DevSkill.Inventory.Infrastructure\Utilities\SqlUtility.cs:line 100
   at DevSkill.Inventory.Infrastructure.Utilities.SqlUtility.QueryWithStoredProcedureAsync[TReturn](String storedProcedureName, IDictionary`2 parameters, IDictionary`2 outParameters) in C:\Users\Nasim Reza\Desktop\Final Project\aspnet-b11-nasim\src\DevSkill.Inventory.sln\DevSkill.Inventory.Infrastructure\Utilities\SqlUtility.cs:line 106
   at DevSkill.Inventory.Infrastructure.ApplicationUnitOfWork.GetSalesReturnsSP(Int32 pageIndex, Int32 pageSize, String order, SalesReturnSearchDto search) in C:\Users\Nasim Reza\Desktop\Final Project\aspnet-b11-nasim\src\DevSkill.Inventory.sln\DevSkill.Inventory.Infrastructure\ApplicationUnitOfWork.cs:line 171
   at DevSkill.Inventory.Application.Features.SalesReturns.Queries.GetSalesReturnsSPQueryHandler.Handle(GetSalesReturnsSPQuery request, CancellationToken cancellationToken) in C:\Users\Nasim Reza\Desktop\Final Project\aspnet-b11-nasim\src\DevSkill.Inventory.sln\DevSkill.Inventory.Application\Features\SalesReturns\Queries\GetSalesReturnsQueryHandler.cs:line 23
   at DevSkill.Inventory.Web.Areas.Admin.Controllers.SalesController.GetSalesReturnsJsonData(SalesReturnListModel model) in C:\Users\Nasim Reza\Desktop\Final Project\aspnet-b11-nasim\src\DevSkill.Inventory.sln\DevSkill.Inventory.Web\Areas\Admin\Controllers\SalesController.cs:line 99
ClientConnectionId:901b1e8e-b0b3-481e-984b-0e5d587599d9
Error Number:2812,State:62,Class:16
2025-07-03 17:42:32.975 +06:00 [ERR] Error loading service data
AutoMapper.AutoMapperMappingException: Missing type map configuration or unsupported mapping.

Mapping types:
ServiceSearchModel -> ServiceSearchDto
DevSkill.Inventory.Web.Areas.Admin.Models.ServicesModels.ServiceSearchModel -> DevSkill.Inventory.Domain.Dtos.ServiceSearchDto
   at lambda_method1049(Closure, Object, ServiceSearchDto, ResolutionContext)
   at DevSkill.Inventory.Web.Areas.Admin.Controllers.ServicesController.GetServicesJsonData(ServiceListModel model) in C:\Users\Nasim Reza\Desktop\Final Project\aspnet-b11-nasim\src\DevSkill.Inventory.sln\DevSkill.Inventory.Web\Areas\Admin\Controllers\ServicesController.cs:line 36
2025-07-03 17:45:31.624 +06:00 [INF] Application Starting...17-jan
2025-07-03 17:45:31.659 +06:00 [INF] This is Nasim Reza Hridoy
2025-07-03 17:45:31.660 +06:00 [ERR] An error occurred while starting the application.
2025-07-03 17:45:35.242 +06:00 [INF] This is Nasim Reza
2025-07-03 17:45:35.258 +06:00 [INF] This is a test log entry to verify database logging.
2025-07-03 17:45:36.080 +06:00 [ERR] Error loading service data
AutoMapper.AutoMapperMappingException: Missing type map configuration or unsupported mapping.

Mapping types:
ServiceSearchModel -> ServiceSearchDto
DevSkill.Inventory.Web.Areas.Admin.Models.ServicesModels.ServiceSearchModel -> DevSkill.Inventory.Domain.Dtos.ServiceSearchDto
   at lambda_method765(Closure, Object, ServiceSearchDto, ResolutionContext)
   at DevSkill.Inventory.Web.Areas.Admin.Controllers.ServicesController.GetServicesJsonData(ServiceListModel model) in C:\Users\Nasim Reza\Desktop\Final Project\aspnet-b11-nasim\src\DevSkill.Inventory.sln\DevSkill.Inventory.Web\Areas\Admin\Controllers\ServicesController.cs:line 36
2025-07-03 17:45:42.587 +06:00 [ERR] Error loading purchases
Microsoft.Data.SqlClient.SqlException (0x80131904): Procedure or function 'GetPurchases' expects parameter '@Total', which was not supplied.
   at Microsoft.Data.SqlClient.SqlCommand.<>c.<ExecuteDbDataReaderAsync>b__195_0(Task`1 result)
   at System.Threading.Tasks.ContinuationResultTaskFromResultTask`2.InnerInvoke()
   at System.Threading.ExecutionContext.RunInternal(ExecutionContext executionContext, ContextCallback callback, Object state)
--- End of stack trace from previous location ---
   at System.Threading.ExecutionContext.RunInternal(ExecutionContext executionContext, ContextCallback callback, Object state)
   at System.Threading.Tasks.Task.ExecuteWithThreadLocal(Task& currentTaskSlot, Thread threadPoolThread)
--- End of stack trace from previous location ---
   at DevSkill.Inventory.Infrastructure.Utilities.SqlUtility.ExecuteQueryAsync[TReturn](DbCommand command) in C:\Users\Nasim Reza\Desktop\Final Project\aspnet-b11-nasim\src\DevSkill.Inventory.sln\DevSkill.Inventory.Infrastructure\Utilities\SqlUtility.cs:line 237
   at DevSkill.Inventory.Infrastructure.Utilities.SqlUtility.QueryWithStoredProcedureAsync[TReturn](String storedProcedureName, IDictionary`2 parameters, IDictionary`2 outParameters) in C:\Users\Nasim Reza\Desktop\Final Project\aspnet-b11-nasim\src\DevSkill.Inventory.sln\DevSkill.Inventory.Infrastructure\Utilities\SqlUtility.cs:line 100
   at DevSkill.Inventory.Infrastructure.Utilities.SqlUtility.QueryWithStoredProcedureAsync[TReturn](String storedProcedureName, IDictionary`2 parameters, IDictionary`2 outParameters) in C:\Users\Nasim Reza\Desktop\Final Project\aspnet-b11-nasim\src\DevSkill.Inventory.sln\DevSkill.Inventory.Infrastructure\Utilities\SqlUtility.cs:line 106
   at DevSkill.Inventory.Infrastructure.ApplicationUnitOfWork.GetPurchasesSP(Int32 pageIndex, Int32 pageSize, String orderBy, PurchaseSearchDto search) in C:\Users\Nasim Reza\Desktop\Final Project\aspnet-b11-nasim\src\DevSkill.Inventory.sln\DevSkill.Inventory.Infrastructure\ApplicationUnitOfWork.cs:line 116
   at DevSkill.Inventory.Application.Features.Purchases.Queries.GetPurchasesSPQueryHandler.Handle(GetPurchasesSPQuery request, CancellationToken cancellationToken) in C:\Users\Nasim Reza\Desktop\Final Project\aspnet-b11-nasim\src\DevSkill.Inventory.sln\DevSkill.Inventory.Application\Features\Purchases\Queries\GetPurchasesSPQueryHandler.cs:line 22
   at DevSkill.Inventory.Web.Areas.Admin.Controllers.PurchasesController.GetPurchasesJsonData(PurchaseListModel model) in C:\Users\Nasim Reza\Desktop\Final Project\aspnet-b11-nasim\src\DevSkill.Inventory.sln\DevSkill.Inventory.Web\Areas\Admin\Controllers\PurchasesController.cs:line 55
ClientConnectionId:5392403c-393b-4f73-a4ce-f78e074a7466
Error Number:201,State:4,Class:16
2025-07-03 17:45:43.599 +06:00 [ERR] Error loading sales
Microsoft.Data.SqlClient.SqlException (0x80131904): Could not find stored procedure 'GetSales'.
   at Microsoft.Data.SqlClient.SqlCommand.<>c.<ExecuteDbDataReaderAsync>b__195_0(Task`1 result)
   at System.Threading.Tasks.ContinuationResultTaskFromResultTask`2.InnerInvoke()
   at System.Threading.ExecutionContext.RunInternal(ExecutionContext executionContext, ContextCallback callback, Object state)
--- End of stack trace from previous location ---
   at System.Threading.ExecutionContext.RunInternal(ExecutionContext executionContext, ContextCallback callback, Object state)
   at System.Threading.Tasks.Task.ExecuteWithThreadLocal(Task& currentTaskSlot, Thread threadPoolThread)
--- End of stack trace from previous location ---
   at DevSkill.Inventory.Infrastructure.Utilities.SqlUtility.ExecuteQueryAsync[TReturn](DbCommand command) in C:\Users\Nasim Reza\Desktop\Final Project\aspnet-b11-nasim\src\DevSkill.Inventory.sln\DevSkill.Inventory.Infrastructure\Utilities\SqlUtility.cs:line 237
   at DevSkill.Inventory.Infrastructure.Utilities.SqlUtility.QueryWithStoredProcedureAsync[TReturn](String storedProcedureName, IDictionary`2 parameters, IDictionary`2 outParameters) in C:\Users\Nasim Reza\Desktop\Final Project\aspnet-b11-nasim\src\DevSkill.Inventory.sln\DevSkill.Inventory.Infrastructure\Utilities\SqlUtility.cs:line 100
   at DevSkill.Inventory.Infrastructure.Utilities.SqlUtility.QueryWithStoredProcedureAsync[TReturn](String storedProcedureName, IDictionary`2 parameters, IDictionary`2 outParameters) in C:\Users\Nasim Reza\Desktop\Final Project\aspnet-b11-nasim\src\DevSkill.Inventory.sln\DevSkill.Inventory.Infrastructure\Utilities\SqlUtility.cs:line 106
   at DevSkill.Inventory.Infrastructure.ApplicationUnitOfWork.GetSalesSP(Int32 pageIndex, Int32 pageSize, String orderBy, SaleSearchDto search) in C:\Users\Nasim Reza\Desktop\Final Project\aspnet-b11-nasim\src\DevSkill.Inventory.sln\DevSkill.Inventory.Infrastructure\ApplicationUnitOfWork.cs:line 144
   at DevSkill.Inventory.Application.Features.Sales.Queries.GetSalesSPQueryHandler.Handle(GetSalesSPQuery request, CancellationToken cancellationToken) in C:\Users\Nasim Reza\Desktop\Final Project\aspnet-b11-nasim\src\DevSkill.Inventory.sln\DevSkill.Inventory.Application\Features\Sales\Queries\GetSalesSPQueryHandler.cs:line 23
   at DevSkill.Inventory.Web.Areas.Admin.Controllers.SalesController.GetSalesJsonData(SalesListModel model) in C:\Users\Nasim Reza\Desktop\Final Project\aspnet-b11-nasim\src\DevSkill.Inventory.sln\DevSkill.Inventory.Web\Areas\Admin\Controllers\SalesController.cs:line 51
ClientConnectionId:5392403c-393b-4f73-a4ce-f78e074a7466
Error Number:2812,State:62,Class:16
2025-07-03 17:45:44.517 +06:00 [ERR] Error loading purchases
Microsoft.Data.SqlClient.SqlException (0x80131904): Procedure or function 'GetPurchases' expects parameter '@Total', which was not supplied.
   at Microsoft.Data.SqlClient.SqlCommand.<>c.<ExecuteDbDataReaderAsync>b__195_0(Task`1 result)
   at System.Threading.Tasks.ContinuationResultTaskFromResultTask`2.InnerInvoke()
   at System.Threading.ExecutionContext.RunInternal(ExecutionContext executionContext, ContextCallback callback, Object state)
--- End of stack trace from previous location ---
   at System.Threading.ExecutionContext.RunInternal(ExecutionContext executionContext, ContextCallback callback, Object state)
   at System.Threading.Tasks.Task.ExecuteWithThreadLocal(Task& currentTaskSlot, Thread threadPoolThread)
--- End of stack trace from previous location ---
   at DevSkill.Inventory.Infrastructure.Utilities.SqlUtility.ExecuteQueryAsync[TReturn](DbCommand command) in C:\Users\Nasim Reza\Desktop\Final Project\aspnet-b11-nasim\src\DevSkill.Inventory.sln\DevSkill.Inventory.Infrastructure\Utilities\SqlUtility.cs:line 237
   at DevSkill.Inventory.Infrastructure.Utilities.SqlUtility.QueryWithStoredProcedureAsync[TReturn](String storedProcedureName, IDictionary`2 parameters, IDictionary`2 outParameters) in C:\Users\Nasim Reza\Desktop\Final Project\aspnet-b11-nasim\src\DevSkill.Inventory.sln\DevSkill.Inventory.Infrastructure\Utilities\SqlUtility.cs:line 100
   at DevSkill.Inventory.Infrastructure.Utilities.SqlUtility.QueryWithStoredProcedureAsync[TReturn](String storedProcedureName, IDictionary`2 parameters, IDictionary`2 outParameters) in C:\Users\Nasim Reza\Desktop\Final Project\aspnet-b11-nasim\src\DevSkill.Inventory.sln\DevSkill.Inventory.Infrastructure\Utilities\SqlUtility.cs:line 106
   at DevSkill.Inventory.Infrastructure.ApplicationUnitOfWork.GetPurchasesSP(Int32 pageIndex, Int32 pageSize, String orderBy, PurchaseSearchDto search) in C:\Users\Nasim Reza\Desktop\Final Project\aspnet-b11-nasim\src\DevSkill.Inventory.sln\DevSkill.Inventory.Infrastructure\ApplicationUnitOfWork.cs:line 116
   at DevSkill.Inventory.Application.Features.Purchases.Queries.GetPurchasesSPQueryHandler.Handle(GetPurchasesSPQuery request, CancellationToken cancellationToken) in C:\Users\Nasim Reza\Desktop\Final Project\aspnet-b11-nasim\src\DevSkill.Inventory.sln\DevSkill.Inventory.Application\Features\Purchases\Queries\GetPurchasesSPQueryHandler.cs:line 22
   at DevSkill.Inventory.Web.Areas.Admin.Controllers.PurchasesController.GetPurchasesJsonData(PurchaseListModel model) in C:\Users\Nasim Reza\Desktop\Final Project\aspnet-b11-nasim\src\DevSkill.Inventory.sln\DevSkill.Inventory.Web\Areas\Admin\Controllers\PurchasesController.cs:line 55
ClientConnectionId:5392403c-393b-4f73-a4ce-f78e074a7466
Error Number:201,State:4,Class:16
2025-07-03 17:45:45.183 +06:00 [ERR] Error loading sales
Microsoft.Data.SqlClient.SqlException (0x80131904): Could not find stored procedure 'GetSales'.
   at Microsoft.Data.SqlClient.SqlCommand.<>c.<ExecuteDbDataReaderAsync>b__195_0(Task`1 result)
   at System.Threading.Tasks.ContinuationResultTaskFromResultTask`2.InnerInvoke()
   at System.Threading.ExecutionContext.RunInternal(ExecutionContext executionContext, ContextCallback callback, Object state)
--- End of stack trace from previous location ---
   at System.Threading.ExecutionContext.RunInternal(ExecutionContext executionContext, ContextCallback callback, Object state)
   at System.Threading.Tasks.Task.ExecuteWithThreadLocal(Task& currentTaskSlot, Thread threadPoolThread)
--- End of stack trace from previous location ---
   at DevSkill.Inventory.Infrastructure.Utilities.SqlUtility.ExecuteQueryAsync[TReturn](DbCommand command) in C:\Users\Nasim Reza\Desktop\Final Project\aspnet-b11-nasim\src\DevSkill.Inventory.sln\DevSkill.Inventory.Infrastructure\Utilities\SqlUtility.cs:line 237
   at DevSkill.Inventory.Infrastructure.Utilities.SqlUtility.QueryWithStoredProcedureAsync[TReturn](String storedProcedureName, IDictionary`2 parameters, IDictionary`2 outParameters) in C:\Users\Nasim Reza\Desktop\Final Project\aspnet-b11-nasim\src\DevSkill.Inventory.sln\DevSkill.Inventory.Infrastructure\Utilities\SqlUtility.cs:line 100
   at DevSkill.Inventory.Infrastructure.Utilities.SqlUtility.QueryWithStoredProcedureAsync[TReturn](String storedProcedureName, IDictionary`2 parameters, IDictionary`2 outParameters) in C:\Users\Nasim Reza\Desktop\Final Project\aspnet-b11-nasim\src\DevSkill.Inventory.sln\DevSkill.Inventory.Infrastructure\Utilities\SqlUtility.cs:line 106
   at DevSkill.Inventory.Infrastructure.ApplicationUnitOfWork.GetSalesSP(Int32 pageIndex, Int32 pageSize, String orderBy, SaleSearchDto search) in C:\Users\Nasim Reza\Desktop\Final Project\aspnet-b11-nasim\src\DevSkill.Inventory.sln\DevSkill.Inventory.Infrastructure\ApplicationUnitOfWork.cs:line 144
   at DevSkill.Inventory.Application.Features.Sales.Queries.GetSalesSPQueryHandler.Handle(GetSalesSPQuery request, CancellationToken cancellationToken) in C:\Users\Nasim Reza\Desktop\Final Project\aspnet-b11-nasim\src\DevSkill.Inventory.sln\DevSkill.Inventory.Application\Features\Sales\Queries\GetSalesSPQueryHandler.cs:line 23
   at DevSkill.Inventory.Web.Areas.Admin.Controllers.SalesController.GetSalesJsonData(SalesListModel model) in C:\Users\Nasim Reza\Desktop\Final Project\aspnet-b11-nasim\src\DevSkill.Inventory.sln\DevSkill.Inventory.Web\Areas\Admin\Controllers\SalesController.cs:line 51
ClientConnectionId:5392403c-393b-4f73-a4ce-f78e074a7466
Error Number:2812,State:62,Class:16
2025-07-03 17:45:45.875 +06:00 [ERR] Error loading sales return data
Microsoft.Data.SqlClient.SqlException (0x80131904): Could not find stored procedure 'GetSalesReturns'.
   at Microsoft.Data.SqlClient.SqlCommand.<>c.<ExecuteDbDataReaderAsync>b__195_0(Task`1 result)
   at System.Threading.Tasks.ContinuationResultTaskFromResultTask`2.InnerInvoke()
   at System.Threading.ExecutionContext.RunInternal(ExecutionContext executionContext, ContextCallback callback, Object state)
--- End of stack trace from previous location ---
   at System.Threading.ExecutionContext.RunInternal(ExecutionContext executionContext, ContextCallback callback, Object state)
   at System.Threading.Tasks.Task.ExecuteWithThreadLocal(Task& currentTaskSlot, Thread threadPoolThread)
--- End of stack trace from previous location ---
   at DevSkill.Inventory.Infrastructure.Utilities.SqlUtility.ExecuteQueryAsync[TReturn](DbCommand command) in C:\Users\Nasim Reza\Desktop\Final Project\aspnet-b11-nasim\src\DevSkill.Inventory.sln\DevSkill.Inventory.Infrastructure\Utilities\SqlUtility.cs:line 237
   at DevSkill.Inventory.Infrastructure.Utilities.SqlUtility.QueryWithStoredProcedureAsync[TReturn](String storedProcedureName, IDictionary`2 parameters, IDictionary`2 outParameters) in C:\Users\Nasim Reza\Desktop\Final Project\aspnet-b11-nasim\src\DevSkill.Inventory.sln\DevSkill.Inventory.Infrastructure\Utilities\SqlUtility.cs:line 100
   at DevSkill.Inventory.Infrastructure.Utilities.SqlUtility.QueryWithStoredProcedureAsync[TReturn](String storedProcedureName, IDictionary`2 parameters, IDictionary`2 outParameters) in C:\Users\Nasim Reza\Desktop\Final Project\aspnet-b11-nasim\src\DevSkill.Inventory.sln\DevSkill.Inventory.Infrastructure\Utilities\SqlUtility.cs:line 106
   at DevSkill.Inventory.Infrastructure.ApplicationUnitOfWork.GetSalesReturnsSP(Int32 pageIndex, Int32 pageSize, String order, SalesReturnSearchDto search) in C:\Users\Nasim Reza\Desktop\Final Project\aspnet-b11-nasim\src\DevSkill.Inventory.sln\DevSkill.Inventory.Infrastructure\ApplicationUnitOfWork.cs:line 171
   at DevSkill.Inventory.Application.Features.SalesReturns.Queries.GetSalesReturnsSPQueryHandler.Handle(GetSalesReturnsSPQuery request, CancellationToken cancellationToken) in C:\Users\Nasim Reza\Desktop\Final Project\aspnet-b11-nasim\src\DevSkill.Inventory.sln\DevSkill.Inventory.Application\Features\SalesReturns\Queries\GetSalesReturnsQueryHandler.cs:line 23
   at DevSkill.Inventory.Web.Areas.Admin.Controllers.SalesController.GetSalesReturnsJsonData(SalesReturnListModel model) in C:\Users\Nasim Reza\Desktop\Final Project\aspnet-b11-nasim\src\DevSkill.Inventory.sln\DevSkill.Inventory.Web\Areas\Admin\Controllers\SalesController.cs:line 99
ClientConnectionId:5392403c-393b-4f73-a4ce-f78e074a7466
Error Number:2812,State:62,Class:16
2025-07-03 17:45:46.793 +06:00 [ERR] Error loading sales return data
Microsoft.Data.SqlClient.SqlException (0x80131904): Could not find stored procedure 'GetSalesReturns'.
   at Microsoft.Data.SqlClient.SqlCommand.<>c.<ExecuteDbDataReaderAsync>b__195_0(Task`1 result)
   at System.Threading.Tasks.ContinuationResultTaskFromResultTask`2.InnerInvoke()
   at System.Threading.ExecutionContext.RunInternal(ExecutionContext executionContext, ContextCallback callback, Object state)
--- End of stack trace from previous location ---
   at System.Threading.ExecutionContext.RunInternal(ExecutionContext executionContext, ContextCallback callback, Object state)
   at System.Threading.Tasks.Task.ExecuteWithThreadLocal(Task& currentTaskSlot, Thread threadPoolThread)
--- End of stack trace from previous location ---
   at DevSkill.Inventory.Infrastructure.Utilities.SqlUtility.ExecuteQueryAsync[TReturn](DbCommand command) in C:\Users\Nasim Reza\Desktop\Final Project\aspnet-b11-nasim\src\DevSkill.Inventory.sln\DevSkill.Inventory.Infrastructure\Utilities\SqlUtility.cs:line 237
   at DevSkill.Inventory.Infrastructure.Utilities.SqlUtility.QueryWithStoredProcedureAsync[TReturn](String storedProcedureName, IDictionary`2 parameters, IDictionary`2 outParameters) in C:\Users\Nasim Reza\Desktop\Final Project\aspnet-b11-nasim\src\DevSkill.Inventory.sln\DevSkill.Inventory.Infrastructure\Utilities\SqlUtility.cs:line 100
   at DevSkill.Inventory.Infrastructure.Utilities.SqlUtility.QueryWithStoredProcedureAsync[TReturn](String storedProcedureName, IDictionary`2 parameters, IDictionary`2 outParameters) in C:\Users\Nasim Reza\Desktop\Final Project\aspnet-b11-nasim\src\DevSkill.Inventory.sln\DevSkill.Inventory.Infrastructure\Utilities\SqlUtility.cs:line 106
   at DevSkill.Inventory.Infrastructure.ApplicationUnitOfWork.GetSalesReturnsSP(Int32 pageIndex, Int32 pageSize, String order, SalesReturnSearchDto search) in C:\Users\Nasim Reza\Desktop\Final Project\aspnet-b11-nasim\src\DevSkill.Inventory.sln\DevSkill.Inventory.Infrastructure\ApplicationUnitOfWork.cs:line 171
   at DevSkill.Inventory.Application.Features.SalesReturns.Queries.GetSalesReturnsSPQueryHandler.Handle(GetSalesReturnsSPQuery request, CancellationToken cancellationToken) in C:\Users\Nasim Reza\Desktop\Final Project\aspnet-b11-nasim\src\DevSkill.Inventory.sln\DevSkill.Inventory.Application\Features\SalesReturns\Queries\GetSalesReturnsQueryHandler.cs:line 23
   at DevSkill.Inventory.Web.Areas.Admin.Controllers.SalesController.GetSalesReturnsJsonData(SalesReturnListModel model) in C:\Users\Nasim Reza\Desktop\Final Project\aspnet-b11-nasim\src\DevSkill.Inventory.sln\DevSkill.Inventory.Web\Areas\Admin\Controllers\SalesController.cs:line 99
ClientConnectionId:5392403c-393b-4f73-a4ce-f78e074a7466
Error Number:2812,State:62,Class:16
2025-07-03 17:45:47.481 +06:00 [ERR] Error loading purchase returns
Microsoft.Data.SqlClient.SqlException (0x80131904): Could not find stored procedure 'GetPurchaseReturns'.
   at Microsoft.Data.SqlClient.SqlCommand.<>c.<ExecuteDbDataReaderAsync>b__195_0(Task`1 result)
   at System.Threading.Tasks.ContinuationResultTaskFromResultTask`2.InnerInvoke()
   at System.Threading.ExecutionContext.RunInternal(ExecutionContext executionContext, ContextCallback callback, Object state)
--- End of stack trace from previous location ---
   at System.Threading.ExecutionContext.RunInternal(ExecutionContext executionContext, ContextCallback callback, Object state)
   at System.Threading.Tasks.Task.ExecuteWithThreadLocal(Task& currentTaskSlot, Thread threadPoolThread)
--- End of stack trace from previous location ---
   at DevSkill.Inventory.Infrastructure.Utilities.SqlUtility.ExecuteQueryAsync[TReturn](DbCommand command) in C:\Users\Nasim Reza\Desktop\Final Project\aspnet-b11-nasim\src\DevSkill.Inventory.sln\DevSkill.Inventory.Infrastructure\Utilities\SqlUtility.cs:line 237
   at DevSkill.Inventory.Infrastructure.Utilities.SqlUtility.QueryWithStoredProcedureAsync[TReturn](String storedProcedureName, IDictionary`2 parameters, IDictionary`2 outParameters) in C:\Users\Nasim Reza\Desktop\Final Project\aspnet-b11-nasim\src\DevSkill.Inventory.sln\DevSkill.Inventory.Infrastructure\Utilities\SqlUtility.cs:line 100
   at DevSkill.Inventory.Infrastructure.Utilities.SqlUtility.QueryWithStoredProcedureAsync[TReturn](String storedProcedureName, IDictionary`2 parameters, IDictionary`2 outParameters) in C:\Users\Nasim Reza\Desktop\Final Project\aspnet-b11-nasim\src\DevSkill.Inventory.sln\DevSkill.Inventory.Infrastructure\Utilities\SqlUtility.cs:line 106
   at DevSkill.Inventory.Infrastructure.ApplicationUnitOfWork.GetPurchaseReturnsSP(Int32 pageIndex, Int32 pageSize, String order, PurchaseReturnSearchDto search) in C:\Users\Nasim Reza\Desktop\Final Project\aspnet-b11-nasim\src\DevSkill.Inventory.sln\DevSkill.Inventory.Infrastructure\ApplicationUnitOfWork.cs:line 200
   at DevSkill.Inventory.Application.Features.PurchaseReturns.Queries.GetPurchaseReturnsSPQueryHandler.Handle(GetPurchaseReturnsSPQuery request, CancellationToken cancellationToken) in C:\Users\Nasim Reza\Desktop\Final Project\aspnet-b11-nasim\src\DevSkill.Inventory.sln\DevSkill.Inventory.Application\Features\PurchaseReturns\Queries\GetPurchaseReturnsSPQueryHandler.cs:line 23
   at DevSkill.Inventory.Web.Areas.Admin.Controllers.PurchasesController.GetPurchaseReturnsJsonData(PurchaseReturnListModel model) in C:\Users\Nasim Reza\Desktop\Final Project\aspnet-b11-nasim\src\DevSkill.Inventory.sln\DevSkill.Inventory.Web\Areas\Admin\Controllers\PurchasesController.cs:line 103
ClientConnectionId:5392403c-393b-4f73-a4ce-f78e074a7466
Error Number:2812,State:62,Class:16
2025-07-03 17:45:47.887 +06:00 [ERR] Error loading service data
AutoMapper.AutoMapperMappingException: Missing type map configuration or unsupported mapping.

Mapping types:
ServiceSearchModel -> ServiceSearchDto
DevSkill.Inventory.Web.Areas.Admin.Models.ServicesModels.ServiceSearchModel -> DevSkill.Inventory.Domain.Dtos.ServiceSearchDto
   at lambda_method765(Closure, Object, ServiceSearchDto, ResolutionContext)
   at DevSkill.Inventory.Web.Areas.Admin.Controllers.ServicesController.GetServicesJsonData(ServiceListModel model) in C:\Users\Nasim Reza\Desktop\Final Project\aspnet-b11-nasim\src\DevSkill.Inventory.sln\DevSkill.Inventory.Web\Areas\Admin\Controllers\ServicesController.cs:line 36
2025-07-03 17:45:48.732 +06:00 [ERR] Error loading service sales
Microsoft.Data.SqlClient.SqlException (0x80131904): Procedure or function 'GetServiceSales' expects parameter '@TotalCount', which was not supplied.
   at Microsoft.Data.SqlClient.SqlCommand.<>c.<ExecuteDbDataReaderAsync>b__195_0(Task`1 result)
   at System.Threading.Tasks.ContinuationResultTaskFromResultTask`2.InnerInvoke()
   at System.Threading.ExecutionContext.RunInternal(ExecutionContext executionContext, ContextCallback callback, Object state)
--- End of stack trace from previous location ---
   at System.Threading.ExecutionContext.RunInternal(ExecutionContext executionContext, ContextCallback callback, Object state)
   at System.Threading.Tasks.Task.ExecuteWithThreadLocal(Task& currentTaskSlot, Thread threadPoolThread)
--- End of stack trace from previous location ---
   at DevSkill.Inventory.Infrastructure.Utilities.SqlUtility.ExecuteQueryAsync[TReturn](DbCommand command) in C:\Users\Nasim Reza\Desktop\Final Project\aspnet-b11-nasim\src\DevSkill.Inventory.sln\DevSkill.Inventory.Infrastructure\Utilities\SqlUtility.cs:line 237
   at DevSkill.Inventory.Infrastructure.Utilities.SqlUtility.QueryWithStoredProcedureAsync[TReturn](String storedProcedureName, IDictionary`2 parameters, IDictionary`2 outParameters) in C:\Users\Nasim Reza\Desktop\Final Project\aspnet-b11-nasim\src\DevSkill.Inventory.sln\DevSkill.Inventory.Infrastructure\Utilities\SqlUtility.cs:line 100
   at DevSkill.Inventory.Infrastructure.Utilities.SqlUtility.QueryWithStoredProcedureAsync[TReturn](String storedProcedureName, IDictionary`2 parameters, IDictionary`2 outParameters) in C:\Users\Nasim Reza\Desktop\Final Project\aspnet-b11-nasim\src\DevSkill.Inventory.sln\DevSkill.Inventory.Infrastructure\Utilities\SqlUtility.cs:line 106
   at DevSkill.Inventory.Infrastructure.ApplicationUnitOfWork.GetServiceSalesSP(Int32 pageIndex, Int32 pageSize, String order, ServiceSaleSearchDto search) in C:\Users\Nasim Reza\Desktop\Final Project\aspnet-b11-nasim\src\DevSkill.Inventory.sln\DevSkill.Inventory.Infrastructure\ApplicationUnitOfWork.cs:line 248
   at DevSkill.Inventory.Application.Features.ServiceSales.Queries.GetServiceSalesSPQueryHandler.Handle(GetServiceSalesSPQuery request, CancellationToken cancellationToken) in C:\Users\Nasim Reza\Desktop\Final Project\aspnet-b11-nasim\src\DevSkill.Inventory.sln\DevSkill.Inventory.Application\Features\ServiceSales\Queries\GetServiceSalesSPQueryHandler.cs:line 25
   at DevSkill.Inventory.Web.Areas.Admin.Controllers.ServiceSalesController.GetServiceSalesJsonData(ServiceSaleListModel model) in C:\Users\Nasim Reza\Desktop\Final Project\aspnet-b11-nasim\src\DevSkill.Inventory.sln\DevSkill.Inventory.Web\Areas\Admin\Controllers\ServiceSalesController.cs:line 129
ClientConnectionId:5392403c-393b-4f73-a4ce-f78e074a7466
Error Number:201,State:4,Class:16
2025-07-03 17:46:43.825 +06:00 [INF] Application Starting...17-jan
2025-07-03 17:46:43.860 +06:00 [INF] This is Nasim Reza Hridoy
2025-07-03 17:46:43.860 +06:00 [ERR] An error occurred while starting the application.
2025-07-03 17:46:47.408 +06:00 [INF] This is Nasim Reza
2025-07-03 17:46:47.438 +06:00 [INF] This is a test log entry to verify database logging.
2025-07-03 17:46:50.987 +06:00 [INF] This is Nasim Reza
2025-07-03 17:46:50.988 +06:00 [INF] This is a test log entry to verify database logging.
2025-07-03 17:48:30.002 +06:00 [ERR] Error loading service sales
Microsoft.Data.SqlClient.SqlException (0x80131904): Procedure or function 'GetServiceSales' expects parameter '@TotalCount', which was not supplied.
   at Microsoft.Data.SqlClient.SqlCommand.<>c.<ExecuteDbDataReaderAsync>b__195_0(Task`1 result)
   at System.Threading.Tasks.ContinuationResultTaskFromResultTask`2.InnerInvoke()
   at System.Threading.ExecutionContext.RunInternal(ExecutionContext executionContext, ContextCallback callback, Object state)
--- End of stack trace from previous location ---
   at System.Threading.ExecutionContext.RunInternal(ExecutionContext executionContext, ContextCallback callback, Object state)
   at System.Threading.Tasks.Task.ExecuteWithThreadLocal(Task& currentTaskSlot, Thread threadPoolThread)
--- End of stack trace from previous location ---
   at DevSkill.Inventory.Infrastructure.Utilities.SqlUtility.ExecuteQueryAsync[TReturn](DbCommand command) in C:\Users\Nasim Reza\Desktop\Final Project\aspnet-b11-nasim\src\DevSkill.Inventory.sln\DevSkill.Inventory.Infrastructure\Utilities\SqlUtility.cs:line 237
   at DevSkill.Inventory.Infrastructure.Utilities.SqlUtility.QueryWithStoredProcedureAsync[TReturn](String storedProcedureName, IDictionary`2 parameters, IDictionary`2 outParameters) in C:\Users\Nasim Reza\Desktop\Final Project\aspnet-b11-nasim\src\DevSkill.Inventory.sln\DevSkill.Inventory.Infrastructure\Utilities\SqlUtility.cs:line 100
   at DevSkill.Inventory.Infrastructure.Utilities.SqlUtility.QueryWithStoredProcedureAsync[TReturn](String storedProcedureName, IDictionary`2 parameters, IDictionary`2 outParameters) in C:\Users\Nasim Reza\Desktop\Final Project\aspnet-b11-nasim\src\DevSkill.Inventory.sln\DevSkill.Inventory.Infrastructure\Utilities\SqlUtility.cs:line 106
   at DevSkill.Inventory.Infrastructure.ApplicationUnitOfWork.GetServiceSalesSP(Int32 pageIndex, Int32 pageSize, String order, ServiceSaleSearchDto search) in C:\Users\Nasim Reza\Desktop\Final Project\aspnet-b11-nasim\src\DevSkill.Inventory.sln\DevSkill.Inventory.Infrastructure\ApplicationUnitOfWork.cs:line 248
   at DevSkill.Inventory.Application.Features.ServiceSales.Queries.GetServiceSalesSPQueryHandler.Handle(GetServiceSalesSPQuery request, CancellationToken cancellationToken) in C:\Users\Nasim Reza\Desktop\Final Project\aspnet-b11-nasim\src\DevSkill.Inventory.sln\DevSkill.Inventory.Application\Features\ServiceSales\Queries\GetServiceSalesSPQueryHandler.cs:line 25
   at DevSkill.Inventory.Web.Areas.Admin.Controllers.ServiceSalesController.GetServiceSalesJsonData(ServiceSaleListModel model) in C:\Users\Nasim Reza\Desktop\Final Project\aspnet-b11-nasim\src\DevSkill.Inventory.sln\DevSkill.Inventory.Web\Areas\Admin\Controllers\ServiceSalesController.cs:line 129
ClientConnectionId:8cf52054-2084-42c2-8170-6c13145211f7
Error Number:201,State:4,Class:16
2025-07-03 17:48:36.618 +06:00 [ERR] Error loading sales
Microsoft.Data.SqlClient.SqlException (0x80131904): Could not find stored procedure 'GetSales'.
   at Microsoft.Data.SqlClient.SqlCommand.<>c.<ExecuteDbDataReaderAsync>b__195_0(Task`1 result)
   at System.Threading.Tasks.ContinuationResultTaskFromResultTask`2.InnerInvoke()
   at System.Threading.ExecutionContext.RunInternal(ExecutionContext executionContext, ContextCallback callback, Object state)
--- End of stack trace from previous location ---
   at System.Threading.ExecutionContext.RunInternal(ExecutionContext executionContext, ContextCallback callback, Object state)
   at System.Threading.Tasks.Task.ExecuteWithThreadLocal(Task& currentTaskSlot, Thread threadPoolThread)
--- End of stack trace from previous location ---
   at DevSkill.Inventory.Infrastructure.Utilities.SqlUtility.ExecuteQueryAsync[TReturn](DbCommand command) in C:\Users\Nasim Reza\Desktop\Final Project\aspnet-b11-nasim\src\DevSkill.Inventory.sln\DevSkill.Inventory.Infrastructure\Utilities\SqlUtility.cs:line 237
   at DevSkill.Inventory.Infrastructure.Utilities.SqlUtility.QueryWithStoredProcedureAsync[TReturn](String storedProcedureName, IDictionary`2 parameters, IDictionary`2 outParameters) in C:\Users\Nasim Reza\Desktop\Final Project\aspnet-b11-nasim\src\DevSkill.Inventory.sln\DevSkill.Inventory.Infrastructure\Utilities\SqlUtility.cs:line 100
   at DevSkill.Inventory.Infrastructure.Utilities.SqlUtility.QueryWithStoredProcedureAsync[TReturn](String storedProcedureName, IDictionary`2 parameters, IDictionary`2 outParameters) in C:\Users\Nasim Reza\Desktop\Final Project\aspnet-b11-nasim\src\DevSkill.Inventory.sln\DevSkill.Inventory.Infrastructure\Utilities\SqlUtility.cs:line 106
   at DevSkill.Inventory.Infrastructure.ApplicationUnitOfWork.GetSalesSP(Int32 pageIndex, Int32 pageSize, String orderBy, SaleSearchDto search) in C:\Users\Nasim Reza\Desktop\Final Project\aspnet-b11-nasim\src\DevSkill.Inventory.sln\DevSkill.Inventory.Infrastructure\ApplicationUnitOfWork.cs:line 144
   at DevSkill.Inventory.Application.Features.Sales.Queries.GetSalesSPQueryHandler.Handle(GetSalesSPQuery request, CancellationToken cancellationToken) in C:\Users\Nasim Reza\Desktop\Final Project\aspnet-b11-nasim\src\DevSkill.Inventory.sln\DevSkill.Inventory.Application\Features\Sales\Queries\GetSalesSPQueryHandler.cs:line 23
   at DevSkill.Inventory.Web.Areas.Admin.Controllers.SalesController.GetSalesJsonData(SalesListModel model) in C:\Users\Nasim Reza\Desktop\Final Project\aspnet-b11-nasim\src\DevSkill.Inventory.sln\DevSkill.Inventory.Web\Areas\Admin\Controllers\SalesController.cs:line 51
ClientConnectionId:8cf52054-2084-42c2-8170-6c13145211f7
Error Number:2812,State:62,Class:16
2025-07-03 18:09:22.423 +06:00 [INF] Application Starting...17-jan
2025-07-03 18:09:22.455 +06:00 [INF] This is Nasim Reza Hridoy
2025-07-03 18:09:22.455 +06:00 [ERR] An error occurred while starting the application.
2025-07-03 18:09:25.992 +06:00 [INF] This is Nasim Reza
2025-07-03 18:09:26.009 +06:00 [INF] This is a test log entry to verify database logging.
2025-07-03 18:09:28.662 +06:00 [ERR] Error loading sales
Microsoft.Data.SqlClient.SqlException (0x80131904): Could not find stored procedure 'GetSales'.
   at Microsoft.Data.SqlClient.SqlCommand.<>c.<ExecuteDbDataReaderAsync>b__195_0(Task`1 result)
   at System.Threading.Tasks.ContinuationResultTaskFromResultTask`2.InnerInvoke()
   at System.Threading.ExecutionContext.RunInternal(ExecutionContext executionContext, ContextCallback callback, Object state)
--- End of stack trace from previous location ---
   at System.Threading.ExecutionContext.RunInternal(ExecutionContext executionContext, ContextCallback callback, Object state)
   at System.Threading.Tasks.Task.ExecuteWithThreadLocal(Task& currentTaskSlot, Thread threadPoolThread)
--- End of stack trace from previous location ---
   at DevSkill.Inventory.Infrastructure.Utilities.SqlUtility.ExecuteQueryAsync[TReturn](DbCommand command) in C:\Users\Nasim Reza\Desktop\Final Project\aspnet-b11-nasim\src\DevSkill.Inventory.sln\DevSkill.Inventory.Infrastructure\Utilities\SqlUtility.cs:line 237
   at DevSkill.Inventory.Infrastructure.Utilities.SqlUtility.QueryWithStoredProcedureAsync[TReturn](String storedProcedureName, IDictionary`2 parameters, IDictionary`2 outParameters) in C:\Users\Nasim Reza\Desktop\Final Project\aspnet-b11-nasim\src\DevSkill.Inventory.sln\DevSkill.Inventory.Infrastructure\Utilities\SqlUtility.cs:line 100
   at DevSkill.Inventory.Infrastructure.Utilities.SqlUtility.QueryWithStoredProcedureAsync[TReturn](String storedProcedureName, IDictionary`2 parameters, IDictionary`2 outParameters) in C:\Users\Nasim Reza\Desktop\Final Project\aspnet-b11-nasim\src\DevSkill.Inventory.sln\DevSkill.Inventory.Infrastructure\Utilities\SqlUtility.cs:line 106
   at DevSkill.Inventory.Infrastructure.ApplicationUnitOfWork.GetSalesSP(Int32 pageIndex, Int32 pageSize, String orderBy, SaleSearchDto search) in C:\Users\Nasim Reza\Desktop\Final Project\aspnet-b11-nasim\src\DevSkill.Inventory.sln\DevSkill.Inventory.Infrastructure\ApplicationUnitOfWork.cs:line 144
   at DevSkill.Inventory.Application.Features.Sales.Queries.GetSalesSPQueryHandler.Handle(GetSalesSPQuery request, CancellationToken cancellationToken) in C:\Users\Nasim Reza\Desktop\Final Project\aspnet-b11-nasim\src\DevSkill.Inventory.sln\DevSkill.Inventory.Application\Features\Sales\Queries\GetSalesSPQueryHandler.cs:line 23
   at DevSkill.Inventory.Web.Areas.Admin.Controllers.SalesController.GetSalesJsonData(SalesListModel model) in C:\Users\Nasim Reza\Desktop\Final Project\aspnet-b11-nasim\src\DevSkill.Inventory.sln\DevSkill.Inventory.Web\Areas\Admin\Controllers\SalesController.cs:line 51
ClientConnectionId:dd59c1ec-642f-4a83-a472-d837116d8489
Error Number:2812,State:62,Class:16
2025-07-03 18:09:43.435 +06:00 [ERR] Error loading purchases
Microsoft.Data.SqlClient.SqlException (0x80131904): Procedure or function 'GetPurchases' expects parameter '@Total', which was not supplied.
   at Microsoft.Data.SqlClient.SqlCommand.<>c.<ExecuteDbDataReaderAsync>b__195_0(Task`1 result)
   at System.Threading.Tasks.ContinuationResultTaskFromResultTask`2.InnerInvoke()
   at System.Threading.ExecutionContext.RunInternal(ExecutionContext executionContext, ContextCallback callback, Object state)
--- End of stack trace from previous location ---
   at System.Threading.ExecutionContext.RunInternal(ExecutionContext executionContext, ContextCallback callback, Object state)
   at System.Threading.Tasks.Task.ExecuteWithThreadLocal(Task& currentTaskSlot, Thread threadPoolThread)
--- End of stack trace from previous location ---
   at DevSkill.Inventory.Infrastructure.Utilities.SqlUtility.ExecuteQueryAsync[TReturn](DbCommand command) in C:\Users\Nasim Reza\Desktop\Final Project\aspnet-b11-nasim\src\DevSkill.Inventory.sln\DevSkill.Inventory.Infrastructure\Utilities\SqlUtility.cs:line 237
   at DevSkill.Inventory.Infrastructure.Utilities.SqlUtility.QueryWithStoredProcedureAsync[TReturn](String storedProcedureName, IDictionary`2 parameters, IDictionary`2 outParameters) in C:\Users\Nasim Reza\Desktop\Final Project\aspnet-b11-nasim\src\DevSkill.Inventory.sln\DevSkill.Inventory.Infrastructure\Utilities\SqlUtility.cs:line 100
   at DevSkill.Inventory.Infrastructure.Utilities.SqlUtility.QueryWithStoredProcedureAsync[TReturn](String storedProcedureName, IDictionary`2 parameters, IDictionary`2 outParameters) in C:\Users\Nasim Reza\Desktop\Final Project\aspnet-b11-nasim\src\DevSkill.Inventory.sln\DevSkill.Inventory.Infrastructure\Utilities\SqlUtility.cs:line 106
   at DevSkill.Inventory.Infrastructure.ApplicationUnitOfWork.GetPurchasesSP(Int32 pageIndex, Int32 pageSize, String orderBy, PurchaseSearchDto search) in C:\Users\Nasim Reza\Desktop\Final Project\aspnet-b11-nasim\src\DevSkill.Inventory.sln\DevSkill.Inventory.Infrastructure\ApplicationUnitOfWork.cs:line 116
   at DevSkill.Inventory.Application.Features.Purchases.Queries.GetPurchasesSPQueryHandler.Handle(GetPurchasesSPQuery request, CancellationToken cancellationToken) in C:\Users\Nasim Reza\Desktop\Final Project\aspnet-b11-nasim\src\DevSkill.Inventory.sln\DevSkill.Inventory.Application\Features\Purchases\Queries\GetPurchasesSPQueryHandler.cs:line 22
   at DevSkill.Inventory.Web.Areas.Admin.Controllers.PurchasesController.GetPurchasesJsonData(PurchaseListModel model) in C:\Users\Nasim Reza\Desktop\Final Project\aspnet-b11-nasim\src\DevSkill.Inventory.sln\DevSkill.Inventory.Web\Areas\Admin\Controllers\PurchasesController.cs:line 55
ClientConnectionId:4abecd49-48ca-4918-ae42-ccbfdd98f3db
Error Number:201,State:4,Class:16
2025-07-03 18:09:44.061 +06:00 [ERR] Error loading sales
Microsoft.Data.SqlClient.SqlException (0x80131904): Could not find stored procedure 'GetSales'.
   at Microsoft.Data.SqlClient.SqlCommand.<>c.<ExecuteDbDataReaderAsync>b__195_0(Task`1 result)
   at System.Threading.Tasks.ContinuationResultTaskFromResultTask`2.InnerInvoke()
   at System.Threading.ExecutionContext.RunInternal(ExecutionContext executionContext, ContextCallback callback, Object state)
--- End of stack trace from previous location ---
   at System.Threading.ExecutionContext.RunInternal(ExecutionContext executionContext, ContextCallback callback, Object state)
   at System.Threading.Tasks.Task.ExecuteWithThreadLocal(Task& currentTaskSlot, Thread threadPoolThread)
--- End of stack trace from previous location ---
   at DevSkill.Inventory.Infrastructure.Utilities.SqlUtility.ExecuteQueryAsync[TReturn](DbCommand command) in C:\Users\Nasim Reza\Desktop\Final Project\aspnet-b11-nasim\src\DevSkill.Inventory.sln\DevSkill.Inventory.Infrastructure\Utilities\SqlUtility.cs:line 237
   at DevSkill.Inventory.Infrastructure.Utilities.SqlUtility.QueryWithStoredProcedureAsync[TReturn](String storedProcedureName, IDictionary`2 parameters, IDictionary`2 outParameters) in C:\Users\Nasim Reza\Desktop\Final Project\aspnet-b11-nasim\src\DevSkill.Inventory.sln\DevSkill.Inventory.Infrastructure\Utilities\SqlUtility.cs:line 100
   at DevSkill.Inventory.Infrastructure.Utilities.SqlUtility.QueryWithStoredProcedureAsync[TReturn](String storedProcedureName, IDictionary`2 parameters, IDictionary`2 outParameters) in C:\Users\Nasim Reza\Desktop\Final Project\aspnet-b11-nasim\src\DevSkill.Inventory.sln\DevSkill.Inventory.Infrastructure\Utilities\SqlUtility.cs:line 106
   at DevSkill.Inventory.Infrastructure.ApplicationUnitOfWork.GetSalesSP(Int32 pageIndex, Int32 pageSize, String orderBy, SaleSearchDto search) in C:\Users\Nasim Reza\Desktop\Final Project\aspnet-b11-nasim\src\DevSkill.Inventory.sln\DevSkill.Inventory.Infrastructure\ApplicationUnitOfWork.cs:line 144
   at DevSkill.Inventory.Application.Features.Sales.Queries.GetSalesSPQueryHandler.Handle(GetSalesSPQuery request, CancellationToken cancellationToken) in C:\Users\Nasim Reza\Desktop\Final Project\aspnet-b11-nasim\src\DevSkill.Inventory.sln\DevSkill.Inventory.Application\Features\Sales\Queries\GetSalesSPQueryHandler.cs:line 23
   at DevSkill.Inventory.Web.Areas.Admin.Controllers.SalesController.GetSalesJsonData(SalesListModel model) in C:\Users\Nasim Reza\Desktop\Final Project\aspnet-b11-nasim\src\DevSkill.Inventory.sln\DevSkill.Inventory.Web\Areas\Admin\Controllers\SalesController.cs:line 51
ClientConnectionId:4abecd49-48ca-4918-ae42-ccbfdd98f3db
Error Number:2812,State:62,Class:16
2025-07-03 18:09:45.317 +06:00 [ERR] Error loading purchases
Microsoft.Data.SqlClient.SqlException (0x80131904): Procedure or function 'GetPurchases' expects parameter '@Total', which was not supplied.
   at Microsoft.Data.SqlClient.SqlCommand.<>c.<ExecuteDbDataReaderAsync>b__195_0(Task`1 result)
   at System.Threading.Tasks.ContinuationResultTaskFromResultTask`2.InnerInvoke()
   at System.Threading.ExecutionContext.RunInternal(ExecutionContext executionContext, ContextCallback callback, Object state)
--- End of stack trace from previous location ---
   at System.Threading.ExecutionContext.RunInternal(ExecutionContext executionContext, ContextCallback callback, Object state)
   at System.Threading.Tasks.Task.ExecuteWithThreadLocal(Task& currentTaskSlot, Thread threadPoolThread)
--- End of stack trace from previous location ---
   at DevSkill.Inventory.Infrastructure.Utilities.SqlUtility.ExecuteQueryAsync[TReturn](DbCommand command) in C:\Users\Nasim Reza\Desktop\Final Project\aspnet-b11-nasim\src\DevSkill.Inventory.sln\DevSkill.Inventory.Infrastructure\Utilities\SqlUtility.cs:line 237
   at DevSkill.Inventory.Infrastructure.Utilities.SqlUtility.QueryWithStoredProcedureAsync[TReturn](String storedProcedureName, IDictionary`2 parameters, IDictionary`2 outParameters) in C:\Users\Nasim Reza\Desktop\Final Project\aspnet-b11-nasim\src\DevSkill.Inventory.sln\DevSkill.Inventory.Infrastructure\Utilities\SqlUtility.cs:line 100
   at DevSkill.Inventory.Infrastructure.Utilities.SqlUtility.QueryWithStoredProcedureAsync[TReturn](String storedProcedureName, IDictionary`2 parameters, IDictionary`2 outParameters) in C:\Users\Nasim Reza\Desktop\Final Project\aspnet-b11-nasim\src\DevSkill.Inventory.sln\DevSkill.Inventory.Infrastructure\Utilities\SqlUtility.cs:line 106
   at DevSkill.Inventory.Infrastructure.ApplicationUnitOfWork.GetPurchasesSP(Int32 pageIndex, Int32 pageSize, String orderBy, PurchaseSearchDto search) in C:\Users\Nasim Reza\Desktop\Final Project\aspnet-b11-nasim\src\DevSkill.Inventory.sln\DevSkill.Inventory.Infrastructure\ApplicationUnitOfWork.cs:line 116
   at DevSkill.Inventory.Application.Features.Purchases.Queries.GetPurchasesSPQueryHandler.Handle(GetPurchasesSPQuery request, CancellationToken cancellationToken) in C:\Users\Nasim Reza\Desktop\Final Project\aspnet-b11-nasim\src\DevSkill.Inventory.sln\DevSkill.Inventory.Application\Features\Purchases\Queries\GetPurchasesSPQueryHandler.cs:line 22
   at DevSkill.Inventory.Web.Areas.Admin.Controllers.PurchasesController.GetPurchasesJsonData(PurchaseListModel model) in C:\Users\Nasim Reza\Desktop\Final Project\aspnet-b11-nasim\src\DevSkill.Inventory.sln\DevSkill.Inventory.Web\Areas\Admin\Controllers\PurchasesController.cs:line 55
ClientConnectionId:4abecd49-48ca-4918-ae42-ccbfdd98f3db
Error Number:201,State:4,Class:16
2025-07-03 18:09:46.665 +06:00 [ERR] Error loading sales
Microsoft.Data.SqlClient.SqlException (0x80131904): Could not find stored procedure 'GetSales'.
   at Microsoft.Data.SqlClient.SqlCommand.<>c.<ExecuteDbDataReaderAsync>b__195_0(Task`1 result)
   at System.Threading.Tasks.ContinuationResultTaskFromResultTask`2.InnerInvoke()
   at System.Threading.ExecutionContext.RunInternal(ExecutionContext executionContext, ContextCallback callback, Object state)
--- End of stack trace from previous location ---
   at System.Threading.ExecutionContext.RunInternal(ExecutionContext executionContext, ContextCallback callback, Object state)
   at System.Threading.Tasks.Task.ExecuteWithThreadLocal(Task& currentTaskSlot, Thread threadPoolThread)
--- End of stack trace from previous location ---
   at DevSkill.Inventory.Infrastructure.Utilities.SqlUtility.ExecuteQueryAsync[TReturn](DbCommand command) in C:\Users\Nasim Reza\Desktop\Final Project\aspnet-b11-nasim\src\DevSkill.Inventory.sln\DevSkill.Inventory.Infrastructure\Utilities\SqlUtility.cs:line 237
   at DevSkill.Inventory.Infrastructure.Utilities.SqlUtility.QueryWithStoredProcedureAsync[TReturn](String storedProcedureName, IDictionary`2 parameters, IDictionary`2 outParameters) in C:\Users\Nasim Reza\Desktop\Final Project\aspnet-b11-nasim\src\DevSkill.Inventory.sln\DevSkill.Inventory.Infrastructure\Utilities\SqlUtility.cs:line 100
   at DevSkill.Inventory.Infrastructure.Utilities.SqlUtility.QueryWithStoredProcedureAsync[TReturn](String storedProcedureName, IDictionary`2 parameters, IDictionary`2 outParameters) in C:\Users\Nasim Reza\Desktop\Final Project\aspnet-b11-nasim\src\DevSkill.Inventory.sln\DevSkill.Inventory.Infrastructure\Utilities\SqlUtility.cs:line 106
   at DevSkill.Inventory.Infrastructure.ApplicationUnitOfWork.GetSalesSP(Int32 pageIndex, Int32 pageSize, String orderBy, SaleSearchDto search) in C:\Users\Nasim Reza\Desktop\Final Project\aspnet-b11-nasim\src\DevSkill.Inventory.sln\DevSkill.Inventory.Infrastructure\ApplicationUnitOfWork.cs:line 144
   at DevSkill.Inventory.Application.Features.Sales.Queries.GetSalesSPQueryHandler.Handle(GetSalesSPQuery request, CancellationToken cancellationToken) in C:\Users\Nasim Reza\Desktop\Final Project\aspnet-b11-nasim\src\DevSkill.Inventory.sln\DevSkill.Inventory.Application\Features\Sales\Queries\GetSalesSPQueryHandler.cs:line 23
   at DevSkill.Inventory.Web.Areas.Admin.Controllers.SalesController.GetSalesJsonData(SalesListModel model) in C:\Users\Nasim Reza\Desktop\Final Project\aspnet-b11-nasim\src\DevSkill.Inventory.sln\DevSkill.Inventory.Web\Areas\Admin\Controllers\SalesController.cs:line 51
ClientConnectionId:4abecd49-48ca-4918-ae42-ccbfdd98f3db
Error Number:2812,State:62,Class:16
2025-07-03 18:09:47.233 +06:00 [ERR] Error loading sales return data
Microsoft.Data.SqlClient.SqlException (0x80131904): Could not find stored procedure 'GetSalesReturns'.
   at Microsoft.Data.SqlClient.SqlCommand.<>c.<ExecuteDbDataReaderAsync>b__195_0(Task`1 result)
   at System.Threading.Tasks.ContinuationResultTaskFromResultTask`2.InnerInvoke()
   at System.Threading.ExecutionContext.RunInternal(ExecutionContext executionContext, ContextCallback callback, Object state)
--- End of stack trace from previous location ---
   at System.Threading.ExecutionContext.RunInternal(ExecutionContext executionContext, ContextCallback callback, Object state)
   at System.Threading.Tasks.Task.ExecuteWithThreadLocal(Task& currentTaskSlot, Thread threadPoolThread)
--- End of stack trace from previous location ---
   at DevSkill.Inventory.Infrastructure.Utilities.SqlUtility.ExecuteQueryAsync[TReturn](DbCommand command) in C:\Users\Nasim Reza\Desktop\Final Project\aspnet-b11-nasim\src\DevSkill.Inventory.sln\DevSkill.Inventory.Infrastructure\Utilities\SqlUtility.cs:line 237
   at DevSkill.Inventory.Infrastructure.Utilities.SqlUtility.QueryWithStoredProcedureAsync[TReturn](String storedProcedureName, IDictionary`2 parameters, IDictionary`2 outParameters) in C:\Users\Nasim Reza\Desktop\Final Project\aspnet-b11-nasim\src\DevSkill.Inventory.sln\DevSkill.Inventory.Infrastructure\Utilities\SqlUtility.cs:line 100
   at DevSkill.Inventory.Infrastructure.Utilities.SqlUtility.QueryWithStoredProcedureAsync[TReturn](String storedProcedureName, IDictionary`2 parameters, IDictionary`2 outParameters) in C:\Users\Nasim Reza\Desktop\Final Project\aspnet-b11-nasim\src\DevSkill.Inventory.sln\DevSkill.Inventory.Infrastructure\Utilities\SqlUtility.cs:line 106
   at DevSkill.Inventory.Infrastructure.ApplicationUnitOfWork.GetSalesReturnsSP(Int32 pageIndex, Int32 pageSize, String order, SalesReturnSearchDto search) in C:\Users\Nasim Reza\Desktop\Final Project\aspnet-b11-nasim\src\DevSkill.Inventory.sln\DevSkill.Inventory.Infrastructure\ApplicationUnitOfWork.cs:line 171
   at DevSkill.Inventory.Application.Features.SalesReturns.Queries.GetSalesReturnsSPQueryHandler.Handle(GetSalesReturnsSPQuery request, CancellationToken cancellationToken) in C:\Users\Nasim Reza\Desktop\Final Project\aspnet-b11-nasim\src\DevSkill.Inventory.sln\DevSkill.Inventory.Application\Features\SalesReturns\Queries\GetSalesReturnsQueryHandler.cs:line 23
   at DevSkill.Inventory.Web.Areas.Admin.Controllers.SalesController.GetSalesReturnsJsonData(SalesReturnListModel model) in C:\Users\Nasim Reza\Desktop\Final Project\aspnet-b11-nasim\src\DevSkill.Inventory.sln\DevSkill.Inventory.Web\Areas\Admin\Controllers\SalesController.cs:line 99
ClientConnectionId:4abecd49-48ca-4918-ae42-ccbfdd98f3db
Error Number:2812,State:62,Class:16
2025-07-03 18:10:04.951 +06:00 [ERR] Error loading access setups
Microsoft.Data.SqlClient.SqlException (0x80131904): Could not find stored procedure 'GetAccessSetups'.
   at Microsoft.Data.SqlClient.SqlCommand.<>c.<ExecuteDbDataReaderAsync>b__195_0(Task`1 result)
   at System.Threading.Tasks.ContinuationResultTaskFromResultTask`2.InnerInvoke()
   at System.Threading.ExecutionContext.RunInternal(ExecutionContext executionContext, ContextCallback callback, Object state)
--- End of stack trace from previous location ---
   at System.Threading.ExecutionContext.RunInternal(ExecutionContext executionContext, ContextCallback callback, Object state)
   at System.Threading.Tasks.Task.ExecuteWithThreadLocal(Task& currentTaskSlot, Thread threadPoolThread)
--- End of stack trace from previous location ---
   at DevSkill.Inventory.Infrastructure.Utilities.SqlUtility.ExecuteQueryAsync[TReturn](DbCommand command) in C:\Users\Nasim Reza\Desktop\Final Project\aspnet-b11-nasim\src\DevSkill.Inventory.sln\DevSkill.Inventory.Infrastructure\Utilities\SqlUtility.cs:line 237
   at DevSkill.Inventory.Infrastructure.Utilities.SqlUtility.QueryWithStoredProcedureAsync[TReturn](String storedProcedureName, IDictionary`2 parameters, IDictionary`2 outParameters) in C:\Users\Nasim Reza\Desktop\Final Project\aspnet-b11-nasim\src\DevSkill.Inventory.sln\DevSkill.Inventory.Infrastructure\Utilities\SqlUtility.cs:line 100
   at DevSkill.Inventory.Infrastructure.Utilities.SqlUtility.QueryWithStoredProcedureAsync[TReturn](String storedProcedureName, IDictionary`2 parameters, IDictionary`2 outParameters) in C:\Users\Nasim Reza\Desktop\Final Project\aspnet-b11-nasim\src\DevSkill.Inventory.sln\DevSkill.Inventory.Infrastructure\Utilities\SqlUtility.cs:line 106
   at DevSkill.Inventory.Infrastructure.ApplicationUnitOfWork.GetAccessSetupsSP(Int32 pageIndex, Int32 pageSize, String orderBy, AccessSetupSearchDto search) in C:\Users\Nasim Reza\Desktop\Final Project\aspnet-b11-nasim\src\DevSkill.Inventory.sln\DevSkill.Inventory.Infrastructure\ApplicationUnitOfWork.cs:line 556
   at DevSkill.Inventory.Application.Features.AccessSetups.GetAccessSetupsSPQueryHandler.Handle(GetAccessSetupsSPQuery request, CancellationToken cancellationToken) in C:\Users\Nasim Reza\Desktop\Final Project\aspnet-b11-nasim\src\DevSkill.Inventory.sln\DevSkill.Inventory.Application\Features\AccessSetups\GetAccessSetupsSPQueryHandler.cs:line 24
   at DevSkill.Inventory.Web.Areas.Admin.Controllers.AccessSetupsController.GetAccessSetupsJsonData(AccessSetupListModel model) in C:\Users\Nasim Reza\Desktop\Final Project\aspnet-b11-nasim\src\DevSkill.Inventory.sln\DevSkill.Inventory.Web\Areas\Admin\Controllers\AccessSetupsController.cs:line 51
ClientConnectionId:4abecd49-48ca-4918-ae42-ccbfdd98f3db
Error Number:2812,State:62,Class:16
2025-07-03 18:10:06.350 +06:00 [ERR] Error loading access setups
Microsoft.Data.SqlClient.SqlException (0x80131904): Could not find stored procedure 'GetAccessSetups'.
   at Microsoft.Data.SqlClient.SqlCommand.<>c.<ExecuteDbDataReaderAsync>b__195_0(Task`1 result)
   at System.Threading.Tasks.ContinuationResultTaskFromResultTask`2.InnerInvoke()
   at System.Threading.ExecutionContext.RunInternal(ExecutionContext executionContext, ContextCallback callback, Object state)
--- End of stack trace from previous location ---
   at System.Threading.ExecutionContext.RunInternal(ExecutionContext executionContext, ContextCallback callback, Object state)
   at System.Threading.Tasks.Task.ExecuteWithThreadLocal(Task& currentTaskSlot, Thread threadPoolThread)
--- End of stack trace from previous location ---
   at DevSkill.Inventory.Infrastructure.Utilities.SqlUtility.ExecuteQueryAsync[TReturn](DbCommand command) in C:\Users\Nasim Reza\Desktop\Final Project\aspnet-b11-nasim\src\DevSkill.Inventory.sln\DevSkill.Inventory.Infrastructure\Utilities\SqlUtility.cs:line 237
   at DevSkill.Inventory.Infrastructure.Utilities.SqlUtility.QueryWithStoredProcedureAsync[TReturn](String storedProcedureName, IDictionary`2 parameters, IDictionary`2 outParameters) in C:\Users\Nasim Reza\Desktop\Final Project\aspnet-b11-nasim\src\DevSkill.Inventory.sln\DevSkill.Inventory.Infrastructure\Utilities\SqlUtility.cs:line 100
   at DevSkill.Inventory.Infrastructure.Utilities.SqlUtility.QueryWithStoredProcedureAsync[TReturn](String storedProcedureName, IDictionary`2 parameters, IDictionary`2 outParameters) in C:\Users\Nasim Reza\Desktop\Final Project\aspnet-b11-nasim\src\DevSkill.Inventory.sln\DevSkill.Inventory.Infrastructure\Utilities\SqlUtility.cs:line 106
   at DevSkill.Inventory.Infrastructure.ApplicationUnitOfWork.GetAccessSetupsSP(Int32 pageIndex, Int32 pageSize, String orderBy, AccessSetupSearchDto search) in C:\Users\Nasim Reza\Desktop\Final Project\aspnet-b11-nasim\src\DevSkill.Inventory.sln\DevSkill.Inventory.Infrastructure\ApplicationUnitOfWork.cs:line 556
   at DevSkill.Inventory.Application.Features.AccessSetups.GetAccessSetupsSPQueryHandler.Handle(GetAccessSetupsSPQuery request, CancellationToken cancellationToken) in C:\Users\Nasim Reza\Desktop\Final Project\aspnet-b11-nasim\src\DevSkill.Inventory.sln\DevSkill.Inventory.Application\Features\AccessSetups\GetAccessSetupsSPQueryHandler.cs:line 24
   at DevSkill.Inventory.Web.Areas.Admin.Controllers.AccessSetupsController.GetAccessSetupsJsonData(AccessSetupListModel model) in C:\Users\Nasim Reza\Desktop\Final Project\aspnet-b11-nasim\src\DevSkill.Inventory.sln\DevSkill.Inventory.Web\Areas\Admin\Controllers\AccessSetupsController.cs:line 51
ClientConnectionId:4abecd49-48ca-4918-ae42-ccbfdd98f3db
Error Number:2812,State:62,Class:16
2025-07-03 18:10:17.874 +06:00 [ERR] Error loading purchases
Microsoft.Data.SqlClient.SqlException (0x80131904): Procedure or function 'GetPurchases' expects parameter '@Total', which was not supplied.
   at Microsoft.Data.SqlClient.SqlCommand.<>c.<ExecuteDbDataReaderAsync>b__195_0(Task`1 result)
   at System.Threading.Tasks.ContinuationResultTaskFromResultTask`2.InnerInvoke()
   at System.Threading.ExecutionContext.RunInternal(ExecutionContext executionContext, ContextCallback callback, Object state)
--- End of stack trace from previous location ---
   at System.Threading.ExecutionContext.RunInternal(ExecutionContext executionContext, ContextCallback callback, Object state)
   at System.Threading.Tasks.Task.ExecuteWithThreadLocal(Task& currentTaskSlot, Thread threadPoolThread)
--- End of stack trace from previous location ---
   at DevSkill.Inventory.Infrastructure.Utilities.SqlUtility.ExecuteQueryAsync[TReturn](DbCommand command) in C:\Users\Nasim Reza\Desktop\Final Project\aspnet-b11-nasim\src\DevSkill.Inventory.sln\DevSkill.Inventory.Infrastructure\Utilities\SqlUtility.cs:line 237
   at DevSkill.Inventory.Infrastructure.Utilities.SqlUtility.QueryWithStoredProcedureAsync[TReturn](String storedProcedureName, IDictionary`2 parameters, IDictionary`2 outParameters) in C:\Users\Nasim Reza\Desktop\Final Project\aspnet-b11-nasim\src\DevSkill.Inventory.sln\DevSkill.Inventory.Infrastructure\Utilities\SqlUtility.cs:line 100
   at DevSkill.Inventory.Infrastructure.Utilities.SqlUtility.QueryWithStoredProcedureAsync[TReturn](String storedProcedureName, IDictionary`2 parameters, IDictionary`2 outParameters) in C:\Users\Nasim Reza\Desktop\Final Project\aspnet-b11-nasim\src\DevSkill.Inventory.sln\DevSkill.Inventory.Infrastructure\Utilities\SqlUtility.cs:line 106
   at DevSkill.Inventory.Infrastructure.ApplicationUnitOfWork.GetPurchasesSP(Int32 pageIndex, Int32 pageSize, String orderBy, PurchaseSearchDto search) in C:\Users\Nasim Reza\Desktop\Final Project\aspnet-b11-nasim\src\DevSkill.Inventory.sln\DevSkill.Inventory.Infrastructure\ApplicationUnitOfWork.cs:line 116
   at DevSkill.Inventory.Application.Features.Purchases.Queries.GetPurchasesSPQueryHandler.Handle(GetPurchasesSPQuery request, CancellationToken cancellationToken) in C:\Users\Nasim Reza\Desktop\Final Project\aspnet-b11-nasim\src\DevSkill.Inventory.sln\DevSkill.Inventory.Application\Features\Purchases\Queries\GetPurchasesSPQueryHandler.cs:line 22
   at DevSkill.Inventory.Web.Areas.Admin.Controllers.PurchasesController.GetPurchasesJsonData(PurchaseListModel model) in C:\Users\Nasim Reza\Desktop\Final Project\aspnet-b11-nasim\src\DevSkill.Inventory.sln\DevSkill.Inventory.Web\Areas\Admin\Controllers\PurchasesController.cs:line 55
ClientConnectionId:4abecd49-48ca-4918-ae42-ccbfdd98f3db
Error Number:201,State:4,Class:16
2025-07-03 18:10:21.500 +06:00 [ERR] Error loading purchase returns
Microsoft.Data.SqlClient.SqlException (0x80131904): Could not find stored procedure 'GetPurchaseReturns'.
   at Microsoft.Data.SqlClient.SqlCommand.<>c.<ExecuteDbDataReaderAsync>b__195_0(Task`1 result)
   at System.Threading.Tasks.ContinuationResultTaskFromResultTask`2.InnerInvoke()
   at System.Threading.ExecutionContext.RunInternal(ExecutionContext executionContext, ContextCallback callback, Object state)
--- End of stack trace from previous location ---
   at System.Threading.ExecutionContext.RunInternal(ExecutionContext executionContext, ContextCallback callback, Object state)
   at System.Threading.Tasks.Task.ExecuteWithThreadLocal(Task& currentTaskSlot, Thread threadPoolThread)
--- End of stack trace from previous location ---
   at DevSkill.Inventory.Infrastructure.Utilities.SqlUtility.ExecuteQueryAsync[TReturn](DbCommand command) in C:\Users\Nasim Reza\Desktop\Final Project\aspnet-b11-nasim\src\DevSkill.Inventory.sln\DevSkill.Inventory.Infrastructure\Utilities\SqlUtility.cs:line 237
   at DevSkill.Inventory.Infrastructure.Utilities.SqlUtility.QueryWithStoredProcedureAsync[TReturn](String storedProcedureName, IDictionary`2 parameters, IDictionary`2 outParameters) in C:\Users\Nasim Reza\Desktop\Final Project\aspnet-b11-nasim\src\DevSkill.Inventory.sln\DevSkill.Inventory.Infrastructure\Utilities\SqlUtility.cs:line 100
   at DevSkill.Inventory.Infrastructure.Utilities.SqlUtility.QueryWithStoredProcedureAsync[TReturn](String storedProcedureName, IDictionary`2 parameters, IDictionary`2 outParameters) in C:\Users\Nasim Reza\Desktop\Final Project\aspnet-b11-nasim\src\DevSkill.Inventory.sln\DevSkill.Inventory.Infrastructure\Utilities\SqlUtility.cs:line 106
   at DevSkill.Inventory.Infrastructure.ApplicationUnitOfWork.GetPurchaseReturnsSP(Int32 pageIndex, Int32 pageSize, String order, PurchaseReturnSearchDto search) in C:\Users\Nasim Reza\Desktop\Final Project\aspnet-b11-nasim\src\DevSkill.Inventory.sln\DevSkill.Inventory.Infrastructure\ApplicationUnitOfWork.cs:line 200
   at DevSkill.Inventory.Application.Features.PurchaseReturns.Queries.GetPurchaseReturnsSPQueryHandler.Handle(GetPurchaseReturnsSPQuery request, CancellationToken cancellationToken) in C:\Users\Nasim Reza\Desktop\Final Project\aspnet-b11-nasim\src\DevSkill.Inventory.sln\DevSkill.Inventory.Application\Features\PurchaseReturns\Queries\GetPurchaseReturnsSPQueryHandler.cs:line 23
   at DevSkill.Inventory.Web.Areas.Admin.Controllers.PurchasesController.GetPurchaseReturnsJsonData(PurchaseReturnListModel model) in C:\Users\Nasim Reza\Desktop\Final Project\aspnet-b11-nasim\src\DevSkill.Inventory.sln\DevSkill.Inventory.Web\Areas\Admin\Controllers\PurchasesController.cs:line 103
ClientConnectionId:4abecd49-48ca-4918-ae42-ccbfdd98f3db
Error Number:2812,State:62,Class:16
2025-07-03 18:10:22.506 +06:00 [ERR] Error loading service data
Microsoft.Data.SqlClient.SqlException (0x80131904): Could not find stored procedure 'GetServices'.
   at Microsoft.Data.SqlClient.SqlCommand.<>c.<ExecuteDbDataReaderAsync>b__195_0(Task`1 result)
   at System.Threading.Tasks.ContinuationResultTaskFromResultTask`2.InnerInvoke()
   at System.Threading.ExecutionContext.RunInternal(ExecutionContext executionContext, ContextCallback callback, Object state)
--- End of stack trace from previous location ---
   at System.Threading.ExecutionContext.RunInternal(ExecutionContext executionContext, ContextCallback callback, Object state)
   at System.Threading.Tasks.Task.ExecuteWithThreadLocal(Task& currentTaskSlot, Thread threadPoolThread)
--- End of stack trace from previous location ---
   at DevSkill.Inventory.Infrastructure.Utilities.SqlUtility.ExecuteQueryAsync[TReturn](DbCommand command) in C:\Users\Nasim Reza\Desktop\Final Project\aspnet-b11-nasim\src\DevSkill.Inventory.sln\DevSkill.Inventory.Infrastructure\Utilities\SqlUtility.cs:line 237
   at DevSkill.Inventory.Infrastructure.Utilities.SqlUtility.QueryWithStoredProcedureAsync[TReturn](String storedProcedureName, IDictionary`2 parameters, IDictionary`2 outParameters) in C:\Users\Nasim Reza\Desktop\Final Project\aspnet-b11-nasim\src\DevSkill.Inventory.sln\DevSkill.Inventory.Infrastructure\Utilities\SqlUtility.cs:line 100
   at DevSkill.Inventory.Infrastructure.Utilities.SqlUtility.QueryWithStoredProcedureAsync[TReturn](String storedProcedureName, IDictionary`2 parameters, IDictionary`2 outParameters) in C:\Users\Nasim Reza\Desktop\Final Project\aspnet-b11-nasim\src\DevSkill.Inventory.sln\DevSkill.Inventory.Infrastructure\Utilities\SqlUtility.cs:line 106
   at DevSkill.Inventory.Infrastructure.ApplicationUnitOfWork.GetServicesSP(Int32 pageIndex, Int32 pageSize, String orderBy, ServiceSearchDto search) in C:\Users\Nasim Reza\Desktop\Final Project\aspnet-b11-nasim\src\DevSkill.Inventory.sln\DevSkill.Inventory.Infrastructure\ApplicationUnitOfWork.cs:line 224
   at DevSkill.Inventory.Application.Features.ServiceFeatures.Queries.GetServicesSPQueryHandler.Handle(GetServicesSPQuery request, CancellationToken cancellationToken) in C:\Users\Nasim Reza\Desktop\Final Project\aspnet-b11-nasim\src\DevSkill.Inventory.sln\DevSkill.Inventory.Application\Features\ServiceFeatures\Queries\GetServicesSPQueryHandler.cs:line 23
   at DevSkill.Inventory.Web.Areas.Admin.Controllers.ServicesController.GetServicesJsonData(ServiceListModel model) in C:\Users\Nasim Reza\Desktop\Final Project\aspnet-b11-nasim\src\DevSkill.Inventory.sln\DevSkill.Inventory.Web\Areas\Admin\Controllers\ServicesController.cs:line 46
ClientConnectionId:4abecd49-48ca-4918-ae42-ccbfdd98f3db
Error Number:2812,State:62,Class:16
2025-07-03 18:10:23.722 +06:00 [ERR] Error loading service data
Microsoft.Data.SqlClient.SqlException (0x80131904): Could not find stored procedure 'GetServices'.
   at Microsoft.Data.SqlClient.SqlCommand.<>c.<ExecuteDbDataReaderAsync>b__195_0(Task`1 result)
   at System.Threading.Tasks.ContinuationResultTaskFromResultTask`2.InnerInvoke()
   at System.Threading.ExecutionContext.RunInternal(ExecutionContext executionContext, ContextCallback callback, Object state)
--- End of stack trace from previous location ---
   at System.Threading.ExecutionContext.RunInternal(ExecutionContext executionContext, ContextCallback callback, Object state)
   at System.Threading.Tasks.Task.ExecuteWithThreadLocal(Task& currentTaskSlot, Thread threadPoolThread)
--- End of stack trace from previous location ---
   at DevSkill.Inventory.Infrastructure.Utilities.SqlUtility.ExecuteQueryAsync[TReturn](DbCommand command) in C:\Users\Nasim Reza\Desktop\Final Project\aspnet-b11-nasim\src\DevSkill.Inventory.sln\DevSkill.Inventory.Infrastructure\Utilities\SqlUtility.cs:line 237
   at DevSkill.Inventory.Infrastructure.Utilities.SqlUtility.QueryWithStoredProcedureAsync[TReturn](String storedProcedureName, IDictionary`2 parameters, IDictionary`2 outParameters) in C:\Users\Nasim Reza\Desktop\Final Project\aspnet-b11-nasim\src\DevSkill.Inventory.sln\DevSkill.Inventory.Infrastructure\Utilities\SqlUtility.cs:line 100
   at DevSkill.Inventory.Infrastructure.Utilities.SqlUtility.QueryWithStoredProcedureAsync[TReturn](String storedProcedureName, IDictionary`2 parameters, IDictionary`2 outParameters) in C:\Users\Nasim Reza\Desktop\Final Project\aspnet-b11-nasim\src\DevSkill.Inventory.sln\DevSkill.Inventory.Infrastructure\Utilities\SqlUtility.cs:line 106
   at DevSkill.Inventory.Infrastructure.ApplicationUnitOfWork.GetServicesSP(Int32 pageIndex, Int32 pageSize, String orderBy, ServiceSearchDto search) in C:\Users\Nasim Reza\Desktop\Final Project\aspnet-b11-nasim\src\DevSkill.Inventory.sln\DevSkill.Inventory.Infrastructure\ApplicationUnitOfWork.cs:line 224
   at DevSkill.Inventory.Application.Features.ServiceFeatures.Queries.GetServicesSPQueryHandler.Handle(GetServicesSPQuery request, CancellationToken cancellationToken) in C:\Users\Nasim Reza\Desktop\Final Project\aspnet-b11-nasim\src\DevSkill.Inventory.sln\DevSkill.Inventory.Application\Features\ServiceFeatures\Queries\GetServicesSPQueryHandler.cs:line 23
   at DevSkill.Inventory.Web.Areas.Admin.Controllers.ServicesController.GetServicesJsonData(ServiceListModel model) in C:\Users\Nasim Reza\Desktop\Final Project\aspnet-b11-nasim\src\DevSkill.Inventory.sln\DevSkill.Inventory.Web\Areas\Admin\Controllers\ServicesController.cs:line 46
ClientConnectionId:4abecd49-48ca-4918-ae42-ccbfdd98f3db
Error Number:2812,State:62,Class:16
2025-07-03 18:10:24.907 +06:00 [ERR] Error loading purchase returns
Microsoft.Data.SqlClient.SqlException (0x80131904): Could not find stored procedure 'GetPurchaseReturns'.
   at Microsoft.Data.SqlClient.SqlCommand.<>c.<ExecuteDbDataReaderAsync>b__195_0(Task`1 result)
   at System.Threading.Tasks.ContinuationResultTaskFromResultTask`2.InnerInvoke()
   at System.Threading.ExecutionContext.RunInternal(ExecutionContext executionContext, ContextCallback callback, Object state)
--- End of stack trace from previous location ---
   at System.Threading.ExecutionContext.RunInternal(ExecutionContext executionContext, ContextCallback callback, Object state)
   at System.Threading.Tasks.Task.ExecuteWithThreadLocal(Task& currentTaskSlot, Thread threadPoolThread)
--- End of stack trace from previous location ---
   at DevSkill.Inventory.Infrastructure.Utilities.SqlUtility.ExecuteQueryAsync[TReturn](DbCommand command) in C:\Users\Nasim Reza\Desktop\Final Project\aspnet-b11-nasim\src\DevSkill.Inventory.sln\DevSkill.Inventory.Infrastructure\Utilities\SqlUtility.cs:line 237
   at DevSkill.Inventory.Infrastructure.Utilities.SqlUtility.QueryWithStoredProcedureAsync[TReturn](String storedProcedureName, IDictionary`2 parameters, IDictionary`2 outParameters) in C:\Users\Nasim Reza\Desktop\Final Project\aspnet-b11-nasim\src\DevSkill.Inventory.sln\DevSkill.Inventory.Infrastructure\Utilities\SqlUtility.cs:line 100
   at DevSkill.Inventory.Infrastructure.Utilities.SqlUtility.QueryWithStoredProcedureAsync[TReturn](String storedProcedureName, IDictionary`2 parameters, IDictionary`2 outParameters) in C:\Users\Nasim Reza\Desktop\Final Project\aspnet-b11-nasim\src\DevSkill.Inventory.sln\DevSkill.Inventory.Infrastructure\Utilities\SqlUtility.cs:line 106
   at DevSkill.Inventory.Infrastructure.ApplicationUnitOfWork.GetPurchaseReturnsSP(Int32 pageIndex, Int32 pageSize, String order, PurchaseReturnSearchDto search) in C:\Users\Nasim Reza\Desktop\Final Project\aspnet-b11-nasim\src\DevSkill.Inventory.sln\DevSkill.Inventory.Infrastructure\ApplicationUnitOfWork.cs:line 200
   at DevSkill.Inventory.Application.Features.PurchaseReturns.Queries.GetPurchaseReturnsSPQueryHandler.Handle(GetPurchaseReturnsSPQuery request, CancellationToken cancellationToken) in C:\Users\Nasim Reza\Desktop\Final Project\aspnet-b11-nasim\src\DevSkill.Inventory.sln\DevSkill.Inventory.Application\Features\PurchaseReturns\Queries\GetPurchaseReturnsSPQueryHandler.cs:line 23
   at DevSkill.Inventory.Web.Areas.Admin.Controllers.PurchasesController.GetPurchaseReturnsJsonData(PurchaseReturnListModel model) in C:\Users\Nasim Reza\Desktop\Final Project\aspnet-b11-nasim\src\DevSkill.Inventory.sln\DevSkill.Inventory.Web\Areas\Admin\Controllers\PurchasesController.cs:line 103
ClientConnectionId:4abecd49-48ca-4918-ae42-ccbfdd98f3db
Error Number:2812,State:62,Class:16
2025-07-03 18:10:28.836 +06:00 [ERR] Error loading sales
Microsoft.Data.SqlClient.SqlException (0x80131904): Could not find stored procedure 'GetSales'.
   at Microsoft.Data.SqlClient.SqlCommand.<>c.<ExecuteDbDataReaderAsync>b__195_0(Task`1 result)
   at System.Threading.Tasks.ContinuationResultTaskFromResultTask`2.InnerInvoke()
   at System.Threading.ExecutionContext.RunInternal(ExecutionContext executionContext, ContextCallback callback, Object state)
--- End of stack trace from previous location ---
   at System.Threading.ExecutionContext.RunInternal(ExecutionContext executionContext, ContextCallback callback, Object state)
   at System.Threading.Tasks.Task.ExecuteWithThreadLocal(Task& currentTaskSlot, Thread threadPoolThread)
--- End of stack trace from previous location ---
   at DevSkill.Inventory.Infrastructure.Utilities.SqlUtility.ExecuteQueryAsync[TReturn](DbCommand command) in C:\Users\Nasim Reza\Desktop\Final Project\aspnet-b11-nasim\src\DevSkill.Inventory.sln\DevSkill.Inventory.Infrastructure\Utilities\SqlUtility.cs:line 237
   at DevSkill.Inventory.Infrastructure.Utilities.SqlUtility.QueryWithStoredProcedureAsync[TReturn](String storedProcedureName, IDictionary`2 parameters, IDictionary`2 outParameters) in C:\Users\Nasim Reza\Desktop\Final Project\aspnet-b11-nasim\src\DevSkill.Inventory.sln\DevSkill.Inventory.Infrastructure\Utilities\SqlUtility.cs:line 100
   at DevSkill.Inventory.Infrastructure.Utilities.SqlUtility.QueryWithStoredProcedureAsync[TReturn](String storedProcedureName, IDictionary`2 parameters, IDictionary`2 outParameters) in C:\Users\Nasim Reza\Desktop\Final Project\aspnet-b11-nasim\src\DevSkill.Inventory.sln\DevSkill.Inventory.Infrastructure\Utilities\SqlUtility.cs:line 106
   at DevSkill.Inventory.Infrastructure.ApplicationUnitOfWork.GetSalesSP(Int32 pageIndex, Int32 pageSize, String orderBy, SaleSearchDto search) in C:\Users\Nasim Reza\Desktop\Final Project\aspnet-b11-nasim\src\DevSkill.Inventory.sln\DevSkill.Inventory.Infrastructure\ApplicationUnitOfWork.cs:line 144
   at DevSkill.Inventory.Application.Features.Sales.Queries.GetSalesSPQueryHandler.Handle(GetSalesSPQuery request, CancellationToken cancellationToken) in C:\Users\Nasim Reza\Desktop\Final Project\aspnet-b11-nasim\src\DevSkill.Inventory.sln\DevSkill.Inventory.Application\Features\Sales\Queries\GetSalesSPQueryHandler.cs:line 23
   at DevSkill.Inventory.Web.Areas.Admin.Controllers.SalesController.GetSalesJsonData(SalesListModel model) in C:\Users\Nasim Reza\Desktop\Final Project\aspnet-b11-nasim\src\DevSkill.Inventory.sln\DevSkill.Inventory.Web\Areas\Admin\Controllers\SalesController.cs:line 51
ClientConnectionId:4abecd49-48ca-4918-ae42-ccbfdd98f3db
Error Number:2812,State:62,Class:16
2025-07-03 18:27:38.230 +06:00 [INF] Application Starting...17-jan
2025-07-03 18:27:38.263 +06:00 [INF] This is Nasim Reza Hridoy
2025-07-03 18:27:38.263 +06:00 [ERR] An error occurred while starting the application.
2025-07-03 18:27:41.345 +06:00 [INF] This is Nasim Reza
2025-07-03 18:27:41.367 +06:00 [INF] This is a test log entry to verify database logging.
2025-07-03 18:27:43.139 +06:00 [ERR] Error loading sales
Microsoft.Data.SqlClient.SqlException (0x80131904): Could not find stored procedure 'GetSales'.
   at Microsoft.Data.SqlClient.SqlCommand.<>c.<ExecuteDbDataReaderAsync>b__195_0(Task`1 result)
   at System.Threading.Tasks.ContinuationResultTaskFromResultTask`2.InnerInvoke()
   at System.Threading.ExecutionContext.RunInternal(ExecutionContext executionContext, ContextCallback callback, Object state)
--- End of stack trace from previous location ---
   at System.Threading.ExecutionContext.RunInternal(ExecutionContext executionContext, ContextCallback callback, Object state)
   at System.Threading.Tasks.Task.ExecuteWithThreadLocal(Task& currentTaskSlot, Thread threadPoolThread)
--- End of stack trace from previous location ---
   at DevSkill.Inventory.Infrastructure.Utilities.SqlUtility.ExecuteQueryAsync[TReturn](DbCommand command) in C:\Users\Nasim Reza\Desktop\Final Project\aspnet-b11-nasim\src\DevSkill.Inventory.sln\DevSkill.Inventory.Infrastructure\Utilities\SqlUtility.cs:line 237
   at DevSkill.Inventory.Infrastructure.Utilities.SqlUtility.QueryWithStoredProcedureAsync[TReturn](String storedProcedureName, IDictionary`2 parameters, IDictionary`2 outParameters) in C:\Users\Nasim Reza\Desktop\Final Project\aspnet-b11-nasim\src\DevSkill.Inventory.sln\DevSkill.Inventory.Infrastructure\Utilities\SqlUtility.cs:line 100
   at DevSkill.Inventory.Infrastructure.Utilities.SqlUtility.QueryWithStoredProcedureAsync[TReturn](String storedProcedureName, IDictionary`2 parameters, IDictionary`2 outParameters) in C:\Users\Nasim Reza\Desktop\Final Project\aspnet-b11-nasim\src\DevSkill.Inventory.sln\DevSkill.Inventory.Infrastructure\Utilities\SqlUtility.cs:line 106
   at DevSkill.Inventory.Infrastructure.ApplicationUnitOfWork.GetSalesSP(Int32 pageIndex, Int32 pageSize, String orderBy, SaleSearchDto search) in C:\Users\Nasim Reza\Desktop\Final Project\aspnet-b11-nasim\src\DevSkill.Inventory.sln\DevSkill.Inventory.Infrastructure\ApplicationUnitOfWork.cs:line 144
   at DevSkill.Inventory.Application.Features.Sales.Queries.GetSalesSPQueryHandler.Handle(GetSalesSPQuery request, CancellationToken cancellationToken) in C:\Users\Nasim Reza\Desktop\Final Project\aspnet-b11-nasim\src\DevSkill.Inventory.sln\DevSkill.Inventory.Application\Features\Sales\Queries\GetSalesSPQueryHandler.cs:line 24
   at DevSkill.Inventory.Web.Areas.Admin.Controllers.SalesController.GetSalesJsonData(SalesListModel model) in C:\Users\Nasim Reza\Desktop\Final Project\aspnet-b11-nasim\src\DevSkill.Inventory.sln\DevSkill.Inventory.Web\Areas\Admin\Controllers\SalesController.cs:line 51
ClientConnectionId:8eecd54e-ad8a-4979-ae74-5d3523639cd1
Error Number:2812,State:62,Class:16
2025-07-03 18:27:55.295 +06:00 [ERR] Error loading purchases
Microsoft.Data.SqlClient.SqlException (0x80131904): Procedure or function 'GetPurchases' expects parameter '@Total', which was not supplied.
   at Microsoft.Data.SqlClient.SqlCommand.<>c.<ExecuteDbDataReaderAsync>b__195_0(Task`1 result)
   at System.Threading.Tasks.ContinuationResultTaskFromResultTask`2.InnerInvoke()
   at System.Threading.ExecutionContext.RunInternal(ExecutionContext executionContext, ContextCallback callback, Object state)
--- End of stack trace from previous location ---
   at System.Threading.ExecutionContext.RunInternal(ExecutionContext executionContext, ContextCallback callback, Object state)
   at System.Threading.Tasks.Task.ExecuteWithThreadLocal(Task& currentTaskSlot, Thread threadPoolThread)
--- End of stack trace from previous location ---
   at DevSkill.Inventory.Infrastructure.Utilities.SqlUtility.ExecuteQueryAsync[TReturn](DbCommand command) in C:\Users\Nasim Reza\Desktop\Final Project\aspnet-b11-nasim\src\DevSkill.Inventory.sln\DevSkill.Inventory.Infrastructure\Utilities\SqlUtility.cs:line 237
   at DevSkill.Inventory.Infrastructure.Utilities.SqlUtility.QueryWithStoredProcedureAsync[TReturn](String storedProcedureName, IDictionary`2 parameters, IDictionary`2 outParameters) in C:\Users\Nasim Reza\Desktop\Final Project\aspnet-b11-nasim\src\DevSkill.Inventory.sln\DevSkill.Inventory.Infrastructure\Utilities\SqlUtility.cs:line 100
   at DevSkill.Inventory.Infrastructure.Utilities.SqlUtility.QueryWithStoredProcedureAsync[TReturn](String storedProcedureName, IDictionary`2 parameters, IDictionary`2 outParameters) in C:\Users\Nasim Reza\Desktop\Final Project\aspnet-b11-nasim\src\DevSkill.Inventory.sln\DevSkill.Inventory.Infrastructure\Utilities\SqlUtility.cs:line 106
   at DevSkill.Inventory.Infrastructure.ApplicationUnitOfWork.GetPurchasesSP(Int32 pageIndex, Int32 pageSize, String orderBy, PurchaseSearchDto search) in C:\Users\Nasim Reza\Desktop\Final Project\aspnet-b11-nasim\src\DevSkill.Inventory.sln\DevSkill.Inventory.Infrastructure\ApplicationUnitOfWork.cs:line 116
   at DevSkill.Inventory.Application.Features.Purchases.Queries.GetPurchasesSPQueryHandler.Handle(GetPurchasesSPQuery request, CancellationToken cancellationToken) in C:\Users\Nasim Reza\Desktop\Final Project\aspnet-b11-nasim\src\DevSkill.Inventory.sln\DevSkill.Inventory.Application\Features\Purchases\Queries\GetPurchasesSPQueryHandler.cs:line 22
   at DevSkill.Inventory.Web.Areas.Admin.Controllers.PurchasesController.GetPurchasesJsonData(PurchaseListModel model) in C:\Users\Nasim Reza\Desktop\Final Project\aspnet-b11-nasim\src\DevSkill.Inventory.sln\DevSkill.Inventory.Web\Areas\Admin\Controllers\PurchasesController.cs:line 55
ClientConnectionId:8eecd54e-ad8a-4979-ae74-5d3523639cd1
Error Number:201,State:4,Class:16
2025-07-03 18:27:56.658 +06:00 [ERR] Error loading purchases
Microsoft.Data.SqlClient.SqlException (0x80131904): Procedure or function 'GetPurchases' expects parameter '@Total', which was not supplied.
   at Microsoft.Data.SqlClient.SqlCommand.<>c.<ExecuteDbDataReaderAsync>b__195_0(Task`1 result)
   at System.Threading.Tasks.ContinuationResultTaskFromResultTask`2.InnerInvoke()
   at System.Threading.ExecutionContext.RunInternal(ExecutionContext executionContext, ContextCallback callback, Object state)
--- End of stack trace from previous location ---
   at System.Threading.ExecutionContext.RunInternal(ExecutionContext executionContext, ContextCallback callback, Object state)
   at System.Threading.Tasks.Task.ExecuteWithThreadLocal(Task& currentTaskSlot, Thread threadPoolThread)
--- End of stack trace from previous location ---
   at DevSkill.Inventory.Infrastructure.Utilities.SqlUtility.ExecuteQueryAsync[TReturn](DbCommand command) in C:\Users\Nasim Reza\Desktop\Final Project\aspnet-b11-nasim\src\DevSkill.Inventory.sln\DevSkill.Inventory.Infrastructure\Utilities\SqlUtility.cs:line 237
   at DevSkill.Inventory.Infrastructure.Utilities.SqlUtility.QueryWithStoredProcedureAsync[TReturn](String storedProcedureName, IDictionary`2 parameters, IDictionary`2 outParameters) in C:\Users\Nasim Reza\Desktop\Final Project\aspnet-b11-nasim\src\DevSkill.Inventory.sln\DevSkill.Inventory.Infrastructure\Utilities\SqlUtility.cs:line 100
   at DevSkill.Inventory.Infrastructure.Utilities.SqlUtility.QueryWithStoredProcedureAsync[TReturn](String storedProcedureName, IDictionary`2 parameters, IDictionary`2 outParameters) in C:\Users\Nasim Reza\Desktop\Final Project\aspnet-b11-nasim\src\DevSkill.Inventory.sln\DevSkill.Inventory.Infrastructure\Utilities\SqlUtility.cs:line 106
   at DevSkill.Inventory.Infrastructure.ApplicationUnitOfWork.GetPurchasesSP(Int32 pageIndex, Int32 pageSize, String orderBy, PurchaseSearchDto search) in C:\Users\Nasim Reza\Desktop\Final Project\aspnet-b11-nasim\src\DevSkill.Inventory.sln\DevSkill.Inventory.Infrastructure\ApplicationUnitOfWork.cs:line 116
   at DevSkill.Inventory.Application.Features.Purchases.Queries.GetPurchasesSPQueryHandler.Handle(GetPurchasesSPQuery request, CancellationToken cancellationToken) in C:\Users\Nasim Reza\Desktop\Final Project\aspnet-b11-nasim\src\DevSkill.Inventory.sln\DevSkill.Inventory.Application\Features\Purchases\Queries\GetPurchasesSPQueryHandler.cs:line 22
   at DevSkill.Inventory.Web.Areas.Admin.Controllers.PurchasesController.GetPurchasesJsonData(PurchaseListModel model) in C:\Users\Nasim Reza\Desktop\Final Project\aspnet-b11-nasim\src\DevSkill.Inventory.sln\DevSkill.Inventory.Web\Areas\Admin\Controllers\PurchasesController.cs:line 55
ClientConnectionId:8eecd54e-ad8a-4979-ae74-5d3523639cd1
Error Number:201,State:4,Class:16
2025-07-03 18:27:57.300 +06:00 [ERR] Error loading sales
Microsoft.Data.SqlClient.SqlException (0x80131904): Could not find stored procedure 'GetSales'.
   at Microsoft.Data.SqlClient.SqlCommand.<>c.<ExecuteDbDataReaderAsync>b__195_0(Task`1 result)
   at System.Threading.Tasks.ContinuationResultTaskFromResultTask`2.InnerInvoke()
   at System.Threading.ExecutionContext.RunInternal(ExecutionContext executionContext, ContextCallback callback, Object state)
--- End of stack trace from previous location ---
   at System.Threading.ExecutionContext.RunInternal(ExecutionContext executionContext, ContextCallback callback, Object state)
   at System.Threading.Tasks.Task.ExecuteWithThreadLocal(Task& currentTaskSlot, Thread threadPoolThread)
--- End of stack trace from previous location ---
   at DevSkill.Inventory.Infrastructure.Utilities.SqlUtility.ExecuteQueryAsync[TReturn](DbCommand command) in C:\Users\Nasim Reza\Desktop\Final Project\aspnet-b11-nasim\src\DevSkill.Inventory.sln\DevSkill.Inventory.Infrastructure\Utilities\SqlUtility.cs:line 237
   at DevSkill.Inventory.Infrastructure.Utilities.SqlUtility.QueryWithStoredProcedureAsync[TReturn](String storedProcedureName, IDictionary`2 parameters, IDictionary`2 outParameters) in C:\Users\Nasim Reza\Desktop\Final Project\aspnet-b11-nasim\src\DevSkill.Inventory.sln\DevSkill.Inventory.Infrastructure\Utilities\SqlUtility.cs:line 100
   at DevSkill.Inventory.Infrastructure.Utilities.SqlUtility.QueryWithStoredProcedureAsync[TReturn](String storedProcedureName, IDictionary`2 parameters, IDictionary`2 outParameters) in C:\Users\Nasim Reza\Desktop\Final Project\aspnet-b11-nasim\src\DevSkill.Inventory.sln\DevSkill.Inventory.Infrastructure\Utilities\SqlUtility.cs:line 106
   at DevSkill.Inventory.Infrastructure.ApplicationUnitOfWork.GetSalesSP(Int32 pageIndex, Int32 pageSize, String orderBy, SaleSearchDto search) in C:\Users\Nasim Reza\Desktop\Final Project\aspnet-b11-nasim\src\DevSkill.Inventory.sln\DevSkill.Inventory.Infrastructure\ApplicationUnitOfWork.cs:line 144
   at DevSkill.Inventory.Application.Features.Sales.Queries.GetSalesSPQueryHandler.Handle(GetSalesSPQuery request, CancellationToken cancellationToken) in C:\Users\Nasim Reza\Desktop\Final Project\aspnet-b11-nasim\src\DevSkill.Inventory.sln\DevSkill.Inventory.Application\Features\Sales\Queries\GetSalesSPQueryHandler.cs:line 24
   at DevSkill.Inventory.Web.Areas.Admin.Controllers.SalesController.GetSalesJsonData(SalesListModel model) in C:\Users\Nasim Reza\Desktop\Final Project\aspnet-b11-nasim\src\DevSkill.Inventory.sln\DevSkill.Inventory.Web\Areas\Admin\Controllers\SalesController.cs:line 51
ClientConnectionId:8eecd54e-ad8a-4979-ae74-5d3523639cd1
Error Number:2812,State:62,Class:16
2025-07-03 18:27:58.120 +06:00 [ERR] Error loading sales
Microsoft.Data.SqlClient.SqlException (0x80131904): Could not find stored procedure 'GetSales'.
   at Microsoft.Data.SqlClient.SqlCommand.<>c.<ExecuteDbDataReaderAsync>b__195_0(Task`1 result)
   at System.Threading.Tasks.ContinuationResultTaskFromResultTask`2.InnerInvoke()
   at System.Threading.ExecutionContext.RunInternal(ExecutionContext executionContext, ContextCallback callback, Object state)
--- End of stack trace from previous location ---
   at System.Threading.ExecutionContext.RunInternal(ExecutionContext executionContext, ContextCallback callback, Object state)
   at System.Threading.Tasks.Task.ExecuteWithThreadLocal(Task& currentTaskSlot, Thread threadPoolThread)
--- End of stack trace from previous location ---
   at DevSkill.Inventory.Infrastructure.Utilities.SqlUtility.ExecuteQueryAsync[TReturn](DbCommand command) in C:\Users\Nasim Reza\Desktop\Final Project\aspnet-b11-nasim\src\DevSkill.Inventory.sln\DevSkill.Inventory.Infrastructure\Utilities\SqlUtility.cs:line 237
   at DevSkill.Inventory.Infrastructure.Utilities.SqlUtility.QueryWithStoredProcedureAsync[TReturn](String storedProcedureName, IDictionary`2 parameters, IDictionary`2 outParameters) in C:\Users\Nasim Reza\Desktop\Final Project\aspnet-b11-nasim\src\DevSkill.Inventory.sln\DevSkill.Inventory.Infrastructure\Utilities\SqlUtility.cs:line 100
   at DevSkill.Inventory.Infrastructure.Utilities.SqlUtility.QueryWithStoredProcedureAsync[TReturn](String storedProcedureName, IDictionary`2 parameters, IDictionary`2 outParameters) in C:\Users\Nasim Reza\Desktop\Final Project\aspnet-b11-nasim\src\DevSkill.Inventory.sln\DevSkill.Inventory.Infrastructure\Utilities\SqlUtility.cs:line 106
   at DevSkill.Inventory.Infrastructure.ApplicationUnitOfWork.GetSalesSP(Int32 pageIndex, Int32 pageSize, String orderBy, SaleSearchDto search) in C:\Users\Nasim Reza\Desktop\Final Project\aspnet-b11-nasim\src\DevSkill.Inventory.sln\DevSkill.Inventory.Infrastructure\ApplicationUnitOfWork.cs:line 144
   at DevSkill.Inventory.Application.Features.Sales.Queries.GetSalesSPQueryHandler.Handle(GetSalesSPQuery request, CancellationToken cancellationToken) in C:\Users\Nasim Reza\Desktop\Final Project\aspnet-b11-nasim\src\DevSkill.Inventory.sln\DevSkill.Inventory.Application\Features\Sales\Queries\GetSalesSPQueryHandler.cs:line 24
   at DevSkill.Inventory.Web.Areas.Admin.Controllers.SalesController.GetSalesJsonData(SalesListModel model) in C:\Users\Nasim Reza\Desktop\Final Project\aspnet-b11-nasim\src\DevSkill.Inventory.sln\DevSkill.Inventory.Web\Areas\Admin\Controllers\SalesController.cs:line 51
ClientConnectionId:8eecd54e-ad8a-4979-ae74-5d3523639cd1
Error Number:2812,State:62,Class:16
2025-07-03 18:27:58.686 +06:00 [ERR] Error loading sales return data
Microsoft.Data.SqlClient.SqlException (0x80131904): Could not find stored procedure 'GetSalesReturns'.
   at Microsoft.Data.SqlClient.SqlCommand.<>c.<ExecuteDbDataReaderAsync>b__195_0(Task`1 result)
   at System.Threading.Tasks.ContinuationResultTaskFromResultTask`2.InnerInvoke()
   at System.Threading.ExecutionContext.RunInternal(ExecutionContext executionContext, ContextCallback callback, Object state)
--- End of stack trace from previous location ---
   at System.Threading.ExecutionContext.RunInternal(ExecutionContext executionContext, ContextCallback callback, Object state)
   at System.Threading.Tasks.Task.ExecuteWithThreadLocal(Task& currentTaskSlot, Thread threadPoolThread)
--- End of stack trace from previous location ---
   at DevSkill.Inventory.Infrastructure.Utilities.SqlUtility.ExecuteQueryAsync[TReturn](DbCommand command) in C:\Users\Nasim Reza\Desktop\Final Project\aspnet-b11-nasim\src\DevSkill.Inventory.sln\DevSkill.Inventory.Infrastructure\Utilities\SqlUtility.cs:line 237
   at DevSkill.Inventory.Infrastructure.Utilities.SqlUtility.QueryWithStoredProcedureAsync[TReturn](String storedProcedureName, IDictionary`2 parameters, IDictionary`2 outParameters) in C:\Users\Nasim Reza\Desktop\Final Project\aspnet-b11-nasim\src\DevSkill.Inventory.sln\DevSkill.Inventory.Infrastructure\Utilities\SqlUtility.cs:line 100
   at DevSkill.Inventory.Infrastructure.Utilities.SqlUtility.QueryWithStoredProcedureAsync[TReturn](String storedProcedureName, IDictionary`2 parameters, IDictionary`2 outParameters) in C:\Users\Nasim Reza\Desktop\Final Project\aspnet-b11-nasim\src\DevSkill.Inventory.sln\DevSkill.Inventory.Infrastructure\Utilities\SqlUtility.cs:line 106
   at DevSkill.Inventory.Infrastructure.ApplicationUnitOfWork.GetSalesReturnsSP(Int32 pageIndex, Int32 pageSize, String order, SalesReturnSearchDto search) in C:\Users\Nasim Reza\Desktop\Final Project\aspnet-b11-nasim\src\DevSkill.Inventory.sln\DevSkill.Inventory.Infrastructure\ApplicationUnitOfWork.cs:line 171
   at DevSkill.Inventory.Application.Features.SalesReturns.Queries.GetSalesReturnsSPQueryHandler.Handle(GetSalesReturnsSPQuery request, CancellationToken cancellationToken) in C:\Users\Nasim Reza\Desktop\Final Project\aspnet-b11-nasim\src\DevSkill.Inventory.sln\DevSkill.Inventory.Application\Features\SalesReturns\Queries\GetSalesReturnsQueryHandler.cs:line 23
   at DevSkill.Inventory.Web.Areas.Admin.Controllers.SalesController.GetSalesReturnsJsonData(SalesReturnListModel model) in C:\Users\Nasim Reza\Desktop\Final Project\aspnet-b11-nasim\src\DevSkill.Inventory.sln\DevSkill.Inventory.Web\Areas\Admin\Controllers\SalesController.cs:line 99
ClientConnectionId:8eecd54e-ad8a-4979-ae74-5d3523639cd1
Error Number:2812,State:62,Class:16
2025-07-03 18:33:29.346 +06:00 [INF] Application Starting...17-jan
2025-07-03 18:33:29.380 +06:00 [INF] This is Nasim Reza Hridoy
2025-07-03 18:33:29.380 +06:00 [ERR] An error occurred while starting the application.
2025-07-03 18:33:32.543 +06:00 [INF] This is Nasim Reza
2025-07-03 18:33:32.574 +06:00 [INF] This is a test log entry to verify database logging.
2025-07-03 18:33:34.778 +06:00 [ERR] Error loading sales return data
Microsoft.Data.SqlClient.SqlException (0x80131904): Could not find stored procedure 'GetSalesReturns'.
   at Microsoft.Data.SqlClient.SqlCommand.<>c.<ExecuteDbDataReaderAsync>b__195_0(Task`1 result)
   at System.Threading.Tasks.ContinuationResultTaskFromResultTask`2.InnerInvoke()
   at System.Threading.ExecutionContext.RunInternal(ExecutionContext executionContext, ContextCallback callback, Object state)
--- End of stack trace from previous location ---
   at System.Threading.ExecutionContext.RunInternal(ExecutionContext executionContext, ContextCallback callback, Object state)
   at System.Threading.Tasks.Task.ExecuteWithThreadLocal(Task& currentTaskSlot, Thread threadPoolThread)
--- End of stack trace from previous location ---
   at DevSkill.Inventory.Infrastructure.Utilities.SqlUtility.ExecuteQueryAsync[TReturn](DbCommand command) in C:\Users\Nasim Reza\Desktop\Final Project\aspnet-b11-nasim\src\DevSkill.Inventory.sln\DevSkill.Inventory.Infrastructure\Utilities\SqlUtility.cs:line 237
   at DevSkill.Inventory.Infrastructure.Utilities.SqlUtility.QueryWithStoredProcedureAsync[TReturn](String storedProcedureName, IDictionary`2 parameters, IDictionary`2 outParameters) in C:\Users\Nasim Reza\Desktop\Final Project\aspnet-b11-nasim\src\DevSkill.Inventory.sln\DevSkill.Inventory.Infrastructure\Utilities\SqlUtility.cs:line 100
   at DevSkill.Inventory.Infrastructure.Utilities.SqlUtility.QueryWithStoredProcedureAsync[TReturn](String storedProcedureName, IDictionary`2 parameters, IDictionary`2 outParameters) in C:\Users\Nasim Reza\Desktop\Final Project\aspnet-b11-nasim\src\DevSkill.Inventory.sln\DevSkill.Inventory.Infrastructure\Utilities\SqlUtility.cs:line 106
   at DevSkill.Inventory.Infrastructure.ApplicationUnitOfWork.GetSalesReturnsSP(Int32 pageIndex, Int32 pageSize, String order, SalesReturnSearchDto search) in C:\Users\Nasim Reza\Desktop\Final Project\aspnet-b11-nasim\src\DevSkill.Inventory.sln\DevSkill.Inventory.Infrastructure\ApplicationUnitOfWork.cs:line 171
   at DevSkill.Inventory.Application.Features.SalesReturns.Queries.GetSalesReturnsSPQueryHandler.Handle(GetSalesReturnsSPQuery request, CancellationToken cancellationToken) in C:\Users\Nasim Reza\Desktop\Final Project\aspnet-b11-nasim\src\DevSkill.Inventory.sln\DevSkill.Inventory.Application\Features\SalesReturns\Queries\GetSalesReturnsQueryHandler.cs:line 23
   at DevSkill.Inventory.Web.Areas.Admin.Controllers.SalesController.GetSalesReturnsJsonData(SalesReturnListModel model) in C:\Users\Nasim Reza\Desktop\Final Project\aspnet-b11-nasim\src\DevSkill.Inventory.sln\DevSkill.Inventory.Web\Areas\Admin\Controllers\SalesController.cs:line 99
ClientConnectionId:524fccda-eca5-45e5-a306-07ebc0771555
Error Number:2812,State:62,Class:16
2025-07-03 18:33:38.926 +06:00 [ERR] Error loading purchases
Microsoft.Data.SqlClient.SqlException (0x80131904): Procedure or function 'GetPurchases' expects parameter '@Total', which was not supplied.
   at Microsoft.Data.SqlClient.SqlCommand.<>c.<ExecuteDbDataReaderAsync>b__195_0(Task`1 result)
   at System.Threading.Tasks.ContinuationResultTaskFromResultTask`2.InnerInvoke()
   at System.Threading.ExecutionContext.RunInternal(ExecutionContext executionContext, ContextCallback callback, Object state)
--- End of stack trace from previous location ---
   at System.Threading.ExecutionContext.RunInternal(ExecutionContext executionContext, ContextCallback callback, Object state)
   at System.Threading.Tasks.Task.ExecuteWithThreadLocal(Task& currentTaskSlot, Thread threadPoolThread)
--- End of stack trace from previous location ---
   at DevSkill.Inventory.Infrastructure.Utilities.SqlUtility.ExecuteQueryAsync[TReturn](DbCommand command) in C:\Users\Nasim Reza\Desktop\Final Project\aspnet-b11-nasim\src\DevSkill.Inventory.sln\DevSkill.Inventory.Infrastructure\Utilities\SqlUtility.cs:line 237
   at DevSkill.Inventory.Infrastructure.Utilities.SqlUtility.QueryWithStoredProcedureAsync[TReturn](String storedProcedureName, IDictionary`2 parameters, IDictionary`2 outParameters) in C:\Users\Nasim Reza\Desktop\Final Project\aspnet-b11-nasim\src\DevSkill.Inventory.sln\DevSkill.Inventory.Infrastructure\Utilities\SqlUtility.cs:line 100
   at DevSkill.Inventory.Infrastructure.Utilities.SqlUtility.QueryWithStoredProcedureAsync[TReturn](String storedProcedureName, IDictionary`2 parameters, IDictionary`2 outParameters) in C:\Users\Nasim Reza\Desktop\Final Project\aspnet-b11-nasim\src\DevSkill.Inventory.sln\DevSkill.Inventory.Infrastructure\Utilities\SqlUtility.cs:line 106
   at DevSkill.Inventory.Infrastructure.ApplicationUnitOfWork.GetPurchasesSP(Int32 pageIndex, Int32 pageSize, String orderBy, PurchaseSearchDto search) in C:\Users\Nasim Reza\Desktop\Final Project\aspnet-b11-nasim\src\DevSkill.Inventory.sln\DevSkill.Inventory.Infrastructure\ApplicationUnitOfWork.cs:line 116
   at DevSkill.Inventory.Application.Features.Purchases.Queries.GetPurchasesSPQueryHandler.Handle(GetPurchasesSPQuery request, CancellationToken cancellationToken) in C:\Users\Nasim Reza\Desktop\Final Project\aspnet-b11-nasim\src\DevSkill.Inventory.sln\DevSkill.Inventory.Application\Features\Purchases\Queries\GetPurchasesSPQueryHandler.cs:line 22
   at DevSkill.Inventory.Web.Areas.Admin.Controllers.PurchasesController.GetPurchasesJsonData(PurchaseListModel model) in C:\Users\Nasim Reza\Desktop\Final Project\aspnet-b11-nasim\src\DevSkill.Inventory.sln\DevSkill.Inventory.Web\Areas\Admin\Controllers\PurchasesController.cs:line 55
ClientConnectionId:524fccda-eca5-45e5-a306-07ebc0771555
Error Number:201,State:4,Class:16
2025-07-03 18:33:44.554 +06:00 [ERR] Error loading sales
Microsoft.Data.SqlClient.SqlException (0x80131904): Could not find stored procedure 'GetSales'.
   at Microsoft.Data.SqlClient.SqlCommand.<>c.<ExecuteDbDataReaderAsync>b__195_0(Task`1 result)
   at System.Threading.Tasks.ContinuationResultTaskFromResultTask`2.InnerInvoke()
   at System.Threading.ExecutionContext.RunInternal(ExecutionContext executionContext, ContextCallback callback, Object state)
--- End of stack trace from previous location ---
   at System.Threading.ExecutionContext.RunInternal(ExecutionContext executionContext, ContextCallback callback, Object state)
   at System.Threading.Tasks.Task.ExecuteWithThreadLocal(Task& currentTaskSlot, Thread threadPoolThread)
--- End of stack trace from previous location ---
   at DevSkill.Inventory.Infrastructure.Utilities.SqlUtility.ExecuteQueryAsync[TReturn](DbCommand command) in C:\Users\Nasim Reza\Desktop\Final Project\aspnet-b11-nasim\src\DevSkill.Inventory.sln\DevSkill.Inventory.Infrastructure\Utilities\SqlUtility.cs:line 237
   at DevSkill.Inventory.Infrastructure.Utilities.SqlUtility.QueryWithStoredProcedureAsync[TReturn](String storedProcedureName, IDictionary`2 parameters, IDictionary`2 outParameters) in C:\Users\Nasim Reza\Desktop\Final Project\aspnet-b11-nasim\src\DevSkill.Inventory.sln\DevSkill.Inventory.Infrastructure\Utilities\SqlUtility.cs:line 100
   at DevSkill.Inventory.Infrastructure.Utilities.SqlUtility.QueryWithStoredProcedureAsync[TReturn](String storedProcedureName, IDictionary`2 parameters, IDictionary`2 outParameters) in C:\Users\Nasim Reza\Desktop\Final Project\aspnet-b11-nasim\src\DevSkill.Inventory.sln\DevSkill.Inventory.Infrastructure\Utilities\SqlUtility.cs:line 106
   at DevSkill.Inventory.Infrastructure.ApplicationUnitOfWork.GetSalesSP(Int32 pageIndex, Int32 pageSize, String orderBy, SaleSearchDto search) in C:\Users\Nasim Reza\Desktop\Final Project\aspnet-b11-nasim\src\DevSkill.Inventory.sln\DevSkill.Inventory.Infrastructure\ApplicationUnitOfWork.cs:line 144
   at DevSkill.Inventory.Application.Features.Sales.Queries.GetSalesSPQueryHandler.Handle(GetSalesSPQuery request, CancellationToken cancellationToken) in C:\Users\Nasim Reza\Desktop\Final Project\aspnet-b11-nasim\src\DevSkill.Inventory.sln\DevSkill.Inventory.Application\Features\Sales\Queries\GetSalesSPQueryHandler.cs:line 24
   at DevSkill.Inventory.Web.Areas.Admin.Controllers.SalesController.GetSalesJsonData(SalesListModel model) in C:\Users\Nasim Reza\Desktop\Final Project\aspnet-b11-nasim\src\DevSkill.Inventory.sln\DevSkill.Inventory.Web\Areas\Admin\Controllers\SalesController.cs:line 51
ClientConnectionId:524fccda-eca5-45e5-a306-07ebc0771555
Error Number:2812,State:62,Class:16
2025-07-03 18:33:46.117 +06:00 [ERR] Error loading purchases
Microsoft.Data.SqlClient.SqlException (0x80131904): Procedure or function 'GetPurchases' expects parameter '@Total', which was not supplied.
   at Microsoft.Data.SqlClient.SqlCommand.<>c.<ExecuteDbDataReaderAsync>b__195_0(Task`1 result)
   at System.Threading.Tasks.ContinuationResultTaskFromResultTask`2.InnerInvoke()
   at System.Threading.ExecutionContext.RunInternal(ExecutionContext executionContext, ContextCallback callback, Object state)
--- End of stack trace from previous location ---
   at System.Threading.ExecutionContext.RunInternal(ExecutionContext executionContext, ContextCallback callback, Object state)
   at System.Threading.Tasks.Task.ExecuteWithThreadLocal(Task& currentTaskSlot, Thread threadPoolThread)
--- End of stack trace from previous location ---
   at DevSkill.Inventory.Infrastructure.Utilities.SqlUtility.ExecuteQueryAsync[TReturn](DbCommand command) in C:\Users\Nasim Reza\Desktop\Final Project\aspnet-b11-nasim\src\DevSkill.Inventory.sln\DevSkill.Inventory.Infrastructure\Utilities\SqlUtility.cs:line 237
   at DevSkill.Inventory.Infrastructure.Utilities.SqlUtility.QueryWithStoredProcedureAsync[TReturn](String storedProcedureName, IDictionary`2 parameters, IDictionary`2 outParameters) in C:\Users\Nasim Reza\Desktop\Final Project\aspnet-b11-nasim\src\DevSkill.Inventory.sln\DevSkill.Inventory.Infrastructure\Utilities\SqlUtility.cs:line 100
   at DevSkill.Inventory.Infrastructure.Utilities.SqlUtility.QueryWithStoredProcedureAsync[TReturn](String storedProcedureName, IDictionary`2 parameters, IDictionary`2 outParameters) in C:\Users\Nasim Reza\Desktop\Final Project\aspnet-b11-nasim\src\DevSkill.Inventory.sln\DevSkill.Inventory.Infrastructure\Utilities\SqlUtility.cs:line 106
   at DevSkill.Inventory.Infrastructure.ApplicationUnitOfWork.GetPurchasesSP(Int32 pageIndex, Int32 pageSize, String orderBy, PurchaseSearchDto search) in C:\Users\Nasim Reza\Desktop\Final Project\aspnet-b11-nasim\src\DevSkill.Inventory.sln\DevSkill.Inventory.Infrastructure\ApplicationUnitOfWork.cs:line 116
   at DevSkill.Inventory.Application.Features.Purchases.Queries.GetPurchasesSPQueryHandler.Handle(GetPurchasesSPQuery request, CancellationToken cancellationToken) in C:\Users\Nasim Reza\Desktop\Final Project\aspnet-b11-nasim\src\DevSkill.Inventory.sln\DevSkill.Inventory.Application\Features\Purchases\Queries\GetPurchasesSPQueryHandler.cs:line 22
   at DevSkill.Inventory.Web.Areas.Admin.Controllers.PurchasesController.GetPurchasesJsonData(PurchaseListModel model) in C:\Users\Nasim Reza\Desktop\Final Project\aspnet-b11-nasim\src\DevSkill.Inventory.sln\DevSkill.Inventory.Web\Areas\Admin\Controllers\PurchasesController.cs:line 55
ClientConnectionId:524fccda-eca5-45e5-a306-07ebc0771555
Error Number:201,State:4,Class:16
2025-07-03 18:36:33.047 +06:00 [INF] Application Starting...17-jan
2025-07-03 18:36:33.080 +06:00 [INF] This is Nasim Reza Hridoy
2025-07-03 18:36:33.080 +06:00 [ERR] An error occurred while starting the application.
2025-07-03 18:36:36.240 +06:00 [INF] This is Nasim Reza
2025-07-03 18:36:36.264 +06:00 [INF] This is a test log entry to verify database logging.
2025-07-03 18:36:38.099 +06:00 [ERR] Error loading purchases
Microsoft.Data.SqlClient.SqlException (0x80131904): Procedure or function 'GetPurchases' expects parameter '@Total', which was not supplied.
   at Microsoft.Data.SqlClient.SqlCommand.<>c.<ExecuteDbDataReaderAsync>b__195_0(Task`1 result)
   at System.Threading.Tasks.ContinuationResultTaskFromResultTask`2.InnerInvoke()
   at System.Threading.ExecutionContext.RunInternal(ExecutionContext executionContext, ContextCallback callback, Object state)
--- End of stack trace from previous location ---
   at System.Threading.ExecutionContext.RunInternal(ExecutionContext executionContext, ContextCallback callback, Object state)
   at System.Threading.Tasks.Task.ExecuteWithThreadLocal(Task& currentTaskSlot, Thread threadPoolThread)
--- End of stack trace from previous location ---
   at DevSkill.Inventory.Infrastructure.Utilities.SqlUtility.ExecuteQueryAsync[TReturn](DbCommand command) in C:\Users\Nasim Reza\Desktop\Final Project\aspnet-b11-nasim\src\DevSkill.Inventory.sln\DevSkill.Inventory.Infrastructure\Utilities\SqlUtility.cs:line 237
   at DevSkill.Inventory.Infrastructure.Utilities.SqlUtility.QueryWithStoredProcedureAsync[TReturn](String storedProcedureName, IDictionary`2 parameters, IDictionary`2 outParameters) in C:\Users\Nasim Reza\Desktop\Final Project\aspnet-b11-nasim\src\DevSkill.Inventory.sln\DevSkill.Inventory.Infrastructure\Utilities\SqlUtility.cs:line 100
   at DevSkill.Inventory.Infrastructure.Utilities.SqlUtility.QueryWithStoredProcedureAsync[TReturn](String storedProcedureName, IDictionary`2 parameters, IDictionary`2 outParameters) in C:\Users\Nasim Reza\Desktop\Final Project\aspnet-b11-nasim\src\DevSkill.Inventory.sln\DevSkill.Inventory.Infrastructure\Utilities\SqlUtility.cs:line 106
   at DevSkill.Inventory.Infrastructure.ApplicationUnitOfWork.GetPurchasesSP(Int32 pageIndex, Int32 pageSize, String orderBy, PurchaseSearchDto search) in C:\Users\Nasim Reza\Desktop\Final Project\aspnet-b11-nasim\src\DevSkill.Inventory.sln\DevSkill.Inventory.Infrastructure\ApplicationUnitOfWork.cs:line 116
   at DevSkill.Inventory.Application.Features.Purchases.Queries.GetPurchasesSPQueryHandler.Handle(GetPurchasesSPQuery request, CancellationToken cancellationToken) in C:\Users\Nasim Reza\Desktop\Final Project\aspnet-b11-nasim\src\DevSkill.Inventory.sln\DevSkill.Inventory.Application\Features\Purchases\Queries\GetPurchasesSPQueryHandler.cs:line 22
   at DevSkill.Inventory.Web.Areas.Admin.Controllers.PurchasesController.GetPurchasesJsonData(PurchaseListModel model) in C:\Users\Nasim Reza\Desktop\Final Project\aspnet-b11-nasim\src\DevSkill.Inventory.sln\DevSkill.Inventory.Web\Areas\Admin\Controllers\PurchasesController.cs:line 55
ClientConnectionId:5045ddac-d26e-43ad-a628-9741a1b87ec5
Error Number:201,State:4,Class:16
2025-07-03 18:36:42.221 +06:00 [ERR] Error loading purchases
Microsoft.Data.SqlClient.SqlException (0x80131904): Procedure or function 'GetPurchases' expects parameter '@Total', which was not supplied.
   at Microsoft.Data.SqlClient.SqlCommand.<>c.<ExecuteDbDataReaderAsync>b__195_0(Task`1 result)
   at System.Threading.Tasks.ContinuationResultTaskFromResultTask`2.InnerInvoke()
   at System.Threading.ExecutionContext.RunInternal(ExecutionContext executionContext, ContextCallback callback, Object state)
--- End of stack trace from previous location ---
   at System.Threading.ExecutionContext.RunInternal(ExecutionContext executionContext, ContextCallback callback, Object state)
   at System.Threading.Tasks.Task.ExecuteWithThreadLocal(Task& currentTaskSlot, Thread threadPoolThread)
--- End of stack trace from previous location ---
   at DevSkill.Inventory.Infrastructure.Utilities.SqlUtility.ExecuteQueryAsync[TReturn](DbCommand command) in C:\Users\Nasim Reza\Desktop\Final Project\aspnet-b11-nasim\src\DevSkill.Inventory.sln\DevSkill.Inventory.Infrastructure\Utilities\SqlUtility.cs:line 237
   at DevSkill.Inventory.Infrastructure.Utilities.SqlUtility.QueryWithStoredProcedureAsync[TReturn](String storedProcedureName, IDictionary`2 parameters, IDictionary`2 outParameters) in C:\Users\Nasim Reza\Desktop\Final Project\aspnet-b11-nasim\src\DevSkill.Inventory.sln\DevSkill.Inventory.Infrastructure\Utilities\SqlUtility.cs:line 100
   at DevSkill.Inventory.Infrastructure.Utilities.SqlUtility.QueryWithStoredProcedureAsync[TReturn](String storedProcedureName, IDictionary`2 parameters, IDictionary`2 outParameters) in C:\Users\Nasim Reza\Desktop\Final Project\aspnet-b11-nasim\src\DevSkill.Inventory.sln\DevSkill.Inventory.Infrastructure\Utilities\SqlUtility.cs:line 106
   at DevSkill.Inventory.Infrastructure.ApplicationUnitOfWork.GetPurchasesSP(Int32 pageIndex, Int32 pageSize, String orderBy, PurchaseSearchDto search) in C:\Users\Nasim Reza\Desktop\Final Project\aspnet-b11-nasim\src\DevSkill.Inventory.sln\DevSkill.Inventory.Infrastructure\ApplicationUnitOfWork.cs:line 116
   at DevSkill.Inventory.Application.Features.Purchases.Queries.GetPurchasesSPQueryHandler.Handle(GetPurchasesSPQuery request, CancellationToken cancellationToken) in C:\Users\Nasim Reza\Desktop\Final Project\aspnet-b11-nasim\src\DevSkill.Inventory.sln\DevSkill.Inventory.Application\Features\Purchases\Queries\GetPurchasesSPQueryHandler.cs:line 22
   at DevSkill.Inventory.Web.Areas.Admin.Controllers.PurchasesController.GetPurchasesJsonData(PurchaseListModel model) in C:\Users\Nasim Reza\Desktop\Final Project\aspnet-b11-nasim\src\DevSkill.Inventory.sln\DevSkill.Inventory.Web\Areas\Admin\Controllers\PurchasesController.cs:line 55
ClientConnectionId:5045ddac-d26e-43ad-a628-9741a1b87ec5
Error Number:201,State:4,Class:16
2025-07-03 18:36:46.315 +06:00 [ERR] Error loading purchases
Microsoft.Data.SqlClient.SqlException (0x80131904): Procedure or function 'GetPurchases' expects parameter '@Total', which was not supplied.
   at Microsoft.Data.SqlClient.SqlCommand.<>c.<ExecuteDbDataReaderAsync>b__195_0(Task`1 result)
   at System.Threading.Tasks.ContinuationResultTaskFromResultTask`2.InnerInvoke()
   at System.Threading.ExecutionContext.RunInternal(ExecutionContext executionContext, ContextCallback callback, Object state)
--- End of stack trace from previous location ---
   at System.Threading.ExecutionContext.RunInternal(ExecutionContext executionContext, ContextCallback callback, Object state)
   at System.Threading.Tasks.Task.ExecuteWithThreadLocal(Task& currentTaskSlot, Thread threadPoolThread)
--- End of stack trace from previous location ---
   at DevSkill.Inventory.Infrastructure.Utilities.SqlUtility.ExecuteQueryAsync[TReturn](DbCommand command) in C:\Users\Nasim Reza\Desktop\Final Project\aspnet-b11-nasim\src\DevSkill.Inventory.sln\DevSkill.Inventory.Infrastructure\Utilities\SqlUtility.cs:line 237
   at DevSkill.Inventory.Infrastructure.Utilities.SqlUtility.QueryWithStoredProcedureAsync[TReturn](String storedProcedureName, IDictionary`2 parameters, IDictionary`2 outParameters) in C:\Users\Nasim Reza\Desktop\Final Project\aspnet-b11-nasim\src\DevSkill.Inventory.sln\DevSkill.Inventory.Infrastructure\Utilities\SqlUtility.cs:line 100
   at DevSkill.Inventory.Infrastructure.Utilities.SqlUtility.QueryWithStoredProcedureAsync[TReturn](String storedProcedureName, IDictionary`2 parameters, IDictionary`2 outParameters) in C:\Users\Nasim Reza\Desktop\Final Project\aspnet-b11-nasim\src\DevSkill.Inventory.sln\DevSkill.Inventory.Infrastructure\Utilities\SqlUtility.cs:line 106
   at DevSkill.Inventory.Infrastructure.ApplicationUnitOfWork.GetPurchasesSP(Int32 pageIndex, Int32 pageSize, String orderBy, PurchaseSearchDto search) in C:\Users\Nasim Reza\Desktop\Final Project\aspnet-b11-nasim\src\DevSkill.Inventory.sln\DevSkill.Inventory.Infrastructure\ApplicationUnitOfWork.cs:line 116
   at DevSkill.Inventory.Application.Features.Purchases.Queries.GetPurchasesSPQueryHandler.Handle(GetPurchasesSPQuery request, CancellationToken cancellationToken) in C:\Users\Nasim Reza\Desktop\Final Project\aspnet-b11-nasim\src\DevSkill.Inventory.sln\DevSkill.Inventory.Application\Features\Purchases\Queries\GetPurchasesSPQueryHandler.cs:line 22
   at DevSkill.Inventory.Web.Areas.Admin.Controllers.PurchasesController.GetPurchasesJsonData(PurchaseListModel model) in C:\Users\Nasim Reza\Desktop\Final Project\aspnet-b11-nasim\src\DevSkill.Inventory.sln\DevSkill.Inventory.Web\Areas\Admin\Controllers\PurchasesController.cs:line 55
ClientConnectionId:5045ddac-d26e-43ad-a628-9741a1b87ec5
Error Number:201,State:4,Class:16
2025-07-03 18:36:48.003 +06:00 [ERR] Error loading purchases
Microsoft.Data.SqlClient.SqlException (0x80131904): Procedure or function 'GetPurchases' expects parameter '@Total', which was not supplied.
   at Microsoft.Data.SqlClient.SqlCommand.<>c.<ExecuteDbDataReaderAsync>b__195_0(Task`1 result)
   at System.Threading.Tasks.ContinuationResultTaskFromResultTask`2.InnerInvoke()
   at System.Threading.ExecutionContext.RunInternal(ExecutionContext executionContext, ContextCallback callback, Object state)
--- End of stack trace from previous location ---
   at System.Threading.ExecutionContext.RunInternal(ExecutionContext executionContext, ContextCallback callback, Object state)
   at System.Threading.Tasks.Task.ExecuteWithThreadLocal(Task& currentTaskSlot, Thread threadPoolThread)
--- End of stack trace from previous location ---
   at DevSkill.Inventory.Infrastructure.Utilities.SqlUtility.ExecuteQueryAsync[TReturn](DbCommand command) in C:\Users\Nasim Reza\Desktop\Final Project\aspnet-b11-nasim\src\DevSkill.Inventory.sln\DevSkill.Inventory.Infrastructure\Utilities\SqlUtility.cs:line 237
   at DevSkill.Inventory.Infrastructure.Utilities.SqlUtility.QueryWithStoredProcedureAsync[TReturn](String storedProcedureName, IDictionary`2 parameters, IDictionary`2 outParameters) in C:\Users\Nasim Reza\Desktop\Final Project\aspnet-b11-nasim\src\DevSkill.Inventory.sln\DevSkill.Inventory.Infrastructure\Utilities\SqlUtility.cs:line 100
   at DevSkill.Inventory.Infrastructure.Utilities.SqlUtility.QueryWithStoredProcedureAsync[TReturn](String storedProcedureName, IDictionary`2 parameters, IDictionary`2 outParameters) in C:\Users\Nasim Reza\Desktop\Final Project\aspnet-b11-nasim\src\DevSkill.Inventory.sln\DevSkill.Inventory.Infrastructure\Utilities\SqlUtility.cs:line 106
   at DevSkill.Inventory.Infrastructure.ApplicationUnitOfWork.GetPurchasesSP(Int32 pageIndex, Int32 pageSize, String orderBy, PurchaseSearchDto search) in C:\Users\Nasim Reza\Desktop\Final Project\aspnet-b11-nasim\src\DevSkill.Inventory.sln\DevSkill.Inventory.Infrastructure\ApplicationUnitOfWork.cs:line 116
   at DevSkill.Inventory.Application.Features.Purchases.Queries.GetPurchasesSPQueryHandler.Handle(GetPurchasesSPQuery request, CancellationToken cancellationToken) in C:\Users\Nasim Reza\Desktop\Final Project\aspnet-b11-nasim\src\DevSkill.Inventory.sln\DevSkill.Inventory.Application\Features\Purchases\Queries\GetPurchasesSPQueryHandler.cs:line 22
   at DevSkill.Inventory.Web.Areas.Admin.Controllers.PurchasesController.GetPurchasesJsonData(PurchaseListModel model) in C:\Users\Nasim Reza\Desktop\Final Project\aspnet-b11-nasim\src\DevSkill.Inventory.sln\DevSkill.Inventory.Web\Areas\Admin\Controllers\PurchasesController.cs:line 55
ClientConnectionId:5045ddac-d26e-43ad-a628-9741a1b87ec5
Error Number:201,State:4,Class:16
2025-07-03 18:36:48.622 +06:00 [ERR] Error loading sales
Microsoft.Data.SqlClient.SqlException (0x80131904): Could not find stored procedure 'GetSales'.
   at Microsoft.Data.SqlClient.SqlCommand.<>c.<ExecuteDbDataReaderAsync>b__195_0(Task`1 result)
   at System.Threading.Tasks.ContinuationResultTaskFromResultTask`2.InnerInvoke()
   at System.Threading.ExecutionContext.RunInternal(ExecutionContext executionContext, ContextCallback callback, Object state)
--- End of stack trace from previous location ---
   at System.Threading.ExecutionContext.RunInternal(ExecutionContext executionContext, ContextCallback callback, Object state)
   at System.Threading.Tasks.Task.ExecuteWithThreadLocal(Task& currentTaskSlot, Thread threadPoolThread)
--- End of stack trace from previous location ---
   at DevSkill.Inventory.Infrastructure.Utilities.SqlUtility.ExecuteQueryAsync[TReturn](DbCommand command) in C:\Users\Nasim Reza\Desktop\Final Project\aspnet-b11-nasim\src\DevSkill.Inventory.sln\DevSkill.Inventory.Infrastructure\Utilities\SqlUtility.cs:line 237
   at DevSkill.Inventory.Infrastructure.Utilities.SqlUtility.QueryWithStoredProcedureAsync[TReturn](String storedProcedureName, IDictionary`2 parameters, IDictionary`2 outParameters) in C:\Users\Nasim Reza\Desktop\Final Project\aspnet-b11-nasim\src\DevSkill.Inventory.sln\DevSkill.Inventory.Infrastructure\Utilities\SqlUtility.cs:line 100
   at DevSkill.Inventory.Infrastructure.Utilities.SqlUtility.QueryWithStoredProcedureAsync[TReturn](String storedProcedureName, IDictionary`2 parameters, IDictionary`2 outParameters) in C:\Users\Nasim Reza\Desktop\Final Project\aspnet-b11-nasim\src\DevSkill.Inventory.sln\DevSkill.Inventory.Infrastructure\Utilities\SqlUtility.cs:line 106
   at DevSkill.Inventory.Infrastructure.ApplicationUnitOfWork.GetSalesSP(Int32 pageIndex, Int32 pageSize, String orderBy, SaleSearchDto search) in C:\Users\Nasim Reza\Desktop\Final Project\aspnet-b11-nasim\src\DevSkill.Inventory.sln\DevSkill.Inventory.Infrastructure\ApplicationUnitOfWork.cs:line 144
   at DevSkill.Inventory.Application.Features.Sales.Queries.GetSalesSPQueryHandler.Handle(GetSalesSPQuery request, CancellationToken cancellationToken) in C:\Users\Nasim Reza\Desktop\Final Project\aspnet-b11-nasim\src\DevSkill.Inventory.sln\DevSkill.Inventory.Application\Features\Sales\Queries\GetSalesSPQueryHandler.cs:line 24
   at DevSkill.Inventory.Web.Areas.Admin.Controllers.SalesController.GetSalesJsonData(SalesListModel model) in C:\Users\Nasim Reza\Desktop\Final Project\aspnet-b11-nasim\src\DevSkill.Inventory.sln\DevSkill.Inventory.Web\Areas\Admin\Controllers\SalesController.cs:line 51
ClientConnectionId:5045ddac-d26e-43ad-a628-9741a1b87ec5
Error Number:2812,State:62,Class:16
2025-07-03 18:36:49.870 +06:00 [ERR] Error loading sales return data
Microsoft.Data.SqlClient.SqlException (0x80131904): Could not find stored procedure 'GetSalesReturns'.
   at Microsoft.Data.SqlClient.SqlCommand.<>c.<ExecuteDbDataReaderAsync>b__195_0(Task`1 result)
   at System.Threading.Tasks.ContinuationResultTaskFromResultTask`2.InnerInvoke()
   at System.Threading.ExecutionContext.RunInternal(ExecutionContext executionContext, ContextCallback callback, Object state)
--- End of stack trace from previous location ---
   at System.Threading.ExecutionContext.RunInternal(ExecutionContext executionContext, ContextCallback callback, Object state)
   at System.Threading.Tasks.Task.ExecuteWithThreadLocal(Task& currentTaskSlot, Thread threadPoolThread)
--- End of stack trace from previous location ---
   at DevSkill.Inventory.Infrastructure.Utilities.SqlUtility.ExecuteQueryAsync[TReturn](DbCommand command) in C:\Users\Nasim Reza\Desktop\Final Project\aspnet-b11-nasim\src\DevSkill.Inventory.sln\DevSkill.Inventory.Infrastructure\Utilities\SqlUtility.cs:line 237
   at DevSkill.Inventory.Infrastructure.Utilities.SqlUtility.QueryWithStoredProcedureAsync[TReturn](String storedProcedureName, IDictionary`2 parameters, IDictionary`2 outParameters) in C:\Users\Nasim Reza\Desktop\Final Project\aspnet-b11-nasim\src\DevSkill.Inventory.sln\DevSkill.Inventory.Infrastructure\Utilities\SqlUtility.cs:line 100
   at DevSkill.Inventory.Infrastructure.Utilities.SqlUtility.QueryWithStoredProcedureAsync[TReturn](String storedProcedureName, IDictionary`2 parameters, IDictionary`2 outParameters) in C:\Users\Nasim Reza\Desktop\Final Project\aspnet-b11-nasim\src\DevSkill.Inventory.sln\DevSkill.Inventory.Infrastructure\Utilities\SqlUtility.cs:line 106
   at DevSkill.Inventory.Infrastructure.ApplicationUnitOfWork.GetSalesReturnsSP(Int32 pageIndex, Int32 pageSize, String order, SalesReturnSearchDto search) in C:\Users\Nasim Reza\Desktop\Final Project\aspnet-b11-nasim\src\DevSkill.Inventory.sln\DevSkill.Inventory.Infrastructure\ApplicationUnitOfWork.cs:line 171
   at DevSkill.Inventory.Application.Features.SalesReturns.Queries.GetSalesReturnsSPQueryHandler.Handle(GetSalesReturnsSPQuery request, CancellationToken cancellationToken) in C:\Users\Nasim Reza\Desktop\Final Project\aspnet-b11-nasim\src\DevSkill.Inventory.sln\DevSkill.Inventory.Application\Features\SalesReturns\Queries\GetSalesReturnsQueryHandler.cs:line 23
   at DevSkill.Inventory.Web.Areas.Admin.Controllers.SalesController.GetSalesReturnsJsonData(SalesReturnListModel model) in C:\Users\Nasim Reza\Desktop\Final Project\aspnet-b11-nasim\src\DevSkill.Inventory.sln\DevSkill.Inventory.Web\Areas\Admin\Controllers\SalesController.cs:line 99
ClientConnectionId:5045ddac-d26e-43ad-a628-9741a1b87ec5
Error Number:2812,State:62,Class:16
2025-07-03 18:36:51.789 +06:00 [ERR] Error loading purchase returns
Microsoft.Data.SqlClient.SqlException (0x80131904): Could not find stored procedure 'GetPurchaseReturns'.
   at Microsoft.Data.SqlClient.SqlCommand.<>c.<ExecuteDbDataReaderAsync>b__195_0(Task`1 result)
   at System.Threading.Tasks.ContinuationResultTaskFromResultTask`2.InnerInvoke()
   at System.Threading.ExecutionContext.RunInternal(ExecutionContext executionContext, ContextCallback callback, Object state)
--- End of stack trace from previous location ---
   at System.Threading.ExecutionContext.RunInternal(ExecutionContext executionContext, ContextCallback callback, Object state)
   at System.Threading.Tasks.Task.ExecuteWithThreadLocal(Task& currentTaskSlot, Thread threadPoolThread)
--- End of stack trace from previous location ---
   at DevSkill.Inventory.Infrastructure.Utilities.SqlUtility.ExecuteQueryAsync[TReturn](DbCommand command) in C:\Users\Nasim Reza\Desktop\Final Project\aspnet-b11-nasim\src\DevSkill.Inventory.sln\DevSkill.Inventory.Infrastructure\Utilities\SqlUtility.cs:line 237
   at DevSkill.Inventory.Infrastructure.Utilities.SqlUtility.QueryWithStoredProcedureAsync[TReturn](String storedProcedureName, IDictionary`2 parameters, IDictionary`2 outParameters) in C:\Users\Nasim Reza\Desktop\Final Project\aspnet-b11-nasim\src\DevSkill.Inventory.sln\DevSkill.Inventory.Infrastructure\Utilities\SqlUtility.cs:line 100
   at DevSkill.Inventory.Infrastructure.Utilities.SqlUtility.QueryWithStoredProcedureAsync[TReturn](String storedProcedureName, IDictionary`2 parameters, IDictionary`2 outParameters) in C:\Users\Nasim Reza\Desktop\Final Project\aspnet-b11-nasim\src\DevSkill.Inventory.sln\DevSkill.Inventory.Infrastructure\Utilities\SqlUtility.cs:line 106
   at DevSkill.Inventory.Infrastructure.ApplicationUnitOfWork.GetPurchaseReturnsSP(Int32 pageIndex, Int32 pageSize, String order, PurchaseReturnSearchDto search) in C:\Users\Nasim Reza\Desktop\Final Project\aspnet-b11-nasim\src\DevSkill.Inventory.sln\DevSkill.Inventory.Infrastructure\ApplicationUnitOfWork.cs:line 200
   at DevSkill.Inventory.Application.Features.PurchaseReturns.Queries.GetPurchaseReturnsSPQueryHandler.Handle(GetPurchaseReturnsSPQuery request, CancellationToken cancellationToken) in C:\Users\Nasim Reza\Desktop\Final Project\aspnet-b11-nasim\src\DevSkill.Inventory.sln\DevSkill.Inventory.Application\Features\PurchaseReturns\Queries\GetPurchaseReturnsSPQueryHandler.cs:line 23
   at DevSkill.Inventory.Web.Areas.Admin.Controllers.PurchasesController.GetPurchaseReturnsJsonData(PurchaseReturnListModel model) in C:\Users\Nasim Reza\Desktop\Final Project\aspnet-b11-nasim\src\DevSkill.Inventory.sln\DevSkill.Inventory.Web\Areas\Admin\Controllers\PurchasesController.cs:line 103
ClientConnectionId:5045ddac-d26e-43ad-a628-9741a1b87ec5
Error Number:2812,State:62,Class:16
2025-07-03 18:36:53.707 +06:00 [ERR] Error loading service data
Microsoft.Data.SqlClient.SqlException (0x80131904): Could not find stored procedure 'GetServices'.
   at Microsoft.Data.SqlClient.SqlCommand.<>c.<ExecuteDbDataReaderAsync>b__195_0(Task`1 result)
   at System.Threading.Tasks.ContinuationResultTaskFromResultTask`2.InnerInvoke()
   at System.Threading.ExecutionContext.RunInternal(ExecutionContext executionContext, ContextCallback callback, Object state)
--- End of stack trace from previous location ---
   at System.Threading.ExecutionContext.RunInternal(ExecutionContext executionContext, ContextCallback callback, Object state)
   at System.Threading.Tasks.Task.ExecuteWithThreadLocal(Task& currentTaskSlot, Thread threadPoolThread)
--- End of stack trace from previous location ---
   at DevSkill.Inventory.Infrastructure.Utilities.SqlUtility.ExecuteQueryAsync[TReturn](DbCommand command) in C:\Users\Nasim Reza\Desktop\Final Project\aspnet-b11-nasim\src\DevSkill.Inventory.sln\DevSkill.Inventory.Infrastructure\Utilities\SqlUtility.cs:line 237
   at DevSkill.Inventory.Infrastructure.Utilities.SqlUtility.QueryWithStoredProcedureAsync[TReturn](String storedProcedureName, IDictionary`2 parameters, IDictionary`2 outParameters) in C:\Users\Nasim Reza\Desktop\Final Project\aspnet-b11-nasim\src\DevSkill.Inventory.sln\DevSkill.Inventory.Infrastructure\Utilities\SqlUtility.cs:line 100
   at DevSkill.Inventory.Infrastructure.Utilities.SqlUtility.QueryWithStoredProcedureAsync[TReturn](String storedProcedureName, IDictionary`2 parameters, IDictionary`2 outParameters) in C:\Users\Nasim Reza\Desktop\Final Project\aspnet-b11-nasim\src\DevSkill.Inventory.sln\DevSkill.Inventory.Infrastructure\Utilities\SqlUtility.cs:line 106
   at DevSkill.Inventory.Infrastructure.ApplicationUnitOfWork.GetServicesSP(Int32 pageIndex, Int32 pageSize, String orderBy, ServiceSearchDto search) in C:\Users\Nasim Reza\Desktop\Final Project\aspnet-b11-nasim\src\DevSkill.Inventory.sln\DevSkill.Inventory.Infrastructure\ApplicationUnitOfWork.cs:line 224
   at DevSkill.Inventory.Application.Features.ServiceFeatures.Queries.GetServicesSPQueryHandler.Handle(GetServicesSPQuery request, CancellationToken cancellationToken) in C:\Users\Nasim Reza\Desktop\Final Project\aspnet-b11-nasim\src\DevSkill.Inventory.sln\DevSkill.Inventory.Application\Features\ServiceFeatures\Queries\GetServicesSPQueryHandler.cs:line 23
   at DevSkill.Inventory.Web.Areas.Admin.Controllers.ServicesController.GetServicesJsonData(ServiceListModel model) in C:\Users\Nasim Reza\Desktop\Final Project\aspnet-b11-nasim\src\DevSkill.Inventory.sln\DevSkill.Inventory.Web\Areas\Admin\Controllers\ServicesController.cs:line 46
ClientConnectionId:5045ddac-d26e-43ad-a628-9741a1b87ec5
Error Number:2812,State:62,Class:16
2025-07-03 18:44:53.525 +06:00 [INF] Application Starting...17-jan
2025-07-03 18:44:53.565 +06:00 [INF] This is Nasim Reza Hridoy
2025-07-03 18:44:53.566 +06:00 [ERR] An error occurred while starting the application.
2025-07-03 18:44:57.023 +06:00 [INF] This is Nasim Reza
2025-07-03 18:44:57.043 +06:00 [INF] This is a test log entry to verify database logging.
2025-07-03 18:44:59.327 +06:00 [ERR] Error loading purchases
Microsoft.Data.SqlClient.SqlException (0x80131904): Procedure or function 'GetPurchases' expects parameter '@Total', which was not supplied.
   at Microsoft.Data.SqlClient.SqlCommand.<>c.<ExecuteDbDataReaderAsync>b__195_0(Task`1 result)
   at System.Threading.Tasks.ContinuationResultTaskFromResultTask`2.InnerInvoke()
   at System.Threading.ExecutionContext.RunInternal(ExecutionContext executionContext, ContextCallback callback, Object state)
--- End of stack trace from previous location ---
   at System.Threading.ExecutionContext.RunInternal(ExecutionContext executionContext, ContextCallback callback, Object state)
   at System.Threading.Tasks.Task.ExecuteWithThreadLocal(Task& currentTaskSlot, Thread threadPoolThread)
--- End of stack trace from previous location ---
   at DevSkill.Inventory.Infrastructure.Utilities.SqlUtility.ExecuteQueryAsync[TReturn](DbCommand command) in C:\Users\Nasim Reza\Desktop\Final Project\aspnet-b11-nasim\src\DevSkill.Inventory.sln\DevSkill.Inventory.Infrastructure\Utilities\SqlUtility.cs:line 237
   at DevSkill.Inventory.Infrastructure.Utilities.SqlUtility.QueryWithStoredProcedureAsync[TReturn](String storedProcedureName, IDictionary`2 parameters, IDictionary`2 outParameters) in C:\Users\Nasim Reza\Desktop\Final Project\aspnet-b11-nasim\src\DevSkill.Inventory.sln\DevSkill.Inventory.Infrastructure\Utilities\SqlUtility.cs:line 100
   at DevSkill.Inventory.Infrastructure.Utilities.SqlUtility.QueryWithStoredProcedureAsync[TReturn](String storedProcedureName, IDictionary`2 parameters, IDictionary`2 outParameters) in C:\Users\Nasim Reza\Desktop\Final Project\aspnet-b11-nasim\src\DevSkill.Inventory.sln\DevSkill.Inventory.Infrastructure\Utilities\SqlUtility.cs:line 106
   at DevSkill.Inventory.Infrastructure.ApplicationUnitOfWork.GetPurchasesSP(Int32 pageIndex, Int32 pageSize, String orderBy, PurchaseSearchDto search) in C:\Users\Nasim Reza\Desktop\Final Project\aspnet-b11-nasim\src\DevSkill.Inventory.sln\DevSkill.Inventory.Infrastructure\ApplicationUnitOfWork.cs:line 116
   at DevSkill.Inventory.Application.Features.Purchases.Queries.GetPurchasesSPQueryHandler.Handle(GetPurchasesSPQuery request, CancellationToken cancellationToken) in C:\Users\Nasim Reza\Desktop\Final Project\aspnet-b11-nasim\src\DevSkill.Inventory.sln\DevSkill.Inventory.Application\Features\Purchases\Queries\GetPurchasesSPQueryHandler.cs:line 22
   at DevSkill.Inventory.Web.Areas.Admin.Controllers.PurchasesController.GetPurchasesJsonData(PurchaseListModel model) in C:\Users\Nasim Reza\Desktop\Final Project\aspnet-b11-nasim\src\DevSkill.Inventory.sln\DevSkill.Inventory.Web\Areas\Admin\Controllers\PurchasesController.cs:line 55
ClientConnectionId:794ab28d-ef47-4873-898c-0983bf58c655
Error Number:201,State:4,Class:16
2025-07-03 18:44:59.327 +06:00 [ERR] Error loading service data
Microsoft.Data.SqlClient.SqlException (0x80131904): Could not find stored procedure 'GetServices'.
   at Microsoft.Data.SqlClient.SqlCommand.<>c.<ExecuteDbDataReaderAsync>b__195_0(Task`1 result)
   at System.Threading.Tasks.ContinuationResultTaskFromResultTask`2.InnerInvoke()
   at System.Threading.ExecutionContext.RunInternal(ExecutionContext executionContext, ContextCallback callback, Object state)
--- End of stack trace from previous location ---
   at System.Threading.ExecutionContext.RunInternal(ExecutionContext executionContext, ContextCallback callback, Object state)
   at System.Threading.Tasks.Task.ExecuteWithThreadLocal(Task& currentTaskSlot, Thread threadPoolThread)
--- End of stack trace from previous location ---
   at DevSkill.Inventory.Infrastructure.Utilities.SqlUtility.ExecuteQueryAsync[TReturn](DbCommand command) in C:\Users\Nasim Reza\Desktop\Final Project\aspnet-b11-nasim\src\DevSkill.Inventory.sln\DevSkill.Inventory.Infrastructure\Utilities\SqlUtility.cs:line 237
   at DevSkill.Inventory.Infrastructure.Utilities.SqlUtility.QueryWithStoredProcedureAsync[TReturn](String storedProcedureName, IDictionary`2 parameters, IDictionary`2 outParameters) in C:\Users\Nasim Reza\Desktop\Final Project\aspnet-b11-nasim\src\DevSkill.Inventory.sln\DevSkill.Inventory.Infrastructure\Utilities\SqlUtility.cs:line 100
   at DevSkill.Inventory.Infrastructure.Utilities.SqlUtility.QueryWithStoredProcedureAsync[TReturn](String storedProcedureName, IDictionary`2 parameters, IDictionary`2 outParameters) in C:\Users\Nasim Reza\Desktop\Final Project\aspnet-b11-nasim\src\DevSkill.Inventory.sln\DevSkill.Inventory.Infrastructure\Utilities\SqlUtility.cs:line 106
   at DevSkill.Inventory.Infrastructure.ApplicationUnitOfWork.GetServicesSP(Int32 pageIndex, Int32 pageSize, String orderBy, ServiceSearchDto search) in C:\Users\Nasim Reza\Desktop\Final Project\aspnet-b11-nasim\src\DevSkill.Inventory.sln\DevSkill.Inventory.Infrastructure\ApplicationUnitOfWork.cs:line 224
   at DevSkill.Inventory.Application.Features.ServiceFeatures.Queries.GetServicesSPQueryHandler.Handle(GetServicesSPQuery request, CancellationToken cancellationToken) in C:\Users\Nasim Reza\Desktop\Final Project\aspnet-b11-nasim\src\DevSkill.Inventory.sln\DevSkill.Inventory.Application\Features\ServiceFeatures\Queries\GetServicesSPQueryHandler.cs:line 23
   at DevSkill.Inventory.Web.Areas.Admin.Controllers.ServicesController.GetServicesJsonData(ServiceListModel model) in C:\Users\Nasim Reza\Desktop\Final Project\aspnet-b11-nasim\src\DevSkill.Inventory.sln\DevSkill.Inventory.Web\Areas\Admin\Controllers\ServicesController.cs:line 46
ClientConnectionId:00411e21-1fac-4832-b9e2-f757a11cc38d
Error Number:2812,State:62,Class:16
2025-07-03 18:45:12.899 +06:00 [ERR] Error loading purchases
Microsoft.Data.SqlClient.SqlException (0x80131904): Procedure or function 'GetPurchases' expects parameter '@Total', which was not supplied.
   at Microsoft.Data.SqlClient.SqlCommand.<>c.<ExecuteDbDataReaderAsync>b__195_0(Task`1 result)
   at System.Threading.Tasks.ContinuationResultTaskFromResultTask`2.InnerInvoke()
   at System.Threading.ExecutionContext.RunInternal(ExecutionContext executionContext, ContextCallback callback, Object state)
--- End of stack trace from previous location ---
   at System.Threading.ExecutionContext.RunInternal(ExecutionContext executionContext, ContextCallback callback, Object state)
   at System.Threading.Tasks.Task.ExecuteWithThreadLocal(Task& currentTaskSlot, Thread threadPoolThread)
--- End of stack trace from previous location ---
   at DevSkill.Inventory.Infrastructure.Utilities.SqlUtility.ExecuteQueryAsync[TReturn](DbCommand command) in C:\Users\Nasim Reza\Desktop\Final Project\aspnet-b11-nasim\src\DevSkill.Inventory.sln\DevSkill.Inventory.Infrastructure\Utilities\SqlUtility.cs:line 237
   at DevSkill.Inventory.Infrastructure.Utilities.SqlUtility.QueryWithStoredProcedureAsync[TReturn](String storedProcedureName, IDictionary`2 parameters, IDictionary`2 outParameters) in C:\Users\Nasim Reza\Desktop\Final Project\aspnet-b11-nasim\src\DevSkill.Inventory.sln\DevSkill.Inventory.Infrastructure\Utilities\SqlUtility.cs:line 100
   at DevSkill.Inventory.Infrastructure.Utilities.SqlUtility.QueryWithStoredProcedureAsync[TReturn](String storedProcedureName, IDictionary`2 parameters, IDictionary`2 outParameters) in C:\Users\Nasim Reza\Desktop\Final Project\aspnet-b11-nasim\src\DevSkill.Inventory.sln\DevSkill.Inventory.Infrastructure\Utilities\SqlUtility.cs:line 106
   at DevSkill.Inventory.Infrastructure.ApplicationUnitOfWork.GetPurchasesSP(Int32 pageIndex, Int32 pageSize, String orderBy, PurchaseSearchDto search) in C:\Users\Nasim Reza\Desktop\Final Project\aspnet-b11-nasim\src\DevSkill.Inventory.sln\DevSkill.Inventory.Infrastructure\ApplicationUnitOfWork.cs:line 116
   at DevSkill.Inventory.Application.Features.Purchases.Queries.GetPurchasesSPQueryHandler.Handle(GetPurchasesSPQuery request, CancellationToken cancellationToken) in C:\Users\Nasim Reza\Desktop\Final Project\aspnet-b11-nasim\src\DevSkill.Inventory.sln\DevSkill.Inventory.Application\Features\Purchases\Queries\GetPurchasesSPQueryHandler.cs:line 22
   at DevSkill.Inventory.Web.Areas.Admin.Controllers.PurchasesController.GetPurchasesJsonData(PurchaseListModel model) in C:\Users\Nasim Reza\Desktop\Final Project\aspnet-b11-nasim\src\DevSkill.Inventory.sln\DevSkill.Inventory.Web\Areas\Admin\Controllers\PurchasesController.cs:line 55
ClientConnectionId:00411e21-1fac-4832-b9e2-f757a11cc38d
Error Number:201,State:4,Class:16
2025-07-03 18:45:14.151 +06:00 [ERR] Error loading sales
Microsoft.Data.SqlClient.SqlException (0x80131904): Could not find stored procedure 'GetSales'.
   at Microsoft.Data.SqlClient.SqlCommand.<>c.<ExecuteDbDataReaderAsync>b__195_0(Task`1 result)
   at System.Threading.Tasks.ContinuationResultTaskFromResultTask`2.InnerInvoke()
   at System.Threading.ExecutionContext.RunInternal(ExecutionContext executionContext, ContextCallback callback, Object state)
--- End of stack trace from previous location ---
   at System.Threading.ExecutionContext.RunInternal(ExecutionContext executionContext, ContextCallback callback, Object state)
   at System.Threading.Tasks.Task.ExecuteWithThreadLocal(Task& currentTaskSlot, Thread threadPoolThread)
--- End of stack trace from previous location ---
   at DevSkill.Inventory.Infrastructure.Utilities.SqlUtility.ExecuteQueryAsync[TReturn](DbCommand command) in C:\Users\Nasim Reza\Desktop\Final Project\aspnet-b11-nasim\src\DevSkill.Inventory.sln\DevSkill.Inventory.Infrastructure\Utilities\SqlUtility.cs:line 237
   at DevSkill.Inventory.Infrastructure.Utilities.SqlUtility.QueryWithStoredProcedureAsync[TReturn](String storedProcedureName, IDictionary`2 parameters, IDictionary`2 outParameters) in C:\Users\Nasim Reza\Desktop\Final Project\aspnet-b11-nasim\src\DevSkill.Inventory.sln\DevSkill.Inventory.Infrastructure\Utilities\SqlUtility.cs:line 100
   at DevSkill.Inventory.Infrastructure.Utilities.SqlUtility.QueryWithStoredProcedureAsync[TReturn](String storedProcedureName, IDictionary`2 parameters, IDictionary`2 outParameters) in C:\Users\Nasim Reza\Desktop\Final Project\aspnet-b11-nasim\src\DevSkill.Inventory.sln\DevSkill.Inventory.Infrastructure\Utilities\SqlUtility.cs:line 106
   at DevSkill.Inventory.Infrastructure.ApplicationUnitOfWork.GetSalesSP(Int32 pageIndex, Int32 pageSize, String orderBy, SaleSearchDto search) in C:\Users\Nasim Reza\Desktop\Final Project\aspnet-b11-nasim\src\DevSkill.Inventory.sln\DevSkill.Inventory.Infrastructure\ApplicationUnitOfWork.cs:line 144
   at DevSkill.Inventory.Application.Features.Sales.Queries.GetSalesSPQueryHandler.Handle(GetSalesSPQuery request, CancellationToken cancellationToken) in C:\Users\Nasim Reza\Desktop\Final Project\aspnet-b11-nasim\src\DevSkill.Inventory.sln\DevSkill.Inventory.Application\Features\Sales\Queries\GetSalesSPQueryHandler.cs:line 24
   at DevSkill.Inventory.Web.Areas.Admin.Controllers.SalesController.GetSalesJsonData(SalesListModel model) in C:\Users\Nasim Reza\Desktop\Final Project\aspnet-b11-nasim\src\DevSkill.Inventory.sln\DevSkill.Inventory.Web\Areas\Admin\Controllers\SalesController.cs:line 51
ClientConnectionId:00411e21-1fac-4832-b9e2-f757a11cc38d
Error Number:2812,State:62,Class:16
2025-07-03 18:45:15.824 +06:00 [ERR] Error loading purchases
Microsoft.Data.SqlClient.SqlException (0x80131904): Procedure or function 'GetPurchases' expects parameter '@Total', which was not supplied.
   at Microsoft.Data.SqlClient.SqlCommand.<>c.<ExecuteDbDataReaderAsync>b__195_0(Task`1 result)
   at System.Threading.Tasks.ContinuationResultTaskFromResultTask`2.InnerInvoke()
   at System.Threading.ExecutionContext.RunInternal(ExecutionContext executionContext, ContextCallback callback, Object state)
--- End of stack trace from previous location ---
   at System.Threading.ExecutionContext.RunInternal(ExecutionContext executionContext, ContextCallback callback, Object state)
   at System.Threading.Tasks.Task.ExecuteWithThreadLocal(Task& currentTaskSlot, Thread threadPoolThread)
--- End of stack trace from previous location ---
   at DevSkill.Inventory.Infrastructure.Utilities.SqlUtility.ExecuteQueryAsync[TReturn](DbCommand command) in C:\Users\Nasim Reza\Desktop\Final Project\aspnet-b11-nasim\src\DevSkill.Inventory.sln\DevSkill.Inventory.Infrastructure\Utilities\SqlUtility.cs:line 237
   at DevSkill.Inventory.Infrastructure.Utilities.SqlUtility.QueryWithStoredProcedureAsync[TReturn](String storedProcedureName, IDictionary`2 parameters, IDictionary`2 outParameters) in C:\Users\Nasim Reza\Desktop\Final Project\aspnet-b11-nasim\src\DevSkill.Inventory.sln\DevSkill.Inventory.Infrastructure\Utilities\SqlUtility.cs:line 100
   at DevSkill.Inventory.Infrastructure.Utilities.SqlUtility.QueryWithStoredProcedureAsync[TReturn](String storedProcedureName, IDictionary`2 parameters, IDictionary`2 outParameters) in C:\Users\Nasim Reza\Desktop\Final Project\aspnet-b11-nasim\src\DevSkill.Inventory.sln\DevSkill.Inventory.Infrastructure\Utilities\SqlUtility.cs:line 106
   at DevSkill.Inventory.Infrastructure.ApplicationUnitOfWork.GetPurchasesSP(Int32 pageIndex, Int32 pageSize, String orderBy, PurchaseSearchDto search) in C:\Users\Nasim Reza\Desktop\Final Project\aspnet-b11-nasim\src\DevSkill.Inventory.sln\DevSkill.Inventory.Infrastructure\ApplicationUnitOfWork.cs:line 116
   at DevSkill.Inventory.Application.Features.Purchases.Queries.GetPurchasesSPQueryHandler.Handle(GetPurchasesSPQuery request, CancellationToken cancellationToken) in C:\Users\Nasim Reza\Desktop\Final Project\aspnet-b11-nasim\src\DevSkill.Inventory.sln\DevSkill.Inventory.Application\Features\Purchases\Queries\GetPurchasesSPQueryHandler.cs:line 22
   at DevSkill.Inventory.Web.Areas.Admin.Controllers.PurchasesController.GetPurchasesJsonData(PurchaseListModel model) in C:\Users\Nasim Reza\Desktop\Final Project\aspnet-b11-nasim\src\DevSkill.Inventory.sln\DevSkill.Inventory.Web\Areas\Admin\Controllers\PurchasesController.cs:line 55
ClientConnectionId:00411e21-1fac-4832-b9e2-f757a11cc38d
Error Number:201,State:4,Class:16
2025-07-03 18:45:17.114 +06:00 [ERR] Error loading sales
Microsoft.Data.SqlClient.SqlException (0x80131904): Could not find stored procedure 'GetSales'.
   at Microsoft.Data.SqlClient.SqlCommand.<>c.<ExecuteDbDataReaderAsync>b__195_0(Task`1 result)
   at System.Threading.Tasks.ContinuationResultTaskFromResultTask`2.InnerInvoke()
   at System.Threading.ExecutionContext.RunInternal(ExecutionContext executionContext, ContextCallback callback, Object state)
--- End of stack trace from previous location ---
   at System.Threading.ExecutionContext.RunInternal(ExecutionContext executionContext, ContextCallback callback, Object state)
   at System.Threading.Tasks.Task.ExecuteWithThreadLocal(Task& currentTaskSlot, Thread threadPoolThread)
--- End of stack trace from previous location ---
   at DevSkill.Inventory.Infrastructure.Utilities.SqlUtility.ExecuteQueryAsync[TReturn](DbCommand command) in C:\Users\Nasim Reza\Desktop\Final Project\aspnet-b11-nasim\src\DevSkill.Inventory.sln\DevSkill.Inventory.Infrastructure\Utilities\SqlUtility.cs:line 237
   at DevSkill.Inventory.Infrastructure.Utilities.SqlUtility.QueryWithStoredProcedureAsync[TReturn](String storedProcedureName, IDictionary`2 parameters, IDictionary`2 outParameters) in C:\Users\Nasim Reza\Desktop\Final Project\aspnet-b11-nasim\src\DevSkill.Inventory.sln\DevSkill.Inventory.Infrastructure\Utilities\SqlUtility.cs:line 100
   at DevSkill.Inventory.Infrastructure.Utilities.SqlUtility.QueryWithStoredProcedureAsync[TReturn](String storedProcedureName, IDictionary`2 parameters, IDictionary`2 outParameters) in C:\Users\Nasim Reza\Desktop\Final Project\aspnet-b11-nasim\src\DevSkill.Inventory.sln\DevSkill.Inventory.Infrastructure\Utilities\SqlUtility.cs:line 106
   at DevSkill.Inventory.Infrastructure.ApplicationUnitOfWork.GetSalesSP(Int32 pageIndex, Int32 pageSize, String orderBy, SaleSearchDto search) in C:\Users\Nasim Reza\Desktop\Final Project\aspnet-b11-nasim\src\DevSkill.Inventory.sln\DevSkill.Inventory.Infrastructure\ApplicationUnitOfWork.cs:line 144
   at DevSkill.Inventory.Application.Features.Sales.Queries.GetSalesSPQueryHandler.Handle(GetSalesSPQuery request, CancellationToken cancellationToken) in C:\Users\Nasim Reza\Desktop\Final Project\aspnet-b11-nasim\src\DevSkill.Inventory.sln\DevSkill.Inventory.Application\Features\Sales\Queries\GetSalesSPQueryHandler.cs:line 24
   at DevSkill.Inventory.Web.Areas.Admin.Controllers.SalesController.GetSalesJsonData(SalesListModel model) in C:\Users\Nasim Reza\Desktop\Final Project\aspnet-b11-nasim\src\DevSkill.Inventory.sln\DevSkill.Inventory.Web\Areas\Admin\Controllers\SalesController.cs:line 51
ClientConnectionId:00411e21-1fac-4832-b9e2-f757a11cc38d
Error Number:2812,State:62,Class:16
2025-07-03 18:45:18.612 +06:00 [ERR] Error loading purchases
Microsoft.Data.SqlClient.SqlException (0x80131904): Procedure or function 'GetPurchases' expects parameter '@Total', which was not supplied.
   at Microsoft.Data.SqlClient.SqlCommand.<>c.<ExecuteDbDataReaderAsync>b__195_0(Task`1 result)
   at System.Threading.Tasks.ContinuationResultTaskFromResultTask`2.InnerInvoke()
   at System.Threading.ExecutionContext.RunInternal(ExecutionContext executionContext, ContextCallback callback, Object state)
--- End of stack trace from previous location ---
   at System.Threading.ExecutionContext.RunInternal(ExecutionContext executionContext, ContextCallback callback, Object state)
   at System.Threading.Tasks.Task.ExecuteWithThreadLocal(Task& currentTaskSlot, Thread threadPoolThread)
--- End of stack trace from previous location ---
   at DevSkill.Inventory.Infrastructure.Utilities.SqlUtility.ExecuteQueryAsync[TReturn](DbCommand command) in C:\Users\Nasim Reza\Desktop\Final Project\aspnet-b11-nasim\src\DevSkill.Inventory.sln\DevSkill.Inventory.Infrastructure\Utilities\SqlUtility.cs:line 237
   at DevSkill.Inventory.Infrastructure.Utilities.SqlUtility.QueryWithStoredProcedureAsync[TReturn](String storedProcedureName, IDictionary`2 parameters, IDictionary`2 outParameters) in C:\Users\Nasim Reza\Desktop\Final Project\aspnet-b11-nasim\src\DevSkill.Inventory.sln\DevSkill.Inventory.Infrastructure\Utilities\SqlUtility.cs:line 100
   at DevSkill.Inventory.Infrastructure.Utilities.SqlUtility.QueryWithStoredProcedureAsync[TReturn](String storedProcedureName, IDictionary`2 parameters, IDictionary`2 outParameters) in C:\Users\Nasim Reza\Desktop\Final Project\aspnet-b11-nasim\src\DevSkill.Inventory.sln\DevSkill.Inventory.Infrastructure\Utilities\SqlUtility.cs:line 106
   at DevSkill.Inventory.Infrastructure.ApplicationUnitOfWork.GetPurchasesSP(Int32 pageIndex, Int32 pageSize, String orderBy, PurchaseSearchDto search) in C:\Users\Nasim Reza\Desktop\Final Project\aspnet-b11-nasim\src\DevSkill.Inventory.sln\DevSkill.Inventory.Infrastructure\ApplicationUnitOfWork.cs:line 116
   at DevSkill.Inventory.Application.Features.Purchases.Queries.GetPurchasesSPQueryHandler.Handle(GetPurchasesSPQuery request, CancellationToken cancellationToken) in C:\Users\Nasim Reza\Desktop\Final Project\aspnet-b11-nasim\src\DevSkill.Inventory.sln\DevSkill.Inventory.Application\Features\Purchases\Queries\GetPurchasesSPQueryHandler.cs:line 22
   at DevSkill.Inventory.Web.Areas.Admin.Controllers.PurchasesController.GetPurchasesJsonData(PurchaseListModel model) in C:\Users\Nasim Reza\Desktop\Final Project\aspnet-b11-nasim\src\DevSkill.Inventory.sln\DevSkill.Inventory.Web\Areas\Admin\Controllers\PurchasesController.cs:line 55
ClientConnectionId:00411e21-1fac-4832-b9e2-f757a11cc38d
Error Number:201,State:4,Class:16
2025-07-03 18:45:19.283 +06:00 [ERR] Error loading sales
Microsoft.Data.SqlClient.SqlException (0x80131904): Could not find stored procedure 'GetSales'.
   at Microsoft.Data.SqlClient.SqlCommand.<>c.<ExecuteDbDataReaderAsync>b__195_0(Task`1 result)
   at System.Threading.Tasks.ContinuationResultTaskFromResultTask`2.InnerInvoke()
   at System.Threading.ExecutionContext.RunInternal(ExecutionContext executionContext, ContextCallback callback, Object state)
--- End of stack trace from previous location ---
   at System.Threading.ExecutionContext.RunInternal(ExecutionContext executionContext, ContextCallback callback, Object state)
   at System.Threading.Tasks.Task.ExecuteWithThreadLocal(Task& currentTaskSlot, Thread threadPoolThread)
--- End of stack trace from previous location ---
   at DevSkill.Inventory.Infrastructure.Utilities.SqlUtility.ExecuteQueryAsync[TReturn](DbCommand command) in C:\Users\Nasim Reza\Desktop\Final Project\aspnet-b11-nasim\src\DevSkill.Inventory.sln\DevSkill.Inventory.Infrastructure\Utilities\SqlUtility.cs:line 237
   at DevSkill.Inventory.Infrastructure.Utilities.SqlUtility.QueryWithStoredProcedureAsync[TReturn](String storedProcedureName, IDictionary`2 parameters, IDictionary`2 outParameters) in C:\Users\Nasim Reza\Desktop\Final Project\aspnet-b11-nasim\src\DevSkill.Inventory.sln\DevSkill.Inventory.Infrastructure\Utilities\SqlUtility.cs:line 100
   at DevSkill.Inventory.Infrastructure.Utilities.SqlUtility.QueryWithStoredProcedureAsync[TReturn](String storedProcedureName, IDictionary`2 parameters, IDictionary`2 outParameters) in C:\Users\Nasim Reza\Desktop\Final Project\aspnet-b11-nasim\src\DevSkill.Inventory.sln\DevSkill.Inventory.Infrastructure\Utilities\SqlUtility.cs:line 106
   at DevSkill.Inventory.Infrastructure.ApplicationUnitOfWork.GetSalesSP(Int32 pageIndex, Int32 pageSize, String orderBy, SaleSearchDto search) in C:\Users\Nasim Reza\Desktop\Final Project\aspnet-b11-nasim\src\DevSkill.Inventory.sln\DevSkill.Inventory.Infrastructure\ApplicationUnitOfWork.cs:line 144
   at DevSkill.Inventory.Application.Features.Sales.Queries.GetSalesSPQueryHandler.Handle(GetSalesSPQuery request, CancellationToken cancellationToken) in C:\Users\Nasim Reza\Desktop\Final Project\aspnet-b11-nasim\src\DevSkill.Inventory.sln\DevSkill.Inventory.Application\Features\Sales\Queries\GetSalesSPQueryHandler.cs:line 24
   at DevSkill.Inventory.Web.Areas.Admin.Controllers.SalesController.GetSalesJsonData(SalesListModel model) in C:\Users\Nasim Reza\Desktop\Final Project\aspnet-b11-nasim\src\DevSkill.Inventory.sln\DevSkill.Inventory.Web\Areas\Admin\Controllers\SalesController.cs:line 51
ClientConnectionId:00411e21-1fac-4832-b9e2-f757a11cc38d
Error Number:2812,State:62,Class:16
2025-07-03 18:47:37.752 +06:00 [INF] Application Starting...17-jan
2025-07-03 18:47:37.784 +06:00 [INF] This is Nasim Reza Hridoy
2025-07-03 18:47:37.784 +06:00 [ERR] An error occurred while starting the application.
2025-07-03 18:47:41.151 +06:00 [INF] This is Nasim Reza
2025-07-03 18:47:41.178 +06:00 [INF] This is a test log entry to verify database logging.
2025-07-03 18:47:43.105 +06:00 [ERR] Error loading sales
Microsoft.Data.SqlClient.SqlException (0x80131904): Could not find stored procedure 'GetSales'.
   at Microsoft.Data.SqlClient.SqlCommand.<>c.<ExecuteDbDataReaderAsync>b__195_0(Task`1 result)
   at System.Threading.Tasks.ContinuationResultTaskFromResultTask`2.InnerInvoke()
   at System.Threading.ExecutionContext.RunInternal(ExecutionContext executionContext, ContextCallback callback, Object state)
--- End of stack trace from previous location ---
   at System.Threading.ExecutionContext.RunInternal(ExecutionContext executionContext, ContextCallback callback, Object state)
   at System.Threading.Tasks.Task.ExecuteWithThreadLocal(Task& currentTaskSlot, Thread threadPoolThread)
--- End of stack trace from previous location ---
   at DevSkill.Inventory.Infrastructure.Utilities.SqlUtility.ExecuteQueryAsync[TReturn](DbCommand command) in C:\Users\Nasim Reza\Desktop\Final Project\aspnet-b11-nasim\src\DevSkill.Inventory.sln\DevSkill.Inventory.Infrastructure\Utilities\SqlUtility.cs:line 237
   at DevSkill.Inventory.Infrastructure.Utilities.SqlUtility.QueryWithStoredProcedureAsync[TReturn](String storedProcedureName, IDictionary`2 parameters, IDictionary`2 outParameters) in C:\Users\Nasim Reza\Desktop\Final Project\aspnet-b11-nasim\src\DevSkill.Inventory.sln\DevSkill.Inventory.Infrastructure\Utilities\SqlUtility.cs:line 100
   at DevSkill.Inventory.Infrastructure.Utilities.SqlUtility.QueryWithStoredProcedureAsync[TReturn](String storedProcedureName, IDictionary`2 parameters, IDictionary`2 outParameters) in C:\Users\Nasim Reza\Desktop\Final Project\aspnet-b11-nasim\src\DevSkill.Inventory.sln\DevSkill.Inventory.Infrastructure\Utilities\SqlUtility.cs:line 106
   at DevSkill.Inventory.Infrastructure.ApplicationUnitOfWork.GetSalesSP(Int32 pageIndex, Int32 pageSize, String orderBy, SaleSearchDto search) in C:\Users\Nasim Reza\Desktop\Final Project\aspnet-b11-nasim\src\DevSkill.Inventory.sln\DevSkill.Inventory.Infrastructure\ApplicationUnitOfWork.cs:line 144
   at DevSkill.Inventory.Application.Features.Sales.Queries.GetSalesSPQueryHandler.Handle(GetSalesSPQuery request, CancellationToken cancellationToken) in C:\Users\Nasim Reza\Desktop\Final Project\aspnet-b11-nasim\src\DevSkill.Inventory.sln\DevSkill.Inventory.Application\Features\Sales\Queries\GetSalesSPQueryHandler.cs:line 24
   at DevSkill.Inventory.Web.Areas.Admin.Controllers.SalesController.GetSalesJsonData(SalesListModel model) in C:\Users\Nasim Reza\Desktop\Final Project\aspnet-b11-nasim\src\DevSkill.Inventory.sln\DevSkill.Inventory.Web\Areas\Admin\Controllers\SalesController.cs:line 51
ClientConnectionId:036a85da-13c2-44a1-addd-d87d862cc6ea
Error Number:2812,State:62,Class:16
2025-07-03 18:48:16.139 +06:00 [ERR] Error loading purchases
Microsoft.Data.SqlClient.SqlException (0x80131904): Procedure or function 'GetPurchases' expects parameter '@Total', which was not supplied.
   at Microsoft.Data.SqlClient.SqlCommand.<>c.<ExecuteDbDataReaderAsync>b__195_0(Task`1 result)
   at System.Threading.Tasks.ContinuationResultTaskFromResultTask`2.InnerInvoke()
   at System.Threading.ExecutionContext.RunInternal(ExecutionContext executionContext, ContextCallback callback, Object state)
--- End of stack trace from previous location ---
   at System.Threading.ExecutionContext.RunInternal(ExecutionContext executionContext, ContextCallback callback, Object state)
   at System.Threading.Tasks.Task.ExecuteWithThreadLocal(Task& currentTaskSlot, Thread threadPoolThread)
--- End of stack trace from previous location ---
   at DevSkill.Inventory.Infrastructure.Utilities.SqlUtility.ExecuteQueryAsync[TReturn](DbCommand command) in C:\Users\Nasim Reza\Desktop\Final Project\aspnet-b11-nasim\src\DevSkill.Inventory.sln\DevSkill.Inventory.Infrastructure\Utilities\SqlUtility.cs:line 237
   at DevSkill.Inventory.Infrastructure.Utilities.SqlUtility.QueryWithStoredProcedureAsync[TReturn](String storedProcedureName, IDictionary`2 parameters, IDictionary`2 outParameters) in C:\Users\Nasim Reza\Desktop\Final Project\aspnet-b11-nasim\src\DevSkill.Inventory.sln\DevSkill.Inventory.Infrastructure\Utilities\SqlUtility.cs:line 100
   at DevSkill.Inventory.Infrastructure.Utilities.SqlUtility.QueryWithStoredProcedureAsync[TReturn](String storedProcedureName, IDictionary`2 parameters, IDictionary`2 outParameters) in C:\Users\Nasim Reza\Desktop\Final Project\aspnet-b11-nasim\src\DevSkill.Inventory.sln\DevSkill.Inventory.Infrastructure\Utilities\SqlUtility.cs:line 106
   at DevSkill.Inventory.Infrastructure.ApplicationUnitOfWork.GetPurchasesSP(Int32 pageIndex, Int32 pageSize, String orderBy, PurchaseSearchDto search) in C:\Users\Nasim Reza\Desktop\Final Project\aspnet-b11-nasim\src\DevSkill.Inventory.sln\DevSkill.Inventory.Infrastructure\ApplicationUnitOfWork.cs:line 116
   at DevSkill.Inventory.Application.Features.Purchases.Queries.GetPurchasesSPQueryHandler.Handle(GetPurchasesSPQuery request, CancellationToken cancellationToken) in C:\Users\Nasim Reza\Desktop\Final Project\aspnet-b11-nasim\src\DevSkill.Inventory.sln\DevSkill.Inventory.Application\Features\Purchases\Queries\GetPurchasesSPQueryHandler.cs:line 22
   at DevSkill.Inventory.Web.Areas.Admin.Controllers.PurchasesController.GetPurchasesJsonData(PurchaseListModel model) in C:\Users\Nasim Reza\Desktop\Final Project\aspnet-b11-nasim\src\DevSkill.Inventory.sln\DevSkill.Inventory.Web\Areas\Admin\Controllers\PurchasesController.cs:line 55
ClientConnectionId:036a85da-13c2-44a1-addd-d87d862cc6ea
Error Number:201,State:4,Class:16
2025-07-03 18:48:17.102 +06:00 [ERR] Error loading sales
Microsoft.Data.SqlClient.SqlException (0x80131904): Could not find stored procedure 'GetSales'.
   at Microsoft.Data.SqlClient.SqlCommand.<>c.<ExecuteDbDataReaderAsync>b__195_0(Task`1 result)
   at System.Threading.Tasks.ContinuationResultTaskFromResultTask`2.InnerInvoke()
   at System.Threading.ExecutionContext.RunInternal(ExecutionContext executionContext, ContextCallback callback, Object state)
--- End of stack trace from previous location ---
   at System.Threading.ExecutionContext.RunInternal(ExecutionContext executionContext, ContextCallback callback, Object state)
   at System.Threading.Tasks.Task.ExecuteWithThreadLocal(Task& currentTaskSlot, Thread threadPoolThread)
--- End of stack trace from previous location ---
   at DevSkill.Inventory.Infrastructure.Utilities.SqlUtility.ExecuteQueryAsync[TReturn](DbCommand command) in C:\Users\Nasim Reza\Desktop\Final Project\aspnet-b11-nasim\src\DevSkill.Inventory.sln\DevSkill.Inventory.Infrastructure\Utilities\SqlUtility.cs:line 237
   at DevSkill.Inventory.Infrastructure.Utilities.SqlUtility.QueryWithStoredProcedureAsync[TReturn](String storedProcedureName, IDictionary`2 parameters, IDictionary`2 outParameters) in C:\Users\Nasim Reza\Desktop\Final Project\aspnet-b11-nasim\src\DevSkill.Inventory.sln\DevSkill.Inventory.Infrastructure\Utilities\SqlUtility.cs:line 100
   at DevSkill.Inventory.Infrastructure.Utilities.SqlUtility.QueryWithStoredProcedureAsync[TReturn](String storedProcedureName, IDictionary`2 parameters, IDictionary`2 outParameters) in C:\Users\Nasim Reza\Desktop\Final Project\aspnet-b11-nasim\src\DevSkill.Inventory.sln\DevSkill.Inventory.Infrastructure\Utilities\SqlUtility.cs:line 106
   at DevSkill.Inventory.Infrastructure.ApplicationUnitOfWork.GetSalesSP(Int32 pageIndex, Int32 pageSize, String orderBy, SaleSearchDto search) in C:\Users\Nasim Reza\Desktop\Final Project\aspnet-b11-nasim\src\DevSkill.Inventory.sln\DevSkill.Inventory.Infrastructure\ApplicationUnitOfWork.cs:line 144
   at DevSkill.Inventory.Application.Features.Sales.Queries.GetSalesSPQueryHandler.Handle(GetSalesSPQuery request, CancellationToken cancellationToken) in C:\Users\Nasim Reza\Desktop\Final Project\aspnet-b11-nasim\src\DevSkill.Inventory.sln\DevSkill.Inventory.Application\Features\Sales\Queries\GetSalesSPQueryHandler.cs:line 24
   at DevSkill.Inventory.Web.Areas.Admin.Controllers.SalesController.GetSalesJsonData(SalesListModel model) in C:\Users\Nasim Reza\Desktop\Final Project\aspnet-b11-nasim\src\DevSkill.Inventory.sln\DevSkill.Inventory.Web\Areas\Admin\Controllers\SalesController.cs:line 51
ClientConnectionId:036a85da-13c2-44a1-addd-d87d862cc6ea
Error Number:2812,State:62,Class:16
2025-07-03 18:48:21.599 +06:00 [ERR] Error loading sales
Microsoft.Data.SqlClient.SqlException (0x80131904): Could not find stored procedure 'GetSales'.
   at Microsoft.Data.SqlClient.SqlCommand.<>c.<ExecuteDbDataReaderAsync>b__195_0(Task`1 result)
   at System.Threading.Tasks.ContinuationResultTaskFromResultTask`2.InnerInvoke()
   at System.Threading.ExecutionContext.RunInternal(ExecutionContext executionContext, ContextCallback callback, Object state)
--- End of stack trace from previous location ---
   at System.Threading.ExecutionContext.RunInternal(ExecutionContext executionContext, ContextCallback callback, Object state)
   at System.Threading.Tasks.Task.ExecuteWithThreadLocal(Task& currentTaskSlot, Thread threadPoolThread)
--- End of stack trace from previous location ---
   at DevSkill.Inventory.Infrastructure.Utilities.SqlUtility.ExecuteQueryAsync[TReturn](DbCommand command) in C:\Users\Nasim Reza\Desktop\Final Project\aspnet-b11-nasim\src\DevSkill.Inventory.sln\DevSkill.Inventory.Infrastructure\Utilities\SqlUtility.cs:line 237
   at DevSkill.Inventory.Infrastructure.Utilities.SqlUtility.QueryWithStoredProcedureAsync[TReturn](String storedProcedureName, IDictionary`2 parameters, IDictionary`2 outParameters) in C:\Users\Nasim Reza\Desktop\Final Project\aspnet-b11-nasim\src\DevSkill.Inventory.sln\DevSkill.Inventory.Infrastructure\Utilities\SqlUtility.cs:line 100
   at DevSkill.Inventory.Infrastructure.Utilities.SqlUtility.QueryWithStoredProcedureAsync[TReturn](String storedProcedureName, IDictionary`2 parameters, IDictionary`2 outParameters) in C:\Users\Nasim Reza\Desktop\Final Project\aspnet-b11-nasim\src\DevSkill.Inventory.sln\DevSkill.Inventory.Infrastructure\Utilities\SqlUtility.cs:line 106
   at DevSkill.Inventory.Infrastructure.ApplicationUnitOfWork.GetSalesSP(Int32 pageIndex, Int32 pageSize, String orderBy, SaleSearchDto search) in C:\Users\Nasim Reza\Desktop\Final Project\aspnet-b11-nasim\src\DevSkill.Inventory.sln\DevSkill.Inventory.Infrastructure\ApplicationUnitOfWork.cs:line 144
   at DevSkill.Inventory.Application.Features.Sales.Queries.GetSalesSPQueryHandler.Handle(GetSalesSPQuery request, CancellationToken cancellationToken) in C:\Users\Nasim Reza\Desktop\Final Project\aspnet-b11-nasim\src\DevSkill.Inventory.sln\DevSkill.Inventory.Application\Features\Sales\Queries\GetSalesSPQueryHandler.cs:line 24
   at DevSkill.Inventory.Web.Areas.Admin.Controllers.SalesController.GetSalesJsonData(SalesListModel model) in C:\Users\Nasim Reza\Desktop\Final Project\aspnet-b11-nasim\src\DevSkill.Inventory.sln\DevSkill.Inventory.Web\Areas\Admin\Controllers\SalesController.cs:line 51
ClientConnectionId:036a85da-13c2-44a1-addd-d87d862cc6ea
Error Number:2812,State:62,Class:16
2025-07-03 18:48:22.351 +06:00 [ERR] Error loading sales return data
Microsoft.Data.SqlClient.SqlException (0x80131904): Could not find stored procedure 'GetSalesReturns'.
   at Microsoft.Data.SqlClient.SqlCommand.<>c.<ExecuteDbDataReaderAsync>b__195_0(Task`1 result)
   at System.Threading.Tasks.ContinuationResultTaskFromResultTask`2.InnerInvoke()
   at System.Threading.ExecutionContext.RunInternal(ExecutionContext executionContext, ContextCallback callback, Object state)
--- End of stack trace from previous location ---
   at System.Threading.ExecutionContext.RunInternal(ExecutionContext executionContext, ContextCallback callback, Object state)
   at System.Threading.Tasks.Task.ExecuteWithThreadLocal(Task& currentTaskSlot, Thread threadPoolThread)
--- End of stack trace from previous location ---
   at DevSkill.Inventory.Infrastructure.Utilities.SqlUtility.ExecuteQueryAsync[TReturn](DbCommand command) in C:\Users\Nasim Reza\Desktop\Final Project\aspnet-b11-nasim\src\DevSkill.Inventory.sln\DevSkill.Inventory.Infrastructure\Utilities\SqlUtility.cs:line 237
   at DevSkill.Inventory.Infrastructure.Utilities.SqlUtility.QueryWithStoredProcedureAsync[TReturn](String storedProcedureName, IDictionary`2 parameters, IDictionary`2 outParameters) in C:\Users\Nasim Reza\Desktop\Final Project\aspnet-b11-nasim\src\DevSkill.Inventory.sln\DevSkill.Inventory.Infrastructure\Utilities\SqlUtility.cs:line 100
   at DevSkill.Inventory.Infrastructure.Utilities.SqlUtility.QueryWithStoredProcedureAsync[TReturn](String storedProcedureName, IDictionary`2 parameters, IDictionary`2 outParameters) in C:\Users\Nasim Reza\Desktop\Final Project\aspnet-b11-nasim\src\DevSkill.Inventory.sln\DevSkill.Inventory.Infrastructure\Utilities\SqlUtility.cs:line 106
   at DevSkill.Inventory.Infrastructure.ApplicationUnitOfWork.GetSalesReturnsSP(Int32 pageIndex, Int32 pageSize, String order, SalesReturnSearchDto search) in C:\Users\Nasim Reza\Desktop\Final Project\aspnet-b11-nasim\src\DevSkill.Inventory.sln\DevSkill.Inventory.Infrastructure\ApplicationUnitOfWork.cs:line 171
   at DevSkill.Inventory.Application.Features.SalesReturns.Queries.GetSalesReturnsSPQueryHandler.Handle(GetSalesReturnsSPQuery request, CancellationToken cancellationToken) in C:\Users\Nasim Reza\Desktop\Final Project\aspnet-b11-nasim\src\DevSkill.Inventory.sln\DevSkill.Inventory.Application\Features\SalesReturns\Queries\GetSalesReturnsQueryHandler.cs:line 23
   at DevSkill.Inventory.Web.Areas.Admin.Controllers.SalesController.GetSalesReturnsJsonData(SalesReturnListModel model) in C:\Users\Nasim Reza\Desktop\Final Project\aspnet-b11-nasim\src\DevSkill.Inventory.sln\DevSkill.Inventory.Web\Areas\Admin\Controllers\SalesController.cs:line 99
ClientConnectionId:036a85da-13c2-44a1-addd-d87d862cc6ea
Error Number:2812,State:62,Class:16
2025-07-03 18:48:23.903 +06:00 [ERR] Error loading purchase returns
Microsoft.Data.SqlClient.SqlException (0x80131904): Could not find stored procedure 'GetPurchaseReturns'.
   at Microsoft.Data.SqlClient.SqlCommand.<>c.<ExecuteDbDataReaderAsync>b__195_0(Task`1 result)
   at System.Threading.Tasks.ContinuationResultTaskFromResultTask`2.InnerInvoke()
   at System.Threading.ExecutionContext.RunInternal(ExecutionContext executionContext, ContextCallback callback, Object state)
--- End of stack trace from previous location ---
   at System.Threading.ExecutionContext.RunInternal(ExecutionContext executionContext, ContextCallback callback, Object state)
   at System.Threading.Tasks.Task.ExecuteWithThreadLocal(Task& currentTaskSlot, Thread threadPoolThread)
--- End of stack trace from previous location ---
   at DevSkill.Inventory.Infrastructure.Utilities.SqlUtility.ExecuteQueryAsync[TReturn](DbCommand command) in C:\Users\Nasim Reza\Desktop\Final Project\aspnet-b11-nasim\src\DevSkill.Inventory.sln\DevSkill.Inventory.Infrastructure\Utilities\SqlUtility.cs:line 237
   at DevSkill.Inventory.Infrastructure.Utilities.SqlUtility.QueryWithStoredProcedureAsync[TReturn](String storedProcedureName, IDictionary`2 parameters, IDictionary`2 outParameters) in C:\Users\Nasim Reza\Desktop\Final Project\aspnet-b11-nasim\src\DevSkill.Inventory.sln\DevSkill.Inventory.Infrastructure\Utilities\SqlUtility.cs:line 100
   at DevSkill.Inventory.Infrastructure.Utilities.SqlUtility.QueryWithStoredProcedureAsync[TReturn](String storedProcedureName, IDictionary`2 parameters, IDictionary`2 outParameters) in C:\Users\Nasim Reza\Desktop\Final Project\aspnet-b11-nasim\src\DevSkill.Inventory.sln\DevSkill.Inventory.Infrastructure\Utilities\SqlUtility.cs:line 106
   at DevSkill.Inventory.Infrastructure.ApplicationUnitOfWork.GetPurchaseReturnsSP(Int32 pageIndex, Int32 pageSize, String order, PurchaseReturnSearchDto search) in C:\Users\Nasim Reza\Desktop\Final Project\aspnet-b11-nasim\src\DevSkill.Inventory.sln\DevSkill.Inventory.Infrastructure\ApplicationUnitOfWork.cs:line 200
   at DevSkill.Inventory.Application.Features.PurchaseReturns.Queries.GetPurchaseReturnsSPQueryHandler.Handle(GetPurchaseReturnsSPQuery request, CancellationToken cancellationToken) in C:\Users\Nasim Reza\Desktop\Final Project\aspnet-b11-nasim\src\DevSkill.Inventory.sln\DevSkill.Inventory.Application\Features\PurchaseReturns\Queries\GetPurchaseReturnsSPQueryHandler.cs:line 23
   at DevSkill.Inventory.Web.Areas.Admin.Controllers.PurchasesController.GetPurchaseReturnsJsonData(PurchaseReturnListModel model) in C:\Users\Nasim Reza\Desktop\Final Project\aspnet-b11-nasim\src\DevSkill.Inventory.sln\DevSkill.Inventory.Web\Areas\Admin\Controllers\PurchasesController.cs:line 103
ClientConnectionId:036a85da-13c2-44a1-addd-d87d862cc6ea
Error Number:2812,State:62,Class:16
2025-07-03 18:48:24.491 +06:00 [ERR] Error loading service data
Microsoft.Data.SqlClient.SqlException (0x80131904): Could not find stored procedure 'GetServices'.
   at Microsoft.Data.SqlClient.SqlCommand.<>c.<ExecuteDbDataReaderAsync>b__195_0(Task`1 result)
   at System.Threading.Tasks.ContinuationResultTaskFromResultTask`2.InnerInvoke()
   at System.Threading.ExecutionContext.RunInternal(ExecutionContext executionContext, ContextCallback callback, Object state)
--- End of stack trace from previous location ---
   at System.Threading.ExecutionContext.RunInternal(ExecutionContext executionContext, ContextCallback callback, Object state)
   at System.Threading.Tasks.Task.ExecuteWithThreadLocal(Task& currentTaskSlot, Thread threadPoolThread)
--- End of stack trace from previous location ---
   at DevSkill.Inventory.Infrastructure.Utilities.SqlUtility.ExecuteQueryAsync[TReturn](DbCommand command) in C:\Users\Nasim Reza\Desktop\Final Project\aspnet-b11-nasim\src\DevSkill.Inventory.sln\DevSkill.Inventory.Infrastructure\Utilities\SqlUtility.cs:line 237
   at DevSkill.Inventory.Infrastructure.Utilities.SqlUtility.QueryWithStoredProcedureAsync[TReturn](String storedProcedureName, IDictionary`2 parameters, IDictionary`2 outParameters) in C:\Users\Nasim Reza\Desktop\Final Project\aspnet-b11-nasim\src\DevSkill.Inventory.sln\DevSkill.Inventory.Infrastructure\Utilities\SqlUtility.cs:line 100
   at DevSkill.Inventory.Infrastructure.Utilities.SqlUtility.QueryWithStoredProcedureAsync[TReturn](String storedProcedureName, IDictionary`2 parameters, IDictionary`2 outParameters) in C:\Users\Nasim Reza\Desktop\Final Project\aspnet-b11-nasim\src\DevSkill.Inventory.sln\DevSkill.Inventory.Infrastructure\Utilities\SqlUtility.cs:line 106
   at DevSkill.Inventory.Infrastructure.ApplicationUnitOfWork.GetServicesSP(Int32 pageIndex, Int32 pageSize, String orderBy, ServiceSearchDto search) in C:\Users\Nasim Reza\Desktop\Final Project\aspnet-b11-nasim\src\DevSkill.Inventory.sln\DevSkill.Inventory.Infrastructure\ApplicationUnitOfWork.cs:line 224
   at DevSkill.Inventory.Application.Features.ServiceFeatures.Queries.GetServicesSPQueryHandler.Handle(GetServicesSPQuery request, CancellationToken cancellationToken) in C:\Users\Nasim Reza\Desktop\Final Project\aspnet-b11-nasim\src\DevSkill.Inventory.sln\DevSkill.Inventory.Application\Features\ServiceFeatures\Queries\GetServicesSPQueryHandler.cs:line 23
   at DevSkill.Inventory.Web.Areas.Admin.Controllers.ServicesController.GetServicesJsonData(ServiceListModel model) in C:\Users\Nasim Reza\Desktop\Final Project\aspnet-b11-nasim\src\DevSkill.Inventory.sln\DevSkill.Inventory.Web\Areas\Admin\Controllers\ServicesController.cs:line 46
ClientConnectionId:036a85da-13c2-44a1-addd-d87d862cc6ea
Error Number:2812,State:62,Class:16
2025-07-03 18:48:25.534 +06:00 [ERR] Error loading service sales
Microsoft.Data.SqlClient.SqlException (0x80131904): Procedure or function 'GetServiceSales' expects parameter '@TotalCount', which was not supplied.
   at Microsoft.Data.SqlClient.SqlCommand.<>c.<ExecuteDbDataReaderAsync>b__195_0(Task`1 result)
   at System.Threading.Tasks.ContinuationResultTaskFromResultTask`2.InnerInvoke()
   at System.Threading.ExecutionContext.RunInternal(ExecutionContext executionContext, ContextCallback callback, Object state)
--- End of stack trace from previous location ---
   at System.Threading.ExecutionContext.RunInternal(ExecutionContext executionContext, ContextCallback callback, Object state)
   at System.Threading.Tasks.Task.ExecuteWithThreadLocal(Task& currentTaskSlot, Thread threadPoolThread)
--- End of stack trace from previous location ---
   at DevSkill.Inventory.Infrastructure.Utilities.SqlUtility.ExecuteQueryAsync[TReturn](DbCommand command) in C:\Users\Nasim Reza\Desktop\Final Project\aspnet-b11-nasim\src\DevSkill.Inventory.sln\DevSkill.Inventory.Infrastructure\Utilities\SqlUtility.cs:line 237
   at DevSkill.Inventory.Infrastructure.Utilities.SqlUtility.QueryWithStoredProcedureAsync[TReturn](String storedProcedureName, IDictionary`2 parameters, IDictionary`2 outParameters) in C:\Users\Nasim Reza\Desktop\Final Project\aspnet-b11-nasim\src\DevSkill.Inventory.sln\DevSkill.Inventory.Infrastructure\Utilities\SqlUtility.cs:line 100
   at DevSkill.Inventory.Infrastructure.Utilities.SqlUtility.QueryWithStoredProcedureAsync[TReturn](String storedProcedureName, IDictionary`2 parameters, IDictionary`2 outParameters) in C:\Users\Nasim Reza\Desktop\Final Project\aspnet-b11-nasim\src\DevSkill.Inventory.sln\DevSkill.Inventory.Infrastructure\Utilities\SqlUtility.cs:line 106
   at DevSkill.Inventory.Infrastructure.ApplicationUnitOfWork.GetServiceSalesSP(Int32 pageIndex, Int32 pageSize, String order, ServiceSaleSearchDto search) in C:\Users\Nasim Reza\Desktop\Final Project\aspnet-b11-nasim\src\DevSkill.Inventory.sln\DevSkill.Inventory.Infrastructure\ApplicationUnitOfWork.cs:line 248
   at DevSkill.Inventory.Application.Features.ServiceSales.Queries.GetServiceSalesSPQueryHandler.Handle(GetServiceSalesSPQuery request, CancellationToken cancellationToken) in C:\Users\Nasim Reza\Desktop\Final Project\aspnet-b11-nasim\src\DevSkill.Inventory.sln\DevSkill.Inventory.Application\Features\ServiceSales\Queries\GetServiceSalesSPQueryHandler.cs:line 25
   at DevSkill.Inventory.Web.Areas.Admin.Controllers.ServiceSalesController.GetServiceSalesJsonData(ServiceSaleListModel model) in C:\Users\Nasim Reza\Desktop\Final Project\aspnet-b11-nasim\src\DevSkill.Inventory.sln\DevSkill.Inventory.Web\Areas\Admin\Controllers\ServiceSalesController.cs:line 129
ClientConnectionId:036a85da-13c2-44a1-addd-d87d862cc6ea
Error Number:201,State:4,Class:16
2025-07-03 18:48:28.644 +06:00 [ERR] Error loading service sales
Microsoft.Data.SqlClient.SqlException (0x80131904): Procedure or function 'GetServiceSales' expects parameter '@TotalCount', which was not supplied.
   at Microsoft.Data.SqlClient.SqlCommand.<>c.<ExecuteDbDataReaderAsync>b__195_0(Task`1 result)
   at System.Threading.Tasks.ContinuationResultTaskFromResultTask`2.InnerInvoke()
   at System.Threading.ExecutionContext.RunInternal(ExecutionContext executionContext, ContextCallback callback, Object state)
--- End of stack trace from previous location ---
   at System.Threading.ExecutionContext.RunInternal(ExecutionContext executionContext, ContextCallback callback, Object state)
   at System.Threading.Tasks.Task.ExecuteWithThreadLocal(Task& currentTaskSlot, Thread threadPoolThread)
--- End of stack trace from previous location ---
   at DevSkill.Inventory.Infrastructure.Utilities.SqlUtility.ExecuteQueryAsync[TReturn](DbCommand command) in C:\Users\Nasim Reza\Desktop\Final Project\aspnet-b11-nasim\src\DevSkill.Inventory.sln\DevSkill.Inventory.Infrastructure\Utilities\SqlUtility.cs:line 237
   at DevSkill.Inventory.Infrastructure.Utilities.SqlUtility.QueryWithStoredProcedureAsync[TReturn](String storedProcedureName, IDictionary`2 parameters, IDictionary`2 outParameters) in C:\Users\Nasim Reza\Desktop\Final Project\aspnet-b11-nasim\src\DevSkill.Inventory.sln\DevSkill.Inventory.Infrastructure\Utilities\SqlUtility.cs:line 100
   at DevSkill.Inventory.Infrastructure.Utilities.SqlUtility.QueryWithStoredProcedureAsync[TReturn](String storedProcedureName, IDictionary`2 parameters, IDictionary`2 outParameters) in C:\Users\Nasim Reza\Desktop\Final Project\aspnet-b11-nasim\src\DevSkill.Inventory.sln\DevSkill.Inventory.Infrastructure\Utilities\SqlUtility.cs:line 106
   at DevSkill.Inventory.Infrastructure.ApplicationUnitOfWork.GetServiceSalesSP(Int32 pageIndex, Int32 pageSize, String order, ServiceSaleSearchDto search) in C:\Users\Nasim Reza\Desktop\Final Project\aspnet-b11-nasim\src\DevSkill.Inventory.sln\DevSkill.Inventory.Infrastructure\ApplicationUnitOfWork.cs:line 248
   at DevSkill.Inventory.Application.Features.ServiceSales.Queries.GetServiceSalesSPQueryHandler.Handle(GetServiceSalesSPQuery request, CancellationToken cancellationToken) in C:\Users\Nasim Reza\Desktop\Final Project\aspnet-b11-nasim\src\DevSkill.Inventory.sln\DevSkill.Inventory.Application\Features\ServiceSales\Queries\GetServiceSalesSPQueryHandler.cs:line 25
   at DevSkill.Inventory.Web.Areas.Admin.Controllers.ServiceSalesController.GetServiceSalesJsonData(ServiceSaleListModel model) in C:\Users\Nasim Reza\Desktop\Final Project\aspnet-b11-nasim\src\DevSkill.Inventory.sln\DevSkill.Inventory.Web\Areas\Admin\Controllers\ServiceSalesController.cs:line 129
ClientConnectionId:036a85da-13c2-44a1-addd-d87d862cc6ea
Error Number:201,State:4,Class:16
2025-07-03 18:48:30.099 +06:00 [ERR] Error loading service data
Microsoft.Data.SqlClient.SqlException (0x80131904): Could not find stored procedure 'GetServices'.
   at Microsoft.Data.SqlClient.SqlCommand.<>c.<ExecuteDbDataReaderAsync>b__195_0(Task`1 result)
   at System.Threading.Tasks.ContinuationResultTaskFromResultTask`2.InnerInvoke()
   at System.Threading.ExecutionContext.RunInternal(ExecutionContext executionContext, ContextCallback callback, Object state)
--- End of stack trace from previous location ---
   at System.Threading.ExecutionContext.RunInternal(ExecutionContext executionContext, ContextCallback callback, Object state)
   at System.Threading.Tasks.Task.ExecuteWithThreadLocal(Task& currentTaskSlot, Thread threadPoolThread)
--- End of stack trace from previous location ---
   at DevSkill.Inventory.Infrastructure.Utilities.SqlUtility.ExecuteQueryAsync[TReturn](DbCommand command) in C:\Users\Nasim Reza\Desktop\Final Project\aspnet-b11-nasim\src\DevSkill.Inventory.sln\DevSkill.Inventory.Infrastructure\Utilities\SqlUtility.cs:line 237
   at DevSkill.Inventory.Infrastructure.Utilities.SqlUtility.QueryWithStoredProcedureAsync[TReturn](String storedProcedureName, IDictionary`2 parameters, IDictionary`2 outParameters) in C:\Users\Nasim Reza\Desktop\Final Project\aspnet-b11-nasim\src\DevSkill.Inventory.sln\DevSkill.Inventory.Infrastructure\Utilities\SqlUtility.cs:line 100
   at DevSkill.Inventory.Infrastructure.Utilities.SqlUtility.QueryWithStoredProcedureAsync[TReturn](String storedProcedureName, IDictionary`2 parameters, IDictionary`2 outParameters) in C:\Users\Nasim Reza\Desktop\Final Project\aspnet-b11-nasim\src\DevSkill.Inventory.sln\DevSkill.Inventory.Infrastructure\Utilities\SqlUtility.cs:line 106
   at DevSkill.Inventory.Infrastructure.ApplicationUnitOfWork.GetServicesSP(Int32 pageIndex, Int32 pageSize, String orderBy, ServiceSearchDto search) in C:\Users\Nasim Reza\Desktop\Final Project\aspnet-b11-nasim\src\DevSkill.Inventory.sln\DevSkill.Inventory.Infrastructure\ApplicationUnitOfWork.cs:line 224
   at DevSkill.Inventory.Application.Features.ServiceFeatures.Queries.GetServicesSPQueryHandler.Handle(GetServicesSPQuery request, CancellationToken cancellationToken) in C:\Users\Nasim Reza\Desktop\Final Project\aspnet-b11-nasim\src\DevSkill.Inventory.sln\DevSkill.Inventory.Application\Features\ServiceFeatures\Queries\GetServicesSPQueryHandler.cs:line 23
   at DevSkill.Inventory.Web.Areas.Admin.Controllers.ServicesController.GetServicesJsonData(ServiceListModel model) in C:\Users\Nasim Reza\Desktop\Final Project\aspnet-b11-nasim\src\DevSkill.Inventory.sln\DevSkill.Inventory.Web\Areas\Admin\Controllers\ServicesController.cs:line 46
ClientConnectionId:036a85da-13c2-44a1-addd-d87d862cc6ea
Error Number:2812,State:62,Class:16
2025-07-03 18:48:32.178 +06:00 [ERR] Error loading purchase returns
Microsoft.Data.SqlClient.SqlException (0x80131904): Could not find stored procedure 'GetPurchaseReturns'.
   at Microsoft.Data.SqlClient.SqlCommand.<>c.<ExecuteDbDataReaderAsync>b__195_0(Task`1 result)
   at System.Threading.Tasks.ContinuationResultTaskFromResultTask`2.InnerInvoke()
   at System.Threading.ExecutionContext.RunInternal(ExecutionContext executionContext, ContextCallback callback, Object state)
--- End of stack trace from previous location ---
   at System.Threading.ExecutionContext.RunInternal(ExecutionContext executionContext, ContextCallback callback, Object state)
   at System.Threading.Tasks.Task.ExecuteWithThreadLocal(Task& currentTaskSlot, Thread threadPoolThread)
--- End of stack trace from previous location ---
   at DevSkill.Inventory.Infrastructure.Utilities.SqlUtility.ExecuteQueryAsync[TReturn](DbCommand command) in C:\Users\Nasim Reza\Desktop\Final Project\aspnet-b11-nasim\src\DevSkill.Inventory.sln\DevSkill.Inventory.Infrastructure\Utilities\SqlUtility.cs:line 237
   at DevSkill.Inventory.Infrastructure.Utilities.SqlUtility.QueryWithStoredProcedureAsync[TReturn](String storedProcedureName, IDictionary`2 parameters, IDictionary`2 outParameters) in C:\Users\Nasim Reza\Desktop\Final Project\aspnet-b11-nasim\src\DevSkill.Inventory.sln\DevSkill.Inventory.Infrastructure\Utilities\SqlUtility.cs:line 100
   at DevSkill.Inventory.Infrastructure.Utilities.SqlUtility.QueryWithStoredProcedureAsync[TReturn](String storedProcedureName, IDictionary`2 parameters, IDictionary`2 outParameters) in C:\Users\Nasim Reza\Desktop\Final Project\aspnet-b11-nasim\src\DevSkill.Inventory.sln\DevSkill.Inventory.Infrastructure\Utilities\SqlUtility.cs:line 106
   at DevSkill.Inventory.Infrastructure.ApplicationUnitOfWork.GetPurchaseReturnsSP(Int32 pageIndex, Int32 pageSize, String order, PurchaseReturnSearchDto search) in C:\Users\Nasim Reza\Desktop\Final Project\aspnet-b11-nasim\src\DevSkill.Inventory.sln\DevSkill.Inventory.Infrastructure\ApplicationUnitOfWork.cs:line 200
   at DevSkill.Inventory.Application.Features.PurchaseReturns.Queries.GetPurchaseReturnsSPQueryHandler.Handle(GetPurchaseReturnsSPQuery request, CancellationToken cancellationToken) in C:\Users\Nasim Reza\Desktop\Final Project\aspnet-b11-nasim\src\DevSkill.Inventory.sln\DevSkill.Inventory.Application\Features\PurchaseReturns\Queries\GetPurchaseReturnsSPQueryHandler.cs:line 23
   at DevSkill.Inventory.Web.Areas.Admin.Controllers.PurchasesController.GetPurchaseReturnsJsonData(PurchaseReturnListModel model) in C:\Users\Nasim Reza\Desktop\Final Project\aspnet-b11-nasim\src\DevSkill.Inventory.sln\DevSkill.Inventory.Web\Areas\Admin\Controllers\PurchasesController.cs:line 103
ClientConnectionId:036a85da-13c2-44a1-addd-d87d862cc6ea
Error Number:2812,State:62,Class:16
2025-07-03 18:48:33.197 +06:00 [ERR] Error loading sales return data
Microsoft.Data.SqlClient.SqlException (0x80131904): Could not find stored procedure 'GetSalesReturns'.
   at Microsoft.Data.SqlClient.SqlCommand.<>c.<ExecuteDbDataReaderAsync>b__195_0(Task`1 result)
   at System.Threading.Tasks.ContinuationResultTaskFromResultTask`2.InnerInvoke()
   at System.Threading.ExecutionContext.RunInternal(ExecutionContext executionContext, ContextCallback callback, Object state)
--- End of stack trace from previous location ---
   at System.Threading.ExecutionContext.RunInternal(ExecutionContext executionContext, ContextCallback callback, Object state)
   at System.Threading.Tasks.Task.ExecuteWithThreadLocal(Task& currentTaskSlot, Thread threadPoolThread)
--- End of stack trace from previous location ---
   at DevSkill.Inventory.Infrastructure.Utilities.SqlUtility.ExecuteQueryAsync[TReturn](DbCommand command) in C:\Users\Nasim Reza\Desktop\Final Project\aspnet-b11-nasim\src\DevSkill.Inventory.sln\DevSkill.Inventory.Infrastructure\Utilities\SqlUtility.cs:line 237
   at DevSkill.Inventory.Infrastructure.Utilities.SqlUtility.QueryWithStoredProcedureAsync[TReturn](String storedProcedureName, IDictionary`2 parameters, IDictionary`2 outParameters) in C:\Users\Nasim Reza\Desktop\Final Project\aspnet-b11-nasim\src\DevSkill.Inventory.sln\DevSkill.Inventory.Infrastructure\Utilities\SqlUtility.cs:line 100
   at DevSkill.Inventory.Infrastructure.Utilities.SqlUtility.QueryWithStoredProcedureAsync[TReturn](String storedProcedureName, IDictionary`2 parameters, IDictionary`2 outParameters) in C:\Users\Nasim Reza\Desktop\Final Project\aspnet-b11-nasim\src\DevSkill.Inventory.sln\DevSkill.Inventory.Infrastructure\Utilities\SqlUtility.cs:line 106
   at DevSkill.Inventory.Infrastructure.ApplicationUnitOfWork.GetSalesReturnsSP(Int32 pageIndex, Int32 pageSize, String order, SalesReturnSearchDto search) in C:\Users\Nasim Reza\Desktop\Final Project\aspnet-b11-nasim\src\DevSkill.Inventory.sln\DevSkill.Inventory.Infrastructure\ApplicationUnitOfWork.cs:line 171
   at DevSkill.Inventory.Application.Features.SalesReturns.Queries.GetSalesReturnsSPQueryHandler.Handle(GetSalesReturnsSPQuery request, CancellationToken cancellationToken) in C:\Users\Nasim Reza\Desktop\Final Project\aspnet-b11-nasim\src\DevSkill.Inventory.sln\DevSkill.Inventory.Application\Features\SalesReturns\Queries\GetSalesReturnsQueryHandler.cs:line 23
   at DevSkill.Inventory.Web.Areas.Admin.Controllers.SalesController.GetSalesReturnsJsonData(SalesReturnListModel model) in C:\Users\Nasim Reza\Desktop\Final Project\aspnet-b11-nasim\src\DevSkill.Inventory.sln\DevSkill.Inventory.Web\Areas\Admin\Controllers\SalesController.cs:line 99
ClientConnectionId:036a85da-13c2-44a1-addd-d87d862cc6ea
Error Number:2812,State:62,Class:16
2025-07-03 18:48:34.656 +06:00 [ERR] Error loading purchase returns
Microsoft.Data.SqlClient.SqlException (0x80131904): Could not find stored procedure 'GetPurchaseReturns'.
   at Microsoft.Data.SqlClient.SqlCommand.<>c.<ExecuteDbDataReaderAsync>b__195_0(Task`1 result)
   at System.Threading.Tasks.ContinuationResultTaskFromResultTask`2.InnerInvoke()
   at System.Threading.ExecutionContext.RunInternal(ExecutionContext executionContext, ContextCallback callback, Object state)
--- End of stack trace from previous location ---
   at System.Threading.ExecutionContext.RunInternal(ExecutionContext executionContext, ContextCallback callback, Object state)
   at System.Threading.Tasks.Task.ExecuteWithThreadLocal(Task& currentTaskSlot, Thread threadPoolThread)
--- End of stack trace from previous location ---
   at DevSkill.Inventory.Infrastructure.Utilities.SqlUtility.ExecuteQueryAsync[TReturn](DbCommand command) in C:\Users\Nasim Reza\Desktop\Final Project\aspnet-b11-nasim\src\DevSkill.Inventory.sln\DevSkill.Inventory.Infrastructure\Utilities\SqlUtility.cs:line 237
   at DevSkill.Inventory.Infrastructure.Utilities.SqlUtility.QueryWithStoredProcedureAsync[TReturn](String storedProcedureName, IDictionary`2 parameters, IDictionary`2 outParameters) in C:\Users\Nasim Reza\Desktop\Final Project\aspnet-b11-nasim\src\DevSkill.Inventory.sln\DevSkill.Inventory.Infrastructure\Utilities\SqlUtility.cs:line 100
   at DevSkill.Inventory.Infrastructure.Utilities.SqlUtility.QueryWithStoredProcedureAsync[TReturn](String storedProcedureName, IDictionary`2 parameters, IDictionary`2 outParameters) in C:\Users\Nasim Reza\Desktop\Final Project\aspnet-b11-nasim\src\DevSkill.Inventory.sln\DevSkill.Inventory.Infrastructure\Utilities\SqlUtility.cs:line 106
   at DevSkill.Inventory.Infrastructure.ApplicationUnitOfWork.GetPurchaseReturnsSP(Int32 pageIndex, Int32 pageSize, String order, PurchaseReturnSearchDto search) in C:\Users\Nasim Reza\Desktop\Final Project\aspnet-b11-nasim\src\DevSkill.Inventory.sln\DevSkill.Inventory.Infrastructure\ApplicationUnitOfWork.cs:line 200
   at DevSkill.Inventory.Application.Features.PurchaseReturns.Queries.GetPurchaseReturnsSPQueryHandler.Handle(GetPurchaseReturnsSPQuery request, CancellationToken cancellationToken) in C:\Users\Nasim Reza\Desktop\Final Project\aspnet-b11-nasim\src\DevSkill.Inventory.sln\DevSkill.Inventory.Application\Features\PurchaseReturns\Queries\GetPurchaseReturnsSPQueryHandler.cs:line 23
   at DevSkill.Inventory.Web.Areas.Admin.Controllers.PurchasesController.GetPurchaseReturnsJsonData(PurchaseReturnListModel model) in C:\Users\Nasim Reza\Desktop\Final Project\aspnet-b11-nasim\src\DevSkill.Inventory.sln\DevSkill.Inventory.Web\Areas\Admin\Controllers\PurchasesController.cs:line 103
ClientConnectionId:036a85da-13c2-44a1-addd-d87d862cc6ea
Error Number:2812,State:62,Class:16
2025-07-03 18:48:35.133 +06:00 [ERR] Error loading service data
Microsoft.Data.SqlClient.SqlException (0x80131904): Could not find stored procedure 'GetServices'.
   at Microsoft.Data.SqlClient.SqlCommand.<>c.<ExecuteDbDataReaderAsync>b__195_0(Task`1 result)
   at System.Threading.Tasks.ContinuationResultTaskFromResultTask`2.InnerInvoke()
   at System.Threading.ExecutionContext.RunInternal(ExecutionContext executionContext, ContextCallback callback, Object state)
--- End of stack trace from previous location ---
   at System.Threading.ExecutionContext.RunInternal(ExecutionContext executionContext, ContextCallback callback, Object state)
   at System.Threading.Tasks.Task.ExecuteWithThreadLocal(Task& currentTaskSlot, Thread threadPoolThread)
--- End of stack trace from previous location ---
   at DevSkill.Inventory.Infrastructure.Utilities.SqlUtility.ExecuteQueryAsync[TReturn](DbCommand command) in C:\Users\Nasim Reza\Desktop\Final Project\aspnet-b11-nasim\src\DevSkill.Inventory.sln\DevSkill.Inventory.Infrastructure\Utilities\SqlUtility.cs:line 237
   at DevSkill.Inventory.Infrastructure.Utilities.SqlUtility.QueryWithStoredProcedureAsync[TReturn](String storedProcedureName, IDictionary`2 parameters, IDictionary`2 outParameters) in C:\Users\Nasim Reza\Desktop\Final Project\aspnet-b11-nasim\src\DevSkill.Inventory.sln\DevSkill.Inventory.Infrastructure\Utilities\SqlUtility.cs:line 100
   at DevSkill.Inventory.Infrastructure.Utilities.SqlUtility.QueryWithStoredProcedureAsync[TReturn](String storedProcedureName, IDictionary`2 parameters, IDictionary`2 outParameters) in C:\Users\Nasim Reza\Desktop\Final Project\aspnet-b11-nasim\src\DevSkill.Inventory.sln\DevSkill.Inventory.Infrastructure\Utilities\SqlUtility.cs:line 106
   at DevSkill.Inventory.Infrastructure.ApplicationUnitOfWork.GetServicesSP(Int32 pageIndex, Int32 pageSize, String orderBy, ServiceSearchDto search) in C:\Users\Nasim Reza\Desktop\Final Project\aspnet-b11-nasim\src\DevSkill.Inventory.sln\DevSkill.Inventory.Infrastructure\ApplicationUnitOfWork.cs:line 224
   at DevSkill.Inventory.Application.Features.ServiceFeatures.Queries.GetServicesSPQueryHandler.Handle(GetServicesSPQuery request, CancellationToken cancellationToken) in C:\Users\Nasim Reza\Desktop\Final Project\aspnet-b11-nasim\src\DevSkill.Inventory.sln\DevSkill.Inventory.Application\Features\ServiceFeatures\Queries\GetServicesSPQueryHandler.cs:line 23
   at DevSkill.Inventory.Web.Areas.Admin.Controllers.ServicesController.GetServicesJsonData(ServiceListModel model) in C:\Users\Nasim Reza\Desktop\Final Project\aspnet-b11-nasim\src\DevSkill.Inventory.sln\DevSkill.Inventory.Web\Areas\Admin\Controllers\ServicesController.cs:line 46
ClientConnectionId:036a85da-13c2-44a1-addd-d87d862cc6ea
Error Number:2812,State:62,Class:16
2025-07-03 18:48:35.996 +06:00 [ERR] Error loading purchase returns
Microsoft.Data.SqlClient.SqlException (0x80131904): Could not find stored procedure 'GetPurchaseReturns'.
   at Microsoft.Data.SqlClient.SqlCommand.<>c.<ExecuteDbDataReaderAsync>b__195_0(Task`1 result)
   at System.Threading.Tasks.ContinuationResultTaskFromResultTask`2.InnerInvoke()
   at System.Threading.ExecutionContext.RunInternal(ExecutionContext executionContext, ContextCallback callback, Object state)
--- End of stack trace from previous location ---
   at System.Threading.ExecutionContext.RunInternal(ExecutionContext executionContext, ContextCallback callback, Object state)
   at System.Threading.Tasks.Task.ExecuteWithThreadLocal(Task& currentTaskSlot, Thread threadPoolThread)
--- End of stack trace from previous location ---
   at DevSkill.Inventory.Infrastructure.Utilities.SqlUtility.ExecuteQueryAsync[TReturn](DbCommand command) in C:\Users\Nasim Reza\Desktop\Final Project\aspnet-b11-nasim\src\DevSkill.Inventory.sln\DevSkill.Inventory.Infrastructure\Utilities\SqlUtility.cs:line 237
   at DevSkill.Inventory.Infrastructure.Utilities.SqlUtility.QueryWithStoredProcedureAsync[TReturn](String storedProcedureName, IDictionary`2 parameters, IDictionary`2 outParameters) in C:\Users\Nasim Reza\Desktop\Final Project\aspnet-b11-nasim\src\DevSkill.Inventory.sln\DevSkill.Inventory.Infrastructure\Utilities\SqlUtility.cs:line 100
   at DevSkill.Inventory.Infrastructure.Utilities.SqlUtility.QueryWithStoredProcedureAsync[TReturn](String storedProcedureName, IDictionary`2 parameters, IDictionary`2 outParameters) in C:\Users\Nasim Reza\Desktop\Final Project\aspnet-b11-nasim\src\DevSkill.Inventory.sln\DevSkill.Inventory.Infrastructure\Utilities\SqlUtility.cs:line 106
   at DevSkill.Inventory.Infrastructure.ApplicationUnitOfWork.GetPurchaseReturnsSP(Int32 pageIndex, Int32 pageSize, String order, PurchaseReturnSearchDto search) in C:\Users\Nasim Reza\Desktop\Final Project\aspnet-b11-nasim\src\DevSkill.Inventory.sln\DevSkill.Inventory.Infrastructure\ApplicationUnitOfWork.cs:line 200
   at DevSkill.Inventory.Application.Features.PurchaseReturns.Queries.GetPurchaseReturnsSPQueryHandler.Handle(GetPurchaseReturnsSPQuery request, CancellationToken cancellationToken) in C:\Users\Nasim Reza\Desktop\Final Project\aspnet-b11-nasim\src\DevSkill.Inventory.sln\DevSkill.Inventory.Application\Features\PurchaseReturns\Queries\GetPurchaseReturnsSPQueryHandler.cs:line 23
   at DevSkill.Inventory.Web.Areas.Admin.Controllers.PurchasesController.GetPurchaseReturnsJsonData(PurchaseReturnListModel model) in C:\Users\Nasim Reza\Desktop\Final Project\aspnet-b11-nasim\src\DevSkill.Inventory.sln\DevSkill.Inventory.Web\Areas\Admin\Controllers\PurchasesController.cs:line 103
ClientConnectionId:036a85da-13c2-44a1-addd-d87d862cc6ea
Error Number:2812,State:62,Class:16
2025-07-03 18:48:36.411 +06:00 [ERR] Error loading sales return data
Microsoft.Data.SqlClient.SqlException (0x80131904): Could not find stored procedure 'GetSalesReturns'.
   at Microsoft.Data.SqlClient.SqlCommand.<>c.<ExecuteDbDataReaderAsync>b__195_0(Task`1 result)
   at System.Threading.Tasks.ContinuationResultTaskFromResultTask`2.InnerInvoke()
   at System.Threading.ExecutionContext.RunInternal(ExecutionContext executionContext, ContextCallback callback, Object state)
--- End of stack trace from previous location ---
   at System.Threading.ExecutionContext.RunInternal(ExecutionContext executionContext, ContextCallback callback, Object state)
   at System.Threading.Tasks.Task.ExecuteWithThreadLocal(Task& currentTaskSlot, Thread threadPoolThread)
--- End of stack trace from previous location ---
   at DevSkill.Inventory.Infrastructure.Utilities.SqlUtility.ExecuteQueryAsync[TReturn](DbCommand command) in C:\Users\Nasim Reza\Desktop\Final Project\aspnet-b11-nasim\src\DevSkill.Inventory.sln\DevSkill.Inventory.Infrastructure\Utilities\SqlUtility.cs:line 237
   at DevSkill.Inventory.Infrastructure.Utilities.SqlUtility.QueryWithStoredProcedureAsync[TReturn](String storedProcedureName, IDictionary`2 parameters, IDictionary`2 outParameters) in C:\Users\Nasim Reza\Desktop\Final Project\aspnet-b11-nasim\src\DevSkill.Inventory.sln\DevSkill.Inventory.Infrastructure\Utilities\SqlUtility.cs:line 100
   at DevSkill.Inventory.Infrastructure.Utilities.SqlUtility.QueryWithStoredProcedureAsync[TReturn](String storedProcedureName, IDictionary`2 parameters, IDictionary`2 outParameters) in C:\Users\Nasim Reza\Desktop\Final Project\aspnet-b11-nasim\src\DevSkill.Inventory.sln\DevSkill.Inventory.Infrastructure\Utilities\SqlUtility.cs:line 106
   at DevSkill.Inventory.Infrastructure.ApplicationUnitOfWork.GetSalesReturnsSP(Int32 pageIndex, Int32 pageSize, String order, SalesReturnSearchDto search) in C:\Users\Nasim Reza\Desktop\Final Project\aspnet-b11-nasim\src\DevSkill.Inventory.sln\DevSkill.Inventory.Infrastructure\ApplicationUnitOfWork.cs:line 171
   at DevSkill.Inventory.Application.Features.SalesReturns.Queries.GetSalesReturnsSPQueryHandler.Handle(GetSalesReturnsSPQuery request, CancellationToken cancellationToken) in C:\Users\Nasim Reza\Desktop\Final Project\aspnet-b11-nasim\src\DevSkill.Inventory.sln\DevSkill.Inventory.Application\Features\SalesReturns\Queries\GetSalesReturnsQueryHandler.cs:line 23
   at DevSkill.Inventory.Web.Areas.Admin.Controllers.SalesController.GetSalesReturnsJsonData(SalesReturnListModel model) in C:\Users\Nasim Reza\Desktop\Final Project\aspnet-b11-nasim\src\DevSkill.Inventory.sln\DevSkill.Inventory.Web\Areas\Admin\Controllers\SalesController.cs:line 99
ClientConnectionId:036a85da-13c2-44a1-addd-d87d862cc6ea
Error Number:2812,State:62,Class:16
2025-07-03 18:48:36.838 +06:00 [ERR] Error loading sales return data
Microsoft.Data.SqlClient.SqlException (0x80131904): Could not find stored procedure 'GetSalesReturns'.
   at Microsoft.Data.SqlClient.SqlCommand.<>c.<ExecuteDbDataReaderAsync>b__195_0(Task`1 result)
   at System.Threading.Tasks.ContinuationResultTaskFromResultTask`2.InnerInvoke()
   at System.Threading.ExecutionContext.RunInternal(ExecutionContext executionContext, ContextCallback callback, Object state)
--- End of stack trace from previous location ---
   at System.Threading.ExecutionContext.RunInternal(ExecutionContext executionContext, ContextCallback callback, Object state)
   at System.Threading.Tasks.Task.ExecuteWithThreadLocal(Task& currentTaskSlot, Thread threadPoolThread)
--- End of stack trace from previous location ---
   at DevSkill.Inventory.Infrastructure.Utilities.SqlUtility.ExecuteQueryAsync[TReturn](DbCommand command) in C:\Users\Nasim Reza\Desktop\Final Project\aspnet-b11-nasim\src\DevSkill.Inventory.sln\DevSkill.Inventory.Infrastructure\Utilities\SqlUtility.cs:line 237
   at DevSkill.Inventory.Infrastructure.Utilities.SqlUtility.QueryWithStoredProcedureAsync[TReturn](String storedProcedureName, IDictionary`2 parameters, IDictionary`2 outParameters) in C:\Users\Nasim Reza\Desktop\Final Project\aspnet-b11-nasim\src\DevSkill.Inventory.sln\DevSkill.Inventory.Infrastructure\Utilities\SqlUtility.cs:line 100
   at DevSkill.Inventory.Infrastructure.Utilities.SqlUtility.QueryWithStoredProcedureAsync[TReturn](String storedProcedureName, IDictionary`2 parameters, IDictionary`2 outParameters) in C:\Users\Nasim Reza\Desktop\Final Project\aspnet-b11-nasim\src\DevSkill.Inventory.sln\DevSkill.Inventory.Infrastructure\Utilities\SqlUtility.cs:line 106
   at DevSkill.Inventory.Infrastructure.ApplicationUnitOfWork.GetSalesReturnsSP(Int32 pageIndex, Int32 pageSize, String order, SalesReturnSearchDto search) in C:\Users\Nasim Reza\Desktop\Final Project\aspnet-b11-nasim\src\DevSkill.Inventory.sln\DevSkill.Inventory.Infrastructure\ApplicationUnitOfWork.cs:line 171
   at DevSkill.Inventory.Application.Features.SalesReturns.Queries.GetSalesReturnsSPQueryHandler.Handle(GetSalesReturnsSPQuery request, CancellationToken cancellationToken) in C:\Users\Nasim Reza\Desktop\Final Project\aspnet-b11-nasim\src\DevSkill.Inventory.sln\DevSkill.Inventory.Application\Features\SalesReturns\Queries\GetSalesReturnsQueryHandler.cs:line 23
   at DevSkill.Inventory.Web.Areas.Admin.Controllers.SalesController.GetSalesReturnsJsonData(SalesReturnListModel model) in C:\Users\Nasim Reza\Desktop\Final Project\aspnet-b11-nasim\src\DevSkill.Inventory.sln\DevSkill.Inventory.Web\Areas\Admin\Controllers\SalesController.cs:line 99
ClientConnectionId:036a85da-13c2-44a1-addd-d87d862cc6ea
Error Number:2812,State:62,Class:16
2025-07-03 18:48:37.256 +06:00 [ERR] Error loading sales
Microsoft.Data.SqlClient.SqlException (0x80131904): Could not find stored procedure 'GetSales'.
   at Microsoft.Data.SqlClient.SqlCommand.<>c.<ExecuteDbDataReaderAsync>b__195_0(Task`1 result)
   at System.Threading.Tasks.ContinuationResultTaskFromResultTask`2.InnerInvoke()
   at System.Threading.ExecutionContext.RunInternal(ExecutionContext executionContext, ContextCallback callback, Object state)
--- End of stack trace from previous location ---
   at System.Threading.ExecutionContext.RunInternal(ExecutionContext executionContext, ContextCallback callback, Object state)
   at System.Threading.Tasks.Task.ExecuteWithThreadLocal(Task& currentTaskSlot, Thread threadPoolThread)
--- End of stack trace from previous location ---
   at DevSkill.Inventory.Infrastructure.Utilities.SqlUtility.ExecuteQueryAsync[TReturn](DbCommand command) in C:\Users\Nasim Reza\Desktop\Final Project\aspnet-b11-nasim\src\DevSkill.Inventory.sln\DevSkill.Inventory.Infrastructure\Utilities\SqlUtility.cs:line 237
   at DevSkill.Inventory.Infrastructure.Utilities.SqlUtility.QueryWithStoredProcedureAsync[TReturn](String storedProcedureName, IDictionary`2 parameters, IDictionary`2 outParameters) in C:\Users\Nasim Reza\Desktop\Final Project\aspnet-b11-nasim\src\DevSkill.Inventory.sln\DevSkill.Inventory.Infrastructure\Utilities\SqlUtility.cs:line 100
   at DevSkill.Inventory.Infrastructure.Utilities.SqlUtility.QueryWithStoredProcedureAsync[TReturn](String storedProcedureName, IDictionary`2 parameters, IDictionary`2 outParameters) in C:\Users\Nasim Reza\Desktop\Final Project\aspnet-b11-nasim\src\DevSkill.Inventory.sln\DevSkill.Inventory.Infrastructure\Utilities\SqlUtility.cs:line 106
   at DevSkill.Inventory.Infrastructure.ApplicationUnitOfWork.GetSalesSP(Int32 pageIndex, Int32 pageSize, String orderBy, SaleSearchDto search) in C:\Users\Nasim Reza\Desktop\Final Project\aspnet-b11-nasim\src\DevSkill.Inventory.sln\DevSkill.Inventory.Infrastructure\ApplicationUnitOfWork.cs:line 144
   at DevSkill.Inventory.Application.Features.Sales.Queries.GetSalesSPQueryHandler.Handle(GetSalesSPQuery request, CancellationToken cancellationToken) in C:\Users\Nasim Reza\Desktop\Final Project\aspnet-b11-nasim\src\DevSkill.Inventory.sln\DevSkill.Inventory.Application\Features\Sales\Queries\GetSalesSPQueryHandler.cs:line 24
   at DevSkill.Inventory.Web.Areas.Admin.Controllers.SalesController.GetSalesJsonData(SalesListModel model) in C:\Users\Nasim Reza\Desktop\Final Project\aspnet-b11-nasim\src\DevSkill.Inventory.sln\DevSkill.Inventory.Web\Areas\Admin\Controllers\SalesController.cs:line 51
ClientConnectionId:036a85da-13c2-44a1-addd-d87d862cc6ea
Error Number:2812,State:62,Class:16
2025-07-03 18:49:56.802 +06:00 [INF] Application Starting...17-jan
2025-07-03 18:49:56.836 +06:00 [INF] This is Nasim Reza Hridoy
2025-07-03 18:49:56.836 +06:00 [ERR] An error occurred while starting the application.
2025-07-03 18:50:03.848 +06:00 [INF] This is Nasim Reza
2025-07-03 18:50:03.863 +06:00 [INF] This is a test log entry to verify database logging.
2025-07-03 18:50:10.877 +06:00 [ERR] Error loading sales
Microsoft.Data.SqlClient.SqlException (0x80131904): Could not find stored procedure 'GetSales'.
   at Microsoft.Data.SqlClient.SqlCommand.<>c.<ExecuteDbDataReaderAsync>b__195_0(Task`1 result)
   at System.Threading.Tasks.ContinuationResultTaskFromResultTask`2.InnerInvoke()
   at System.Threading.ExecutionContext.RunInternal(ExecutionContext executionContext, ContextCallback callback, Object state)
--- End of stack trace from previous location ---
   at System.Threading.ExecutionContext.RunInternal(ExecutionContext executionContext, ContextCallback callback, Object state)
   at System.Threading.Tasks.Task.ExecuteWithThreadLocal(Task& currentTaskSlot, Thread threadPoolThread)
--- End of stack trace from previous location ---
   at DevSkill.Inventory.Infrastructure.Utilities.SqlUtility.ExecuteQueryAsync[TReturn](DbCommand command) in C:\Users\Nasim Reza\Desktop\Final Project\aspnet-b11-nasim\src\DevSkill.Inventory.sln\DevSkill.Inventory.Infrastructure\Utilities\SqlUtility.cs:line 237
   at DevSkill.Inventory.Infrastructure.Utilities.SqlUtility.QueryWithStoredProcedureAsync[TReturn](String storedProcedureName, IDictionary`2 parameters, IDictionary`2 outParameters) in C:\Users\Nasim Reza\Desktop\Final Project\aspnet-b11-nasim\src\DevSkill.Inventory.sln\DevSkill.Inventory.Infrastructure\Utilities\SqlUtility.cs:line 100
   at DevSkill.Inventory.Infrastructure.Utilities.SqlUtility.QueryWithStoredProcedureAsync[TReturn](String storedProcedureName, IDictionary`2 parameters, IDictionary`2 outParameters) in C:\Users\Nasim Reza\Desktop\Final Project\aspnet-b11-nasim\src\DevSkill.Inventory.sln\DevSkill.Inventory.Infrastructure\Utilities\SqlUtility.cs:line 106
   at DevSkill.Inventory.Infrastructure.ApplicationUnitOfWork.GetSalesSP(Int32 pageIndex, Int32 pageSize, String orderBy, SaleSearchDto search) in C:\Users\Nasim Reza\Desktop\Final Project\aspnet-b11-nasim\src\DevSkill.Inventory.sln\DevSkill.Inventory.Infrastructure\ApplicationUnitOfWork.cs:line 144
   at DevSkill.Inventory.Application.Features.Sales.Queries.GetSalesSPQueryHandler.Handle(GetSalesSPQuery request, CancellationToken cancellationToken) in C:\Users\Nasim Reza\Desktop\Final Project\aspnet-b11-nasim\src\DevSkill.Inventory.sln\DevSkill.Inventory.Application\Features\Sales\Queries\GetSalesSPQueryHandler.cs:line 24
   at DevSkill.Inventory.Web.Areas.Admin.Controllers.SalesController.GetSalesJsonData(SalesListModel model) in C:\Users\Nasim Reza\Desktop\Final Project\aspnet-b11-nasim\src\DevSkill.Inventory.sln\DevSkill.Inventory.Web\Areas\Admin\Controllers\SalesController.cs:line 51
ClientConnectionId:cd6fbde9-089b-4ac7-a6a3-c78d18efca70
Error Number:2812,State:62,Class:16
2025-07-03 18:50:10.877 +06:00 [ERR] Error loading sales
Microsoft.Data.SqlClient.SqlException (0x80131904): Could not find stored procedure 'GetSales'.
   at Microsoft.Data.SqlClient.SqlCommand.<>c.<ExecuteDbDataReaderAsync>b__195_0(Task`1 result)
   at System.Threading.Tasks.ContinuationResultTaskFromResultTask`2.InnerInvoke()
   at System.Threading.ExecutionContext.RunInternal(ExecutionContext executionContext, ContextCallback callback, Object state)
--- End of stack trace from previous location ---
   at System.Threading.ExecutionContext.RunInternal(ExecutionContext executionContext, ContextCallback callback, Object state)
   at System.Threading.Tasks.Task.ExecuteWithThreadLocal(Task& currentTaskSlot, Thread threadPoolThread)
--- End of stack trace from previous location ---
   at DevSkill.Inventory.Infrastructure.Utilities.SqlUtility.ExecuteQueryAsync[TReturn](DbCommand command) in C:\Users\Nasim Reza\Desktop\Final Project\aspnet-b11-nasim\src\DevSkill.Inventory.sln\DevSkill.Inventory.Infrastructure\Utilities\SqlUtility.cs:line 237
   at DevSkill.Inventory.Infrastructure.Utilities.SqlUtility.QueryWithStoredProcedureAsync[TReturn](String storedProcedureName, IDictionary`2 parameters, IDictionary`2 outParameters) in C:\Users\Nasim Reza\Desktop\Final Project\aspnet-b11-nasim\src\DevSkill.Inventory.sln\DevSkill.Inventory.Infrastructure\Utilities\SqlUtility.cs:line 100
   at DevSkill.Inventory.Infrastructure.Utilities.SqlUtility.QueryWithStoredProcedureAsync[TReturn](String storedProcedureName, IDictionary`2 parameters, IDictionary`2 outParameters) in C:\Users\Nasim Reza\Desktop\Final Project\aspnet-b11-nasim\src\DevSkill.Inventory.sln\DevSkill.Inventory.Infrastructure\Utilities\SqlUtility.cs:line 106
   at DevSkill.Inventory.Infrastructure.ApplicationUnitOfWork.GetSalesSP(Int32 pageIndex, Int32 pageSize, String orderBy, SaleSearchDto search) in C:\Users\Nasim Reza\Desktop\Final Project\aspnet-b11-nasim\src\DevSkill.Inventory.sln\DevSkill.Inventory.Infrastructure\ApplicationUnitOfWork.cs:line 144
   at DevSkill.Inventory.Application.Features.Sales.Queries.GetSalesSPQueryHandler.Handle(GetSalesSPQuery request, CancellationToken cancellationToken) in C:\Users\Nasim Reza\Desktop\Final Project\aspnet-b11-nasim\src\DevSkill.Inventory.sln\DevSkill.Inventory.Application\Features\Sales\Queries\GetSalesSPQueryHandler.cs:line 24
   at DevSkill.Inventory.Web.Areas.Admin.Controllers.SalesController.GetSalesJsonData(SalesListModel model) in C:\Users\Nasim Reza\Desktop\Final Project\aspnet-b11-nasim\src\DevSkill.Inventory.sln\DevSkill.Inventory.Web\Areas\Admin\Controllers\SalesController.cs:line 51
ClientConnectionId:7ca592c5-840d-4b38-b6b4-ed439b1cbd2d
Error Number:2812,State:62,Class:16
2025-07-03 18:50:13.051 +06:00 [ERR] Error loading sales return data
Microsoft.Data.SqlClient.SqlException (0x80131904): Could not find stored procedure 'GetSalesReturns'.
   at Microsoft.Data.SqlClient.SqlCommand.<>c.<ExecuteDbDataReaderAsync>b__195_0(Task`1 result)
   at System.Threading.Tasks.ContinuationResultTaskFromResultTask`2.InnerInvoke()
   at System.Threading.ExecutionContext.RunInternal(ExecutionContext executionContext, ContextCallback callback, Object state)
--- End of stack trace from previous location ---
   at System.Threading.ExecutionContext.RunInternal(ExecutionContext executionContext, ContextCallback callback, Object state)
   at System.Threading.Tasks.Task.ExecuteWithThreadLocal(Task& currentTaskSlot, Thread threadPoolThread)
--- End of stack trace from previous location ---
   at DevSkill.Inventory.Infrastructure.Utilities.SqlUtility.ExecuteQueryAsync[TReturn](DbCommand command) in C:\Users\Nasim Reza\Desktop\Final Project\aspnet-b11-nasim\src\DevSkill.Inventory.sln\DevSkill.Inventory.Infrastructure\Utilities\SqlUtility.cs:line 237
   at DevSkill.Inventory.Infrastructure.Utilities.SqlUtility.QueryWithStoredProcedureAsync[TReturn](String storedProcedureName, IDictionary`2 parameters, IDictionary`2 outParameters) in C:\Users\Nasim Reza\Desktop\Final Project\aspnet-b11-nasim\src\DevSkill.Inventory.sln\DevSkill.Inventory.Infrastructure\Utilities\SqlUtility.cs:line 100
   at DevSkill.Inventory.Infrastructure.Utilities.SqlUtility.QueryWithStoredProcedureAsync[TReturn](String storedProcedureName, IDictionary`2 parameters, IDictionary`2 outParameters) in C:\Users\Nasim Reza\Desktop\Final Project\aspnet-b11-nasim\src\DevSkill.Inventory.sln\DevSkill.Inventory.Infrastructure\Utilities\SqlUtility.cs:line 106
   at DevSkill.Inventory.Infrastructure.ApplicationUnitOfWork.GetSalesReturnsSP(Int32 pageIndex, Int32 pageSize, String order, SalesReturnSearchDto search) in C:\Users\Nasim Reza\Desktop\Final Project\aspnet-b11-nasim\src\DevSkill.Inventory.sln\DevSkill.Inventory.Infrastructure\ApplicationUnitOfWork.cs:line 171
   at DevSkill.Inventory.Application.Features.SalesReturns.Queries.GetSalesReturnsSPQueryHandler.Handle(GetSalesReturnsSPQuery request, CancellationToken cancellationToken) in C:\Users\Nasim Reza\Desktop\Final Project\aspnet-b11-nasim\src\DevSkill.Inventory.sln\DevSkill.Inventory.Application\Features\SalesReturns\Queries\GetSalesReturnsQueryHandler.cs:line 23
   at DevSkill.Inventory.Web.Areas.Admin.Controllers.SalesController.GetSalesReturnsJsonData(SalesReturnListModel model) in C:\Users\Nasim Reza\Desktop\Final Project\aspnet-b11-nasim\src\DevSkill.Inventory.sln\DevSkill.Inventory.Web\Areas\Admin\Controllers\SalesController.cs:line 99
ClientConnectionId:cd6fbde9-089b-4ac7-a6a3-c78d18efca70
Error Number:2812,State:62,Class:16
2025-07-03 18:50:14.031 +06:00 [ERR] Error loading purchase returns
Microsoft.Data.SqlClient.SqlException (0x80131904): Could not find stored procedure 'GetPurchaseReturns'.
   at Microsoft.Data.SqlClient.SqlCommand.<>c.<ExecuteDbDataReaderAsync>b__195_0(Task`1 result)
   at System.Threading.Tasks.ContinuationResultTaskFromResultTask`2.InnerInvoke()
   at System.Threading.ExecutionContext.RunInternal(ExecutionContext executionContext, ContextCallback callback, Object state)
--- End of stack trace from previous location ---
   at System.Threading.ExecutionContext.RunInternal(ExecutionContext executionContext, ContextCallback callback, Object state)
   at System.Threading.Tasks.Task.ExecuteWithThreadLocal(Task& currentTaskSlot, Thread threadPoolThread)
--- End of stack trace from previous location ---
   at DevSkill.Inventory.Infrastructure.Utilities.SqlUtility.ExecuteQueryAsync[TReturn](DbCommand command) in C:\Users\Nasim Reza\Desktop\Final Project\aspnet-b11-nasim\src\DevSkill.Inventory.sln\DevSkill.Inventory.Infrastructure\Utilities\SqlUtility.cs:line 237
   at DevSkill.Inventory.Infrastructure.Utilities.SqlUtility.QueryWithStoredProcedureAsync[TReturn](String storedProcedureName, IDictionary`2 parameters, IDictionary`2 outParameters) in C:\Users\Nasim Reza\Desktop\Final Project\aspnet-b11-nasim\src\DevSkill.Inventory.sln\DevSkill.Inventory.Infrastructure\Utilities\SqlUtility.cs:line 100
   at DevSkill.Inventory.Infrastructure.Utilities.SqlUtility.QueryWithStoredProcedureAsync[TReturn](String storedProcedureName, IDictionary`2 parameters, IDictionary`2 outParameters) in C:\Users\Nasim Reza\Desktop\Final Project\aspnet-b11-nasim\src\DevSkill.Inventory.sln\DevSkill.Inventory.Infrastructure\Utilities\SqlUtility.cs:line 106
   at DevSkill.Inventory.Infrastructure.ApplicationUnitOfWork.GetPurchaseReturnsSP(Int32 pageIndex, Int32 pageSize, String order, PurchaseReturnSearchDto search) in C:\Users\Nasim Reza\Desktop\Final Project\aspnet-b11-nasim\src\DevSkill.Inventory.sln\DevSkill.Inventory.Infrastructure\ApplicationUnitOfWork.cs:line 200
   at DevSkill.Inventory.Application.Features.PurchaseReturns.Queries.GetPurchaseReturnsSPQueryHandler.Handle(GetPurchaseReturnsSPQuery request, CancellationToken cancellationToken) in C:\Users\Nasim Reza\Desktop\Final Project\aspnet-b11-nasim\src\DevSkill.Inventory.sln\DevSkill.Inventory.Application\Features\PurchaseReturns\Queries\GetPurchaseReturnsSPQueryHandler.cs:line 23
   at DevSkill.Inventory.Web.Areas.Admin.Controllers.PurchasesController.GetPurchaseReturnsJsonData(PurchaseReturnListModel model) in C:\Users\Nasim Reza\Desktop\Final Project\aspnet-b11-nasim\src\DevSkill.Inventory.sln\DevSkill.Inventory.Web\Areas\Admin\Controllers\PurchasesController.cs:line 103
ClientConnectionId:cd6fbde9-089b-4ac7-a6a3-c78d18efca70
Error Number:2812,State:62,Class:16
2025-07-03 18:50:15.263 +06:00 [ERR] Error loading service data
Microsoft.Data.SqlClient.SqlException (0x80131904): Could not find stored procedure 'GetServices'.
   at Microsoft.Data.SqlClient.SqlCommand.<>c.<ExecuteDbDataReaderAsync>b__195_0(Task`1 result)
   at System.Threading.Tasks.ContinuationResultTaskFromResultTask`2.InnerInvoke()
   at System.Threading.ExecutionContext.RunInternal(ExecutionContext executionContext, ContextCallback callback, Object state)
--- End of stack trace from previous location ---
   at System.Threading.ExecutionContext.RunInternal(ExecutionContext executionContext, ContextCallback callback, Object state)
   at System.Threading.Tasks.Task.ExecuteWithThreadLocal(Task& currentTaskSlot, Thread threadPoolThread)
--- End of stack trace from previous location ---
   at DevSkill.Inventory.Infrastructure.Utilities.SqlUtility.ExecuteQueryAsync[TReturn](DbCommand command) in C:\Users\Nasim Reza\Desktop\Final Project\aspnet-b11-nasim\src\DevSkill.Inventory.sln\DevSkill.Inventory.Infrastructure\Utilities\SqlUtility.cs:line 237
   at DevSkill.Inventory.Infrastructure.Utilities.SqlUtility.QueryWithStoredProcedureAsync[TReturn](String storedProcedureName, IDictionary`2 parameters, IDictionary`2 outParameters) in C:\Users\Nasim Reza\Desktop\Final Project\aspnet-b11-nasim\src\DevSkill.Inventory.sln\DevSkill.Inventory.Infrastructure\Utilities\SqlUtility.cs:line 100
   at DevSkill.Inventory.Infrastructure.Utilities.SqlUtility.QueryWithStoredProcedureAsync[TReturn](String storedProcedureName, IDictionary`2 parameters, IDictionary`2 outParameters) in C:\Users\Nasim Reza\Desktop\Final Project\aspnet-b11-nasim\src\DevSkill.Inventory.sln\DevSkill.Inventory.Infrastructure\Utilities\SqlUtility.cs:line 106
   at DevSkill.Inventory.Infrastructure.ApplicationUnitOfWork.GetServicesSP(Int32 pageIndex, Int32 pageSize, String orderBy, ServiceSearchDto search) in C:\Users\Nasim Reza\Desktop\Final Project\aspnet-b11-nasim\src\DevSkill.Inventory.sln\DevSkill.Inventory.Infrastructure\ApplicationUnitOfWork.cs:line 224
   at DevSkill.Inventory.Application.Features.ServiceFeatures.Queries.GetServicesSPQueryHandler.Handle(GetServicesSPQuery request, CancellationToken cancellationToken) in C:\Users\Nasim Reza\Desktop\Final Project\aspnet-b11-nasim\src\DevSkill.Inventory.sln\DevSkill.Inventory.Application\Features\ServiceFeatures\Queries\GetServicesSPQueryHandler.cs:line 23
   at DevSkill.Inventory.Web.Areas.Admin.Controllers.ServicesController.GetServicesJsonData(ServiceListModel model) in C:\Users\Nasim Reza\Desktop\Final Project\aspnet-b11-nasim\src\DevSkill.Inventory.sln\DevSkill.Inventory.Web\Areas\Admin\Controllers\ServicesController.cs:line 46
ClientConnectionId:cd6fbde9-089b-4ac7-a6a3-c78d18efca70
Error Number:2812,State:62,Class:16
2025-07-03 18:50:15.640 +06:00 [ERR] Error loading service sales
Microsoft.Data.SqlClient.SqlException (0x80131904): Procedure or function 'GetServiceSales' expects parameter '@TotalCount', which was not supplied.
   at Microsoft.Data.SqlClient.SqlCommand.<>c.<ExecuteDbDataReaderAsync>b__195_0(Task`1 result)
   at System.Threading.Tasks.ContinuationResultTaskFromResultTask`2.InnerInvoke()
   at System.Threading.ExecutionContext.RunInternal(ExecutionContext executionContext, ContextCallback callback, Object state)
--- End of stack trace from previous location ---
   at System.Threading.ExecutionContext.RunInternal(ExecutionContext executionContext, ContextCallback callback, Object state)
   at System.Threading.Tasks.Task.ExecuteWithThreadLocal(Task& currentTaskSlot, Thread threadPoolThread)
--- End of stack trace from previous location ---
   at DevSkill.Inventory.Infrastructure.Utilities.SqlUtility.ExecuteQueryAsync[TReturn](DbCommand command) in C:\Users\Nasim Reza\Desktop\Final Project\aspnet-b11-nasim\src\DevSkill.Inventory.sln\DevSkill.Inventory.Infrastructure\Utilities\SqlUtility.cs:line 237
   at DevSkill.Inventory.Infrastructure.Utilities.SqlUtility.QueryWithStoredProcedureAsync[TReturn](String storedProcedureName, IDictionary`2 parameters, IDictionary`2 outParameters) in C:\Users\Nasim Reza\Desktop\Final Project\aspnet-b11-nasim\src\DevSkill.Inventory.sln\DevSkill.Inventory.Infrastructure\Utilities\SqlUtility.cs:line 100
   at DevSkill.Inventory.Infrastructure.Utilities.SqlUtility.QueryWithStoredProcedureAsync[TReturn](String storedProcedureName, IDictionary`2 parameters, IDictionary`2 outParameters) in C:\Users\Nasim Reza\Desktop\Final Project\aspnet-b11-nasim\src\DevSkill.Inventory.sln\DevSkill.Inventory.Infrastructure\Utilities\SqlUtility.cs:line 106
   at DevSkill.Inventory.Infrastructure.ApplicationUnitOfWork.GetServiceSalesSP(Int32 pageIndex, Int32 pageSize, String order, ServiceSaleSearchDto search) in C:\Users\Nasim Reza\Desktop\Final Project\aspnet-b11-nasim\src\DevSkill.Inventory.sln\DevSkill.Inventory.Infrastructure\ApplicationUnitOfWork.cs:line 248
   at DevSkill.Inventory.Application.Features.ServiceSales.Queries.GetServiceSalesSPQueryHandler.Handle(GetServiceSalesSPQuery request, CancellationToken cancellationToken) in C:\Users\Nasim Reza\Desktop\Final Project\aspnet-b11-nasim\src\DevSkill.Inventory.sln\DevSkill.Inventory.Application\Features\ServiceSales\Queries\GetServiceSalesSPQueryHandler.cs:line 25
   at DevSkill.Inventory.Web.Areas.Admin.Controllers.ServiceSalesController.GetServiceSalesJsonData(ServiceSaleListModel model) in C:\Users\Nasim Reza\Desktop\Final Project\aspnet-b11-nasim\src\DevSkill.Inventory.sln\DevSkill.Inventory.Web\Areas\Admin\Controllers\ServiceSalesController.cs:line 129
ClientConnectionId:cd6fbde9-089b-4ac7-a6a3-c78d18efca70
Error Number:201,State:4,Class:16
