2025-06-19 11:54:36.376 +06:00 [INF] Application Starting...17-jan
2025-06-19 11:54:36.418 +06:00 [INF] This is Nasim Reza Hridoy
2025-06-19 11:54:36.418 +06:00 [ERR] An error occurred while starting the application.
2025-06-19 11:54:43.935 +06:00 [INF] This is Nasim Reza
2025-06-19 11:54:43.957 +06:00 [INF] This is a test log entry to verify database logging.
2025-06-19 11:55:12.969 +06:00 [ERR] Error loading purchases
Microsoft.Data.SqlClient.SqlException (0x80131904): Could not find stored procedure 'GetPurchases'.
   at Microsoft.Data.SqlClient.SqlCommand.<>c.<ExecuteDbDataReaderAsync>b__195_0(Task`1 result)
   at System.Threading.Tasks.ContinuationResultTaskFromResultTask`2.InnerInvoke()
   at System.Threading.ExecutionContext.RunInternal(ExecutionContext executionContext, ContextCallback callback, Object state)
--- End of stack trace from previous location ---
   at System.Threading.ExecutionContext.RunInternal(ExecutionContext executionContext, ContextCallback callback, Object state)
   at System.Threading.Tasks.Task.ExecuteWithThreadLocal(Task& currentTaskSlot, Thread threadPoolThread)
--- End of stack trace from previous location ---
   at DevSkill.Inventory.Infrastructure.Utilities.SqlUtility.ExecuteQueryAsync[TReturn](DbCommand command) in C:\Users\Nasim Reza\Desktop\Final Project\aspnet-b11-nasim\src\DevSkill.Inventory.sln\DevSkill.Inventory.Infrastructure\Utilities\SqlUtility.cs:line 237
   at DevSkill.Inventory.Infrastructure.Utilities.SqlUtility.QueryWithStoredProcedureAsync[TReturn](String storedProcedureName, IDictionary`2 parameters, IDictionary`2 outParameters) in C:\Users\Nasim Reza\Desktop\Final Project\aspnet-b11-nasim\src\DevSkill.Inventory.sln\DevSkill.Inventory.Infrastructure\Utilities\SqlUtility.cs:line 100
   at DevSkill.Inventory.Infrastructure.Utilities.SqlUtility.QueryWithStoredProcedureAsync[TReturn](String storedProcedureName, IDictionary`2 parameters, IDictionary`2 outParameters) in C:\Users\Nasim Reza\Desktop\Final Project\aspnet-b11-nasim\src\DevSkill.Inventory.sln\DevSkill.Inventory.Infrastructure\Utilities\SqlUtility.cs:line 106
   at DevSkill.Inventory.Infrastructure.ApplicationUnitOfWork.GetPurchasesSP(Int32 pageIndex, Int32 pageSize, String orderBy, PurchaseSearchDto search) in C:\Users\Nasim Reza\Desktop\Final Project\aspnet-b11-nasim\src\DevSkill.Inventory.sln\DevSkill.Inventory.Infrastructure\ApplicationUnitOfWork.cs:line 86
   at DevSkill.Inventory.Application.Features.Purchases.Queries.GetPurchasesSPQueryHandler.Handle(GetPurchasesSPQuery request, CancellationToken cancellationToken) in C:\Users\Nasim Reza\Desktop\Final Project\aspnet-b11-nasim\src\DevSkill.Inventory.sln\DevSkill.Inventory.Application\Features\Purchases\Queries\GetPurchasesSPQueryHandler.cs:line 22
   at DevSkill.Inventory.Web.Areas.Admin.Controllers.PurchasesController.GetPurchasesJsonData(PurchaseListModel model) in C:\Users\Nasim Reza\Desktop\Final Project\aspnet-b11-nasim\src\DevSkill.Inventory.sln\DevSkill.Inventory.Web\Areas\Admin\Controllers\PurchasesController.cs:line 55
ClientConnectionId:3c8c55d9-6e8d-4c6c-9603-fa89ded99c0f
Error Number:2812,State:62,Class:16
2025-06-19 11:55:14.101 +06:00 [ERR] Error loading sales
Microsoft.Data.SqlClient.SqlException (0x80131904): Could not find stored procedure 'GetSales'.
   at Microsoft.Data.SqlClient.SqlCommand.<>c.<ExecuteDbDataReaderAsync>b__195_0(Task`1 result)
   at System.Threading.Tasks.ContinuationResultTaskFromResultTask`2.InnerInvoke()
   at System.Threading.ExecutionContext.RunInternal(ExecutionContext executionContext, ContextCallback callback, Object state)
--- End of stack trace from previous location ---
   at System.Threading.ExecutionContext.RunInternal(ExecutionContext executionContext, ContextCallback callback, Object state)
   at System.Threading.Tasks.Task.ExecuteWithThreadLocal(Task& currentTaskSlot, Thread threadPoolThread)
--- End of stack trace from previous location ---
   at DevSkill.Inventory.Infrastructure.Utilities.SqlUtility.ExecuteQueryAsync[TReturn](DbCommand command) in C:\Users\Nasim Reza\Desktop\Final Project\aspnet-b11-nasim\src\DevSkill.Inventory.sln\DevSkill.Inventory.Infrastructure\Utilities\SqlUtility.cs:line 237
   at DevSkill.Inventory.Infrastructure.Utilities.SqlUtility.QueryWithStoredProcedureAsync[TReturn](String storedProcedureName, IDictionary`2 parameters, IDictionary`2 outParameters) in C:\Users\Nasim Reza\Desktop\Final Project\aspnet-b11-nasim\src\DevSkill.Inventory.sln\DevSkill.Inventory.Infrastructure\Utilities\SqlUtility.cs:line 100
   at DevSkill.Inventory.Infrastructure.Utilities.SqlUtility.QueryWithStoredProcedureAsync[TReturn](String storedProcedureName, IDictionary`2 parameters, IDictionary`2 outParameters) in C:\Users\Nasim Reza\Desktop\Final Project\aspnet-b11-nasim\src\DevSkill.Inventory.sln\DevSkill.Inventory.Infrastructure\Utilities\SqlUtility.cs:line 106
   at DevSkill.Inventory.Infrastructure.ApplicationUnitOfWork.GetSalesSP(Int32 pageIndex, Int32 pageSize, String orderBy, SaleSearchDto search) in C:\Users\Nasim Reza\Desktop\Final Project\aspnet-b11-nasim\src\DevSkill.Inventory.sln\DevSkill.Inventory.Infrastructure\ApplicationUnitOfWork.cs:line 114
   at DevSkill.Inventory.Application.Features.Sales.Queries.GetSalesSPQueryHandler.Handle(GetSalesSPQuery request, CancellationToken cancellationToken) in C:\Users\Nasim Reza\Desktop\Final Project\aspnet-b11-nasim\src\DevSkill.Inventory.sln\DevSkill.Inventory.Application\Features\Sales\Queries\GetSalesSPQueryHandler.cs:line 23
   at DevSkill.Inventory.Web.Areas.Admin.Controllers.SalesController.GetSalesJsonData(SalesListModel model) in C:\Users\Nasim Reza\Desktop\Final Project\aspnet-b11-nasim\src\DevSkill.Inventory.sln\DevSkill.Inventory.Web\Areas\Admin\Controllers\SalesController.cs:line 51
ClientConnectionId:3c8c55d9-6e8d-4c6c-9603-fa89ded99c0f
Error Number:2812,State:62,Class:16
2025-06-19 11:55:15.213 +06:00 [ERR] Error loading sales return data
Microsoft.Data.SqlClient.SqlException (0x80131904): Could not find stored procedure 'GetSalesReturns'.
   at Microsoft.Data.SqlClient.SqlCommand.<>c.<ExecuteDbDataReaderAsync>b__195_0(Task`1 result)
   at System.Threading.Tasks.ContinuationResultTaskFromResultTask`2.InnerInvoke()
   at System.Threading.ExecutionContext.RunInternal(ExecutionContext executionContext, ContextCallback callback, Object state)
--- End of stack trace from previous location ---
   at System.Threading.ExecutionContext.RunInternal(ExecutionContext executionContext, ContextCallback callback, Object state)
   at System.Threading.Tasks.Task.ExecuteWithThreadLocal(Task& currentTaskSlot, Thread threadPoolThread)
--- End of stack trace from previous location ---
   at DevSkill.Inventory.Infrastructure.Utilities.SqlUtility.ExecuteQueryAsync[TReturn](DbCommand command) in C:\Users\Nasim Reza\Desktop\Final Project\aspnet-b11-nasim\src\DevSkill.Inventory.sln\DevSkill.Inventory.Infrastructure\Utilities\SqlUtility.cs:line 237
   at DevSkill.Inventory.Infrastructure.Utilities.SqlUtility.QueryWithStoredProcedureAsync[TReturn](String storedProcedureName, IDictionary`2 parameters, IDictionary`2 outParameters) in C:\Users\Nasim Reza\Desktop\Final Project\aspnet-b11-nasim\src\DevSkill.Inventory.sln\DevSkill.Inventory.Infrastructure\Utilities\SqlUtility.cs:line 100
   at DevSkill.Inventory.Infrastructure.Utilities.SqlUtility.QueryWithStoredProcedureAsync[TReturn](String storedProcedureName, IDictionary`2 parameters, IDictionary`2 outParameters) in C:\Users\Nasim Reza\Desktop\Final Project\aspnet-b11-nasim\src\DevSkill.Inventory.sln\DevSkill.Inventory.Infrastructure\Utilities\SqlUtility.cs:line 106
   at DevSkill.Inventory.Infrastructure.ApplicationUnitOfWork.GetSalesReturnsSP(Int32 pageIndex, Int32 pageSize, String order, SalesReturnSearchDto search) in C:\Users\Nasim Reza\Desktop\Final Project\aspnet-b11-nasim\src\DevSkill.Inventory.sln\DevSkill.Inventory.Infrastructure\ApplicationUnitOfWork.cs:line 141
   at DevSkill.Inventory.Application.Features.SalesReturns.Queries.GetSalesReturnsSPQueryHandler.Handle(GetSalesReturnsSPQuery request, CancellationToken cancellationToken) in C:\Users\Nasim Reza\Desktop\Final Project\aspnet-b11-nasim\src\DevSkill.Inventory.sln\DevSkill.Inventory.Application\Features\SalesReturns\Queries\GetSalesReturnsQueryHandler.cs:line 23
   at DevSkill.Inventory.Web.Areas.Admin.Controllers.SalesController.GetSalesReturnsJsonData(SalesReturnListModel model) in C:\Users\Nasim Reza\Desktop\Final Project\aspnet-b11-nasim\src\DevSkill.Inventory.sln\DevSkill.Inventory.Web\Areas\Admin\Controllers\SalesController.cs:line 99
ClientConnectionId:3c8c55d9-6e8d-4c6c-9603-fa89ded99c0f
Error Number:2812,State:62,Class:16
2025-06-19 11:55:15.911 +06:00 [ERR] Error loading purchase returns
Microsoft.Data.SqlClient.SqlException (0x80131904): Could not find stored procedure 'GetPurchaseReturns'.
   at Microsoft.Data.SqlClient.SqlCommand.<>c.<ExecuteDbDataReaderAsync>b__195_0(Task`1 result)
   at System.Threading.Tasks.ContinuationResultTaskFromResultTask`2.InnerInvoke()
   at System.Threading.ExecutionContext.RunInternal(ExecutionContext executionContext, ContextCallback callback, Object state)
--- End of stack trace from previous location ---
   at System.Threading.ExecutionContext.RunInternal(ExecutionContext executionContext, ContextCallback callback, Object state)
   at System.Threading.Tasks.Task.ExecuteWithThreadLocal(Task& currentTaskSlot, Thread threadPoolThread)
--- End of stack trace from previous location ---
   at DevSkill.Inventory.Infrastructure.Utilities.SqlUtility.ExecuteQueryAsync[TReturn](DbCommand command) in C:\Users\Nasim Reza\Desktop\Final Project\aspnet-b11-nasim\src\DevSkill.Inventory.sln\DevSkill.Inventory.Infrastructure\Utilities\SqlUtility.cs:line 237
   at DevSkill.Inventory.Infrastructure.Utilities.SqlUtility.QueryWithStoredProcedureAsync[TReturn](String storedProcedureName, IDictionary`2 parameters, IDictionary`2 outParameters) in C:\Users\Nasim Reza\Desktop\Final Project\aspnet-b11-nasim\src\DevSkill.Inventory.sln\DevSkill.Inventory.Infrastructure\Utilities\SqlUtility.cs:line 100
   at DevSkill.Inventory.Infrastructure.Utilities.SqlUtility.QueryWithStoredProcedureAsync[TReturn](String storedProcedureName, IDictionary`2 parameters, IDictionary`2 outParameters) in C:\Users\Nasim Reza\Desktop\Final Project\aspnet-b11-nasim\src\DevSkill.Inventory.sln\DevSkill.Inventory.Infrastructure\Utilities\SqlUtility.cs:line 106
   at DevSkill.Inventory.Infrastructure.ApplicationUnitOfWork.GetPurchaseReturnsSP(Int32 pageIndex, Int32 pageSize, String order, PurchaseReturnSearchDto search) in C:\Users\Nasim Reza\Desktop\Final Project\aspnet-b11-nasim\src\DevSkill.Inventory.sln\DevSkill.Inventory.Infrastructure\ApplicationUnitOfWork.cs:line 170
   at DevSkill.Inventory.Application.Features.PurchaseReturns.Queries.GetPurchaseReturnsSPQueryHandler.Handle(GetPurchaseReturnsSPQuery request, CancellationToken cancellationToken) in C:\Users\Nasim Reza\Desktop\Final Project\aspnet-b11-nasim\src\DevSkill.Inventory.sln\DevSkill.Inventory.Application\Features\PurchaseReturns\Queries\GetPurchaseReturnsSPQueryHandler.cs:line 23
   at DevSkill.Inventory.Web.Areas.Admin.Controllers.PurchasesController.GetPurchaseReturnsJsonData(PurchaseReturnListModel model) in C:\Users\Nasim Reza\Desktop\Final Project\aspnet-b11-nasim\src\DevSkill.Inventory.sln\DevSkill.Inventory.Web\Areas\Admin\Controllers\PurchasesController.cs:line 103
ClientConnectionId:3c8c55d9-6e8d-4c6c-9603-fa89ded99c0f
Error Number:2812,State:62,Class:16
2025-06-19 11:55:16.593 +06:00 [ERR] Error loading service data
AutoMapper.AutoMapperMappingException: Missing type map configuration or unsupported mapping.

Mapping types:
ServiceSearchModel -> ServiceSearchDto
DevSkill.Inventory.Web.Areas.Admin.Models.ServicesModels.ServiceSearchModel -> DevSkill.Inventory.Domain.Dtos.ServiceSearchDto
   at lambda_method881(Closure, Object, ServiceSearchDto, ResolutionContext)
   at DevSkill.Inventory.Web.Areas.Admin.Controllers.ServicesController.GetServicesJsonData(ServiceListModel model) in C:\Users\Nasim Reza\Desktop\Final Project\aspnet-b11-nasim\src\DevSkill.Inventory.sln\DevSkill.Inventory.Web\Areas\Admin\Controllers\ServicesController.cs:line 36
2025-06-19 18:42:40.771 +06:00 [INF] Application Starting...17-jan
2025-06-19 18:42:40.803 +06:00 [INF] This is Nasim Reza Hridoy
2025-06-19 18:42:40.804 +06:00 [ERR] An error occurred while starting the application.
2025-06-19 18:42:43.256 +06:00 [INF] This is Nasim Reza
2025-06-19 18:42:43.273 +06:00 [INF] This is a test log entry to verify database logging.
2025-06-19 18:42:57.308 +06:00 [ERR] Error loading sales
Microsoft.Data.SqlClient.SqlException (0x80131904): Could not find stored procedure 'GetSales'.
   at Microsoft.Data.SqlClient.SqlCommand.<>c.<ExecuteDbDataReaderAsync>b__195_0(Task`1 result)
   at System.Threading.Tasks.ContinuationResultTaskFromResultTask`2.InnerInvoke()
   at System.Threading.ExecutionContext.RunInternal(ExecutionContext executionContext, ContextCallback callback, Object state)
--- End of stack trace from previous location ---
   at System.Threading.ExecutionContext.RunInternal(ExecutionContext executionContext, ContextCallback callback, Object state)
   at System.Threading.Tasks.Task.ExecuteWithThreadLocal(Task& currentTaskSlot, Thread threadPoolThread)
--- End of stack trace from previous location ---
   at DevSkill.Inventory.Infrastructure.Utilities.SqlUtility.ExecuteQueryAsync[TReturn](DbCommand command) in C:\Users\Nasim Reza\Desktop\Final Project\aspnet-b11-nasim\src\DevSkill.Inventory.sln\DevSkill.Inventory.Infrastructure\Utilities\SqlUtility.cs:line 237
   at DevSkill.Inventory.Infrastructure.Utilities.SqlUtility.QueryWithStoredProcedureAsync[TReturn](String storedProcedureName, IDictionary`2 parameters, IDictionary`2 outParameters) in C:\Users\Nasim Reza\Desktop\Final Project\aspnet-b11-nasim\src\DevSkill.Inventory.sln\DevSkill.Inventory.Infrastructure\Utilities\SqlUtility.cs:line 100
   at DevSkill.Inventory.Infrastructure.Utilities.SqlUtility.QueryWithStoredProcedureAsync[TReturn](String storedProcedureName, IDictionary`2 parameters, IDictionary`2 outParameters) in C:\Users\Nasim Reza\Desktop\Final Project\aspnet-b11-nasim\src\DevSkill.Inventory.sln\DevSkill.Inventory.Infrastructure\Utilities\SqlUtility.cs:line 106
   at DevSkill.Inventory.Infrastructure.ApplicationUnitOfWork.GetSalesSP(Int32 pageIndex, Int32 pageSize, String orderBy, SaleSearchDto search) in C:\Users\Nasim Reza\Desktop\Final Project\aspnet-b11-nasim\src\DevSkill.Inventory.sln\DevSkill.Inventory.Infrastructure\ApplicationUnitOfWork.cs:line 114
   at DevSkill.Inventory.Application.Features.Sales.Queries.GetSalesSPQueryHandler.Handle(GetSalesSPQuery request, CancellationToken cancellationToken) in C:\Users\Nasim Reza\Desktop\Final Project\aspnet-b11-nasim\src\DevSkill.Inventory.sln\DevSkill.Inventory.Application\Features\Sales\Queries\GetSalesSPQueryHandler.cs:line 23
   at DevSkill.Inventory.Web.Areas.Admin.Controllers.SalesController.GetSalesJsonData(SalesListModel model) in C:\Users\Nasim Reza\Desktop\Final Project\aspnet-b11-nasim\src\DevSkill.Inventory.sln\DevSkill.Inventory.Web\Areas\Admin\Controllers\SalesController.cs:line 51
ClientConnectionId:5e4918f5-b601-4d4c-8b89-29a977f407b8
Error Number:2812,State:62,Class:16
2025-06-19 18:43:07.225 +06:00 [ERR] Error loading purchases
Microsoft.Data.SqlClient.SqlException (0x80131904): Could not find stored procedure 'GetPurchases'.
   at Microsoft.Data.SqlClient.SqlCommand.<>c.<ExecuteDbDataReaderAsync>b__195_0(Task`1 result)
   at System.Threading.Tasks.ContinuationResultTaskFromResultTask`2.InnerInvoke()
   at System.Threading.ExecutionContext.RunInternal(ExecutionContext executionContext, ContextCallback callback, Object state)
--- End of stack trace from previous location ---
   at System.Threading.ExecutionContext.RunInternal(ExecutionContext executionContext, ContextCallback callback, Object state)
   at System.Threading.Tasks.Task.ExecuteWithThreadLocal(Task& currentTaskSlot, Thread threadPoolThread)
--- End of stack trace from previous location ---
   at DevSkill.Inventory.Infrastructure.Utilities.SqlUtility.ExecuteQueryAsync[TReturn](DbCommand command) in C:\Users\Nasim Reza\Desktop\Final Project\aspnet-b11-nasim\src\DevSkill.Inventory.sln\DevSkill.Inventory.Infrastructure\Utilities\SqlUtility.cs:line 237
   at DevSkill.Inventory.Infrastructure.Utilities.SqlUtility.QueryWithStoredProcedureAsync[TReturn](String storedProcedureName, IDictionary`2 parameters, IDictionary`2 outParameters) in C:\Users\Nasim Reza\Desktop\Final Project\aspnet-b11-nasim\src\DevSkill.Inventory.sln\DevSkill.Inventory.Infrastructure\Utilities\SqlUtility.cs:line 100
   at DevSkill.Inventory.Infrastructure.Utilities.SqlUtility.QueryWithStoredProcedureAsync[TReturn](String storedProcedureName, IDictionary`2 parameters, IDictionary`2 outParameters) in C:\Users\Nasim Reza\Desktop\Final Project\aspnet-b11-nasim\src\DevSkill.Inventory.sln\DevSkill.Inventory.Infrastructure\Utilities\SqlUtility.cs:line 106
   at DevSkill.Inventory.Infrastructure.ApplicationUnitOfWork.GetPurchasesSP(Int32 pageIndex, Int32 pageSize, String orderBy, PurchaseSearchDto search) in C:\Users\Nasim Reza\Desktop\Final Project\aspnet-b11-nasim\src\DevSkill.Inventory.sln\DevSkill.Inventory.Infrastructure\ApplicationUnitOfWork.cs:line 86
   at DevSkill.Inventory.Application.Features.Purchases.Queries.GetPurchasesSPQueryHandler.Handle(GetPurchasesSPQuery request, CancellationToken cancellationToken) in C:\Users\Nasim Reza\Desktop\Final Project\aspnet-b11-nasim\src\DevSkill.Inventory.sln\DevSkill.Inventory.Application\Features\Purchases\Queries\GetPurchasesSPQueryHandler.cs:line 22
   at DevSkill.Inventory.Web.Areas.Admin.Controllers.PurchasesController.GetPurchasesJsonData(PurchaseListModel model) in C:\Users\Nasim Reza\Desktop\Final Project\aspnet-b11-nasim\src\DevSkill.Inventory.sln\DevSkill.Inventory.Web\Areas\Admin\Controllers\PurchasesController.cs:line 55
ClientConnectionId:5e4918f5-b601-4d4c-8b89-29a977f407b8
Error Number:2812,State:62,Class:16
2025-06-19 18:43:13.874 +06:00 [ERR] Error loading purchases
Microsoft.Data.SqlClient.SqlException (0x80131904): Could not find stored procedure 'GetPurchases'.
   at Microsoft.Data.SqlClient.SqlCommand.<>c.<ExecuteDbDataReaderAsync>b__195_0(Task`1 result)
   at System.Threading.Tasks.ContinuationResultTaskFromResultTask`2.InnerInvoke()
   at System.Threading.ExecutionContext.RunInternal(ExecutionContext executionContext, ContextCallback callback, Object state)
--- End of stack trace from previous location ---
   at System.Threading.ExecutionContext.RunInternal(ExecutionContext executionContext, ContextCallback callback, Object state)
   at System.Threading.Tasks.Task.ExecuteWithThreadLocal(Task& currentTaskSlot, Thread threadPoolThread)
--- End of stack trace from previous location ---
   at DevSkill.Inventory.Infrastructure.Utilities.SqlUtility.ExecuteQueryAsync[TReturn](DbCommand command) in C:\Users\Nasim Reza\Desktop\Final Project\aspnet-b11-nasim\src\DevSkill.Inventory.sln\DevSkill.Inventory.Infrastructure\Utilities\SqlUtility.cs:line 237
   at DevSkill.Inventory.Infrastructure.Utilities.SqlUtility.QueryWithStoredProcedureAsync[TReturn](String storedProcedureName, IDictionary`2 parameters, IDictionary`2 outParameters) in C:\Users\Nasim Reza\Desktop\Final Project\aspnet-b11-nasim\src\DevSkill.Inventory.sln\DevSkill.Inventory.Infrastructure\Utilities\SqlUtility.cs:line 100
   at DevSkill.Inventory.Infrastructure.Utilities.SqlUtility.QueryWithStoredProcedureAsync[TReturn](String storedProcedureName, IDictionary`2 parameters, IDictionary`2 outParameters) in C:\Users\Nasim Reza\Desktop\Final Project\aspnet-b11-nasim\src\DevSkill.Inventory.sln\DevSkill.Inventory.Infrastructure\Utilities\SqlUtility.cs:line 106
   at DevSkill.Inventory.Infrastructure.ApplicationUnitOfWork.GetPurchasesSP(Int32 pageIndex, Int32 pageSize, String orderBy, PurchaseSearchDto search) in C:\Users\Nasim Reza\Desktop\Final Project\aspnet-b11-nasim\src\DevSkill.Inventory.sln\DevSkill.Inventory.Infrastructure\ApplicationUnitOfWork.cs:line 86
   at DevSkill.Inventory.Application.Features.Purchases.Queries.GetPurchasesSPQueryHandler.Handle(GetPurchasesSPQuery request, CancellationToken cancellationToken) in C:\Users\Nasim Reza\Desktop\Final Project\aspnet-b11-nasim\src\DevSkill.Inventory.sln\DevSkill.Inventory.Application\Features\Purchases\Queries\GetPurchasesSPQueryHandler.cs:line 22
   at DevSkill.Inventory.Web.Areas.Admin.Controllers.PurchasesController.GetPurchasesJsonData(PurchaseListModel model) in C:\Users\Nasim Reza\Desktop\Final Project\aspnet-b11-nasim\src\DevSkill.Inventory.sln\DevSkill.Inventory.Web\Areas\Admin\Controllers\PurchasesController.cs:line 55
ClientConnectionId:5e4918f5-b601-4d4c-8b89-29a977f407b8
Error Number:2812,State:62,Class:16
2025-06-19 18:43:14.834 +06:00 [ERR] Error loading sales
Microsoft.Data.SqlClient.SqlException (0x80131904): Could not find stored procedure 'GetSales'.
   at Microsoft.Data.SqlClient.SqlCommand.<>c.<ExecuteDbDataReaderAsync>b__195_0(Task`1 result)
   at System.Threading.Tasks.ContinuationResultTaskFromResultTask`2.InnerInvoke()
   at System.Threading.ExecutionContext.RunInternal(ExecutionContext executionContext, ContextCallback callback, Object state)
--- End of stack trace from previous location ---
   at System.Threading.ExecutionContext.RunInternal(ExecutionContext executionContext, ContextCallback callback, Object state)
   at System.Threading.Tasks.Task.ExecuteWithThreadLocal(Task& currentTaskSlot, Thread threadPoolThread)
--- End of stack trace from previous location ---
   at DevSkill.Inventory.Infrastructure.Utilities.SqlUtility.ExecuteQueryAsync[TReturn](DbCommand command) in C:\Users\Nasim Reza\Desktop\Final Project\aspnet-b11-nasim\src\DevSkill.Inventory.sln\DevSkill.Inventory.Infrastructure\Utilities\SqlUtility.cs:line 237
   at DevSkill.Inventory.Infrastructure.Utilities.SqlUtility.QueryWithStoredProcedureAsync[TReturn](String storedProcedureName, IDictionary`2 parameters, IDictionary`2 outParameters) in C:\Users\Nasim Reza\Desktop\Final Project\aspnet-b11-nasim\src\DevSkill.Inventory.sln\DevSkill.Inventory.Infrastructure\Utilities\SqlUtility.cs:line 100
   at DevSkill.Inventory.Infrastructure.Utilities.SqlUtility.QueryWithStoredProcedureAsync[TReturn](String storedProcedureName, IDictionary`2 parameters, IDictionary`2 outParameters) in C:\Users\Nasim Reza\Desktop\Final Project\aspnet-b11-nasim\src\DevSkill.Inventory.sln\DevSkill.Inventory.Infrastructure\Utilities\SqlUtility.cs:line 106
   at DevSkill.Inventory.Infrastructure.ApplicationUnitOfWork.GetSalesSP(Int32 pageIndex, Int32 pageSize, String orderBy, SaleSearchDto search) in C:\Users\Nasim Reza\Desktop\Final Project\aspnet-b11-nasim\src\DevSkill.Inventory.sln\DevSkill.Inventory.Infrastructure\ApplicationUnitOfWork.cs:line 114
   at DevSkill.Inventory.Application.Features.Sales.Queries.GetSalesSPQueryHandler.Handle(GetSalesSPQuery request, CancellationToken cancellationToken) in C:\Users\Nasim Reza\Desktop\Final Project\aspnet-b11-nasim\src\DevSkill.Inventory.sln\DevSkill.Inventory.Application\Features\Sales\Queries\GetSalesSPQueryHandler.cs:line 23
   at DevSkill.Inventory.Web.Areas.Admin.Controllers.SalesController.GetSalesJsonData(SalesListModel model) in C:\Users\Nasim Reza\Desktop\Final Project\aspnet-b11-nasim\src\DevSkill.Inventory.sln\DevSkill.Inventory.Web\Areas\Admin\Controllers\SalesController.cs:line 51
ClientConnectionId:5e4918f5-b601-4d4c-8b89-29a977f407b8
Error Number:2812,State:62,Class:16
2025-06-19 18:43:15.492 +06:00 [ERR] Error loading sales return data
Microsoft.Data.SqlClient.SqlException (0x80131904): Could not find stored procedure 'GetSalesReturns'.
   at Microsoft.Data.SqlClient.SqlCommand.<>c.<ExecuteDbDataReaderAsync>b__195_0(Task`1 result)
   at System.Threading.Tasks.ContinuationResultTaskFromResultTask`2.InnerInvoke()
   at System.Threading.ExecutionContext.RunInternal(ExecutionContext executionContext, ContextCallback callback, Object state)
--- End of stack trace from previous location ---
   at System.Threading.ExecutionContext.RunInternal(ExecutionContext executionContext, ContextCallback callback, Object state)
   at System.Threading.Tasks.Task.ExecuteWithThreadLocal(Task& currentTaskSlot, Thread threadPoolThread)
--- End of stack trace from previous location ---
   at DevSkill.Inventory.Infrastructure.Utilities.SqlUtility.ExecuteQueryAsync[TReturn](DbCommand command) in C:\Users\Nasim Reza\Desktop\Final Project\aspnet-b11-nasim\src\DevSkill.Inventory.sln\DevSkill.Inventory.Infrastructure\Utilities\SqlUtility.cs:line 237
   at DevSkill.Inventory.Infrastructure.Utilities.SqlUtility.QueryWithStoredProcedureAsync[TReturn](String storedProcedureName, IDictionary`2 parameters, IDictionary`2 outParameters) in C:\Users\Nasim Reza\Desktop\Final Project\aspnet-b11-nasim\src\DevSkill.Inventory.sln\DevSkill.Inventory.Infrastructure\Utilities\SqlUtility.cs:line 100
   at DevSkill.Inventory.Infrastructure.Utilities.SqlUtility.QueryWithStoredProcedureAsync[TReturn](String storedProcedureName, IDictionary`2 parameters, IDictionary`2 outParameters) in C:\Users\Nasim Reza\Desktop\Final Project\aspnet-b11-nasim\src\DevSkill.Inventory.sln\DevSkill.Inventory.Infrastructure\Utilities\SqlUtility.cs:line 106
   at DevSkill.Inventory.Infrastructure.ApplicationUnitOfWork.GetSalesReturnsSP(Int32 pageIndex, Int32 pageSize, String order, SalesReturnSearchDto search) in C:\Users\Nasim Reza\Desktop\Final Project\aspnet-b11-nasim\src\DevSkill.Inventory.sln\DevSkill.Inventory.Infrastructure\ApplicationUnitOfWork.cs:line 141
   at DevSkill.Inventory.Application.Features.SalesReturns.Queries.GetSalesReturnsSPQueryHandler.Handle(GetSalesReturnsSPQuery request, CancellationToken cancellationToken) in C:\Users\Nasim Reza\Desktop\Final Project\aspnet-b11-nasim\src\DevSkill.Inventory.sln\DevSkill.Inventory.Application\Features\SalesReturns\Queries\GetSalesReturnsQueryHandler.cs:line 23
   at DevSkill.Inventory.Web.Areas.Admin.Controllers.SalesController.GetSalesReturnsJsonData(SalesReturnListModel model) in C:\Users\Nasim Reza\Desktop\Final Project\aspnet-b11-nasim\src\DevSkill.Inventory.sln\DevSkill.Inventory.Web\Areas\Admin\Controllers\SalesController.cs:line 99
ClientConnectionId:5e4918f5-b601-4d4c-8b89-29a977f407b8
Error Number:2812,State:62,Class:16
2025-06-19 18:43:16.631 +06:00 [ERR] Error loading purchase returns
Microsoft.Data.SqlClient.SqlException (0x80131904): Could not find stored procedure 'GetPurchaseReturns'.
   at Microsoft.Data.SqlClient.SqlCommand.<>c.<ExecuteDbDataReaderAsync>b__195_0(Task`1 result)
   at System.Threading.Tasks.ContinuationResultTaskFromResultTask`2.InnerInvoke()
   at System.Threading.ExecutionContext.RunInternal(ExecutionContext executionContext, ContextCallback callback, Object state)
--- End of stack trace from previous location ---
   at System.Threading.ExecutionContext.RunInternal(ExecutionContext executionContext, ContextCallback callback, Object state)
   at System.Threading.Tasks.Task.ExecuteWithThreadLocal(Task& currentTaskSlot, Thread threadPoolThread)
--- End of stack trace from previous location ---
   at DevSkill.Inventory.Infrastructure.Utilities.SqlUtility.ExecuteQueryAsync[TReturn](DbCommand command) in C:\Users\Nasim Reza\Desktop\Final Project\aspnet-b11-nasim\src\DevSkill.Inventory.sln\DevSkill.Inventory.Infrastructure\Utilities\SqlUtility.cs:line 237
   at DevSkill.Inventory.Infrastructure.Utilities.SqlUtility.QueryWithStoredProcedureAsync[TReturn](String storedProcedureName, IDictionary`2 parameters, IDictionary`2 outParameters) in C:\Users\Nasim Reza\Desktop\Final Project\aspnet-b11-nasim\src\DevSkill.Inventory.sln\DevSkill.Inventory.Infrastructure\Utilities\SqlUtility.cs:line 100
   at DevSkill.Inventory.Infrastructure.Utilities.SqlUtility.QueryWithStoredProcedureAsync[TReturn](String storedProcedureName, IDictionary`2 parameters, IDictionary`2 outParameters) in C:\Users\Nasim Reza\Desktop\Final Project\aspnet-b11-nasim\src\DevSkill.Inventory.sln\DevSkill.Inventory.Infrastructure\Utilities\SqlUtility.cs:line 106
   at DevSkill.Inventory.Infrastructure.ApplicationUnitOfWork.GetPurchaseReturnsSP(Int32 pageIndex, Int32 pageSize, String order, PurchaseReturnSearchDto search) in C:\Users\Nasim Reza\Desktop\Final Project\aspnet-b11-nasim\src\DevSkill.Inventory.sln\DevSkill.Inventory.Infrastructure\ApplicationUnitOfWork.cs:line 170
   at DevSkill.Inventory.Application.Features.PurchaseReturns.Queries.GetPurchaseReturnsSPQueryHandler.Handle(GetPurchaseReturnsSPQuery request, CancellationToken cancellationToken) in C:\Users\Nasim Reza\Desktop\Final Project\aspnet-b11-nasim\src\DevSkill.Inventory.sln\DevSkill.Inventory.Application\Features\PurchaseReturns\Queries\GetPurchaseReturnsSPQueryHandler.cs:line 23
   at DevSkill.Inventory.Web.Areas.Admin.Controllers.PurchasesController.GetPurchaseReturnsJsonData(PurchaseReturnListModel model) in C:\Users\Nasim Reza\Desktop\Final Project\aspnet-b11-nasim\src\DevSkill.Inventory.sln\DevSkill.Inventory.Web\Areas\Admin\Controllers\PurchasesController.cs:line 103
ClientConnectionId:5e4918f5-b601-4d4c-8b89-29a977f407b8
Error Number:2812,State:62,Class:16
2025-06-19 18:43:17.620 +06:00 [ERR] Error loading service data
AutoMapper.AutoMapperMappingException: Missing type map configuration or unsupported mapping.

Mapping types:
ServiceSearchModel -> ServiceSearchDto
DevSkill.Inventory.Web.Areas.Admin.Models.ServicesModels.ServiceSearchModel -> DevSkill.Inventory.Domain.Dtos.ServiceSearchDto
   at lambda_method895(Closure, Object, ServiceSearchDto, ResolutionContext)
   at DevSkill.Inventory.Web.Areas.Admin.Controllers.ServicesController.GetServicesJsonData(ServiceListModel model) in C:\Users\Nasim Reza\Desktop\Final Project\aspnet-b11-nasim\src\DevSkill.Inventory.sln\DevSkill.Inventory.Web\Areas\Admin\Controllers\ServicesController.cs:line 36
2025-06-19 18:54:34.460 +06:00 [INF] Application Starting...17-jan
2025-06-19 18:54:34.493 +06:00 [INF] This is Nasim Reza Hridoy
2025-06-19 18:54:34.493 +06:00 [ERR] An error occurred while starting the application.
2025-06-19 18:54:37.188 +06:00 [INF] This is Nasim Reza
2025-06-19 18:54:37.206 +06:00 [INF] This is a test log entry to verify database logging.
2025-06-19 18:57:35.198 +06:00 [INF] Application Starting...17-jan
2025-06-19 18:57:35.234 +06:00 [INF] This is Nasim Reza Hridoy
2025-06-19 18:57:35.234 +06:00 [ERR] An error occurred while starting the application.
2025-06-19 18:57:37.745 +06:00 [INF] This is Nasim Reza
2025-06-19 18:57:37.760 +06:00 [INF] This is a test log entry to verify database logging.
2025-06-19 18:58:53.462 +06:00 [INF] Application Starting...17-jan
2025-06-19 18:58:53.495 +06:00 [INF] This is Nasim Reza Hridoy
2025-06-19 18:58:53.496 +06:00 [ERR] An error occurred while starting the application.
2025-06-19 18:58:55.682 +06:00 [INF] This is Nasim Reza
2025-06-19 18:58:55.700 +06:00 [INF] This is a test log entry to verify database logging.
2025-06-19 19:30:54.108 +06:00 [ERR] An unhandled exception has occurred while executing the request.
System.InvalidOperationException: The partial view '_ModalNewServiceSalePartial' was not found. The following locations were searched:
/Areas/Admin/Views/ServiceSales/_ModalNewServiceSalePartial.cshtml
/Areas/Admin/Views/Shared/_ModalNewServiceSalePartial.cshtml
/Views/Shared/_ModalNewServiceSalePartial.cshtml
/Pages/Shared/_ModalNewServiceSalePartial.cshtml
   at Microsoft.AspNetCore.Mvc.TagHelpers.PartialTagHelper.ProcessAsync(TagHelperContext context, TagHelperOutput output)
   at Microsoft.AspNetCore.Razor.Runtime.TagHelpers.TagHelperRunner.<RunAsync>g__Awaited|0_0(Task task, TagHelperExecutionContext executionContext, Int32 i, Int32 count)
   at AspNetCoreGeneratedDocument.Areas_Admin_Views_ServiceSales_ServiceSaleList.ExecuteAsync() in C:\Users\Nasim Reza\Desktop\Final Project\aspnet-b11-nasim\src\DevSkill.Inventory.sln\DevSkill.Inventory.Web\Areas\Admin\Views\ServiceSales\ServiceSaleList.cshtml:line 5
   at Microsoft.AspNetCore.Mvc.Razor.RazorView.RenderPageCoreAsync(IRazorPage page, ViewContext context)
   at Microsoft.AspNetCore.Mvc.Razor.RazorView.RenderPageAsync(IRazorPage page, ViewContext context, Boolean invokeViewStarts)
   at Microsoft.AspNetCore.Mvc.Razor.RazorView.RenderAsync(ViewContext context)
   at Microsoft.AspNetCore.Mvc.ViewFeatures.ViewExecutor.ExecuteAsync(ViewContext viewContext, String contentType, Nullable`1 statusCode)
   at Microsoft.AspNetCore.Mvc.ViewFeatures.ViewExecutor.ExecuteAsync(ViewContext viewContext, String contentType, Nullable`1 statusCode)
   at Microsoft.AspNetCore.Mvc.ViewFeatures.ViewExecutor.ExecuteAsync(ActionContext actionContext, IView view, ViewDataDictionary viewData, ITempDataDictionary tempData, String contentType, Nullable`1 statusCode)
   at Microsoft.AspNetCore.Mvc.ViewFeatures.ViewResultExecutor.ExecuteAsync(ActionContext context, ViewResult result)
   at Microsoft.AspNetCore.Mvc.ViewResult.ExecuteResultAsync(ActionContext context)
   at Microsoft.AspNetCore.Mvc.Infrastructure.ResourceInvoker.<InvokeNextResultFilterAsync>g__Awaited|30_0[TFilter,TFilterAsync](ResourceInvoker invoker, Task lastTask, State next, Scope scope, Object state, Boolean isCompleted)
   at Microsoft.AspNetCore.Mvc.Infrastructure.ResourceInvoker.Rethrow(ResultExecutedContextSealed context)
   at Microsoft.AspNetCore.Mvc.Infrastructure.ResourceInvoker.ResultNext[TFilter,TFilterAsync](State& next, Scope& scope, Object& state, Boolean& isCompleted)
   at Microsoft.AspNetCore.Mvc.Infrastructure.ResourceInvoker.InvokeResultFilters()
--- End of stack trace from previous location ---
   at Microsoft.AspNetCore.Mvc.Infrastructure.ResourceInvoker.<InvokeNextResourceFilter>g__Awaited|25_0(ResourceInvoker invoker, Task lastTask, State next, Scope scope, Object state, Boolean isCompleted)
   at Microsoft.AspNetCore.Mvc.Infrastructure.ResourceInvoker.Rethrow(ResourceExecutedContextSealed context)
   at Microsoft.AspNetCore.Mvc.Infrastructure.ResourceInvoker.Next(State& next, Scope& scope, Object& state, Boolean& isCompleted)
   at Microsoft.AspNetCore.Mvc.Infrastructure.ResourceInvoker.InvokeFilterPipelineAsync()
--- End of stack trace from previous location ---
   at Microsoft.AspNetCore.Mvc.Infrastructure.ResourceInvoker.<InvokeAsync>g__Awaited|17_0(ResourceInvoker invoker, Task task, IDisposable scope)
   at Microsoft.AspNetCore.Mvc.Infrastructure.ResourceInvoker.<InvokeAsync>g__Awaited|17_0(ResourceInvoker invoker, Task task, IDisposable scope)
   at Microsoft.AspNetCore.Authorization.AuthorizationMiddleware.Invoke(HttpContext context)
   at Microsoft.AspNetCore.Authentication.AuthenticationMiddleware.Invoke(HttpContext context)
   at Microsoft.AspNetCore.Diagnostics.DeveloperExceptionPageMiddlewareImpl.Invoke(HttpContext context)
2025-06-19 19:41:43.508 +06:00 [INF] Application Starting...17-jan
2025-06-19 19:41:43.541 +06:00 [INF] This is Nasim Reza Hridoy
2025-06-19 19:41:43.541 +06:00 [ERR] An error occurred while starting the application.
2025-06-19 19:41:45.982 +06:00 [INF] This is Nasim Reza
2025-06-19 19:41:45.998 +06:00 [INF] This is a test log entry to verify database logging.
2025-06-19 19:42:10.739 +06:00 [ERR] Error loading purchases
Microsoft.Data.SqlClient.SqlException (0x80131904): Could not find stored procedure 'GetPurchases'.
   at Microsoft.Data.SqlClient.SqlCommand.<>c.<ExecuteDbDataReaderAsync>b__195_0(Task`1 result)
   at System.Threading.Tasks.ContinuationResultTaskFromResultTask`2.InnerInvoke()
   at System.Threading.ExecutionContext.RunInternal(ExecutionContext executionContext, ContextCallback callback, Object state)
--- End of stack trace from previous location ---
   at System.Threading.ExecutionContext.RunInternal(ExecutionContext executionContext, ContextCallback callback, Object state)
   at System.Threading.Tasks.Task.ExecuteWithThreadLocal(Task& currentTaskSlot, Thread threadPoolThread)
--- End of stack trace from previous location ---
   at DevSkill.Inventory.Infrastructure.Utilities.SqlUtility.ExecuteQueryAsync[TReturn](DbCommand command) in C:\Users\Nasim Reza\Desktop\Final Project\aspnet-b11-nasim\src\DevSkill.Inventory.sln\DevSkill.Inventory.Infrastructure\Utilities\SqlUtility.cs:line 237
   at DevSkill.Inventory.Infrastructure.Utilities.SqlUtility.QueryWithStoredProcedureAsync[TReturn](String storedProcedureName, IDictionary`2 parameters, IDictionary`2 outParameters) in C:\Users\Nasim Reza\Desktop\Final Project\aspnet-b11-nasim\src\DevSkill.Inventory.sln\DevSkill.Inventory.Infrastructure\Utilities\SqlUtility.cs:line 100
   at DevSkill.Inventory.Infrastructure.Utilities.SqlUtility.QueryWithStoredProcedureAsync[TReturn](String storedProcedureName, IDictionary`2 parameters, IDictionary`2 outParameters) in C:\Users\Nasim Reza\Desktop\Final Project\aspnet-b11-nasim\src\DevSkill.Inventory.sln\DevSkill.Inventory.Infrastructure\Utilities\SqlUtility.cs:line 106
   at DevSkill.Inventory.Infrastructure.ApplicationUnitOfWork.GetPurchasesSP(Int32 pageIndex, Int32 pageSize, String orderBy, PurchaseSearchDto search) in C:\Users\Nasim Reza\Desktop\Final Project\aspnet-b11-nasim\src\DevSkill.Inventory.sln\DevSkill.Inventory.Infrastructure\ApplicationUnitOfWork.cs:line 86
   at DevSkill.Inventory.Application.Features.Purchases.Queries.GetPurchasesSPQueryHandler.Handle(GetPurchasesSPQuery request, CancellationToken cancellationToken) in C:\Users\Nasim Reza\Desktop\Final Project\aspnet-b11-nasim\src\DevSkill.Inventory.sln\DevSkill.Inventory.Application\Features\Purchases\Queries\GetPurchasesSPQueryHandler.cs:line 22
   at DevSkill.Inventory.Web.Areas.Admin.Controllers.PurchasesController.GetPurchasesJsonData(PurchaseListModel model) in C:\Users\Nasim Reza\Desktop\Final Project\aspnet-b11-nasim\src\DevSkill.Inventory.sln\DevSkill.Inventory.Web\Areas\Admin\Controllers\PurchasesController.cs:line 55
ClientConnectionId:a110b52c-b9b9-4fcb-8399-528c514b40b3
Error Number:2812,State:62,Class:16
2025-06-19 19:42:13.190 +06:00 [ERR] Error loading purchase returns
Microsoft.Data.SqlClient.SqlException (0x80131904): Could not find stored procedure 'GetPurchaseReturns'.
   at Microsoft.Data.SqlClient.SqlCommand.<>c.<ExecuteDbDataReaderAsync>b__195_0(Task`1 result)
   at System.Threading.Tasks.ContinuationResultTaskFromResultTask`2.InnerInvoke()
   at System.Threading.ExecutionContext.RunInternal(ExecutionContext executionContext, ContextCallback callback, Object state)
--- End of stack trace from previous location ---
   at System.Threading.ExecutionContext.RunInternal(ExecutionContext executionContext, ContextCallback callback, Object state)
   at System.Threading.Tasks.Task.ExecuteWithThreadLocal(Task& currentTaskSlot, Thread threadPoolThread)
--- End of stack trace from previous location ---
   at DevSkill.Inventory.Infrastructure.Utilities.SqlUtility.ExecuteQueryAsync[TReturn](DbCommand command) in C:\Users\Nasim Reza\Desktop\Final Project\aspnet-b11-nasim\src\DevSkill.Inventory.sln\DevSkill.Inventory.Infrastructure\Utilities\SqlUtility.cs:line 237
   at DevSkill.Inventory.Infrastructure.Utilities.SqlUtility.QueryWithStoredProcedureAsync[TReturn](String storedProcedureName, IDictionary`2 parameters, IDictionary`2 outParameters) in C:\Users\Nasim Reza\Desktop\Final Project\aspnet-b11-nasim\src\DevSkill.Inventory.sln\DevSkill.Inventory.Infrastructure\Utilities\SqlUtility.cs:line 100
   at DevSkill.Inventory.Infrastructure.Utilities.SqlUtility.QueryWithStoredProcedureAsync[TReturn](String storedProcedureName, IDictionary`2 parameters, IDictionary`2 outParameters) in C:\Users\Nasim Reza\Desktop\Final Project\aspnet-b11-nasim\src\DevSkill.Inventory.sln\DevSkill.Inventory.Infrastructure\Utilities\SqlUtility.cs:line 106
   at DevSkill.Inventory.Infrastructure.ApplicationUnitOfWork.GetPurchaseReturnsSP(Int32 pageIndex, Int32 pageSize, String order, PurchaseReturnSearchDto search) in C:\Users\Nasim Reza\Desktop\Final Project\aspnet-b11-nasim\src\DevSkill.Inventory.sln\DevSkill.Inventory.Infrastructure\ApplicationUnitOfWork.cs:line 170
   at DevSkill.Inventory.Application.Features.PurchaseReturns.Queries.GetPurchaseReturnsSPQueryHandler.Handle(GetPurchaseReturnsSPQuery request, CancellationToken cancellationToken) in C:\Users\Nasim Reza\Desktop\Final Project\aspnet-b11-nasim\src\DevSkill.Inventory.sln\DevSkill.Inventory.Application\Features\PurchaseReturns\Queries\GetPurchaseReturnsSPQueryHandler.cs:line 23
   at DevSkill.Inventory.Web.Areas.Admin.Controllers.PurchasesController.GetPurchaseReturnsJsonData(PurchaseReturnListModel model) in C:\Users\Nasim Reza\Desktop\Final Project\aspnet-b11-nasim\src\DevSkill.Inventory.sln\DevSkill.Inventory.Web\Areas\Admin\Controllers\PurchasesController.cs:line 103
ClientConnectionId:a110b52c-b9b9-4fcb-8399-528c514b40b3
Error Number:2812,State:62,Class:16
2025-06-19 19:42:14.252 +06:00 [ERR] Error loading service data
AutoMapper.AutoMapperMappingException: Missing type map configuration or unsupported mapping.

Mapping types:
ServiceSearchModel -> ServiceSearchDto
DevSkill.Inventory.Web.Areas.Admin.Models.ServicesModels.ServiceSearchModel -> DevSkill.Inventory.Domain.Dtos.ServiceSearchDto
   at lambda_method816(Closure, Object, ServiceSearchDto, ResolutionContext)
   at DevSkill.Inventory.Web.Areas.Admin.Controllers.ServicesController.GetServicesJsonData(ServiceListModel model) in C:\Users\Nasim Reza\Desktop\Final Project\aspnet-b11-nasim\src\DevSkill.Inventory.sln\DevSkill.Inventory.Web\Areas\Admin\Controllers\ServicesController.cs:line 36
2025-06-19 19:42:22.817 +06:00 [ERR] Error loading service data
AutoMapper.AutoMapperMappingException: Missing type map configuration or unsupported mapping.

Mapping types:
ServiceSearchModel -> ServiceSearchDto
DevSkill.Inventory.Web.Areas.Admin.Models.ServicesModels.ServiceSearchModel -> DevSkill.Inventory.Domain.Dtos.ServiceSearchDto
   at lambda_method816(Closure, Object, ServiceSearchDto, ResolutionContext)
   at DevSkill.Inventory.Web.Areas.Admin.Controllers.ServicesController.GetServicesJsonData(ServiceListModel model) in C:\Users\Nasim Reza\Desktop\Final Project\aspnet-b11-nasim\src\DevSkill.Inventory.sln\DevSkill.Inventory.Web\Areas\Admin\Controllers\ServicesController.cs:line 36
2025-06-19 19:43:29.620 +06:00 [ERR] Error loading service data
AutoMapper.AutoMapperMappingException: Missing type map configuration or unsupported mapping.

Mapping types:
ServiceSearchModel -> ServiceSearchDto
DevSkill.Inventory.Web.Areas.Admin.Models.ServicesModels.ServiceSearchModel -> DevSkill.Inventory.Domain.Dtos.ServiceSearchDto
   at lambda_method816(Closure, Object, ServiceSearchDto, ResolutionContext)
   at DevSkill.Inventory.Web.Areas.Admin.Controllers.ServicesController.GetServicesJsonData(ServiceListModel model)
2025-06-19 19:43:34.028 +06:00 [ERR] Error loading service data
AutoMapper.AutoMapperMappingException: Missing type map configuration or unsupported mapping.

Mapping types:
ServiceSearchModel -> ServiceSearchDto
DevSkill.Inventory.Web.Areas.Admin.Models.ServicesModels.ServiceSearchModel -> DevSkill.Inventory.Domain.Dtos.ServiceSearchDto
   at lambda_method816(Closure, Object, ServiceSearchDto, ResolutionContext)
   at DevSkill.Inventory.Web.Areas.Admin.Controllers.ServicesController.GetServicesJsonData(ServiceListModel model)
2025-06-19 19:43:34.917 +06:00 [ERR] Error loading service data
AutoMapper.AutoMapperMappingException: Missing type map configuration or unsupported mapping.

Mapping types:
ServiceSearchModel -> ServiceSearchDto
DevSkill.Inventory.Web.Areas.Admin.Models.ServicesModels.ServiceSearchModel -> DevSkill.Inventory.Domain.Dtos.ServiceSearchDto
   at lambda_method816(Closure, Object, ServiceSearchDto, ResolutionContext)
   at DevSkill.Inventory.Web.Areas.Admin.Controllers.ServicesController.GetServicesJsonData(ServiceListModel model)
2025-06-19 19:43:41.411 +06:00 [ERR] Error loading service data
AutoMapper.AutoMapperMappingException: Missing type map configuration or unsupported mapping.

Mapping types:
ServiceSearchModel -> ServiceSearchDto
DevSkill.Inventory.Web.Areas.Admin.Models.ServicesModels.ServiceSearchModel -> DevSkill.Inventory.Domain.Dtos.ServiceSearchDto
   at lambda_method816(Closure, Object, ServiceSearchDto, ResolutionContext)
   at DevSkill.Inventory.Web.Areas.Admin.Controllers.ServicesController.GetServicesJsonData(ServiceListModel model)
2025-06-19 19:43:43.483 +06:00 [ERR] Error loading service data
AutoMapper.AutoMapperMappingException: Missing type map configuration or unsupported mapping.

Mapping types:
ServiceSearchModel -> ServiceSearchDto
DevSkill.Inventory.Web.Areas.Admin.Models.ServicesModels.ServiceSearchModel -> DevSkill.Inventory.Domain.Dtos.ServiceSearchDto
   at lambda_method816(Closure, Object, ServiceSearchDto, ResolutionContext)
   at DevSkill.Inventory.Web.Areas.Admin.Controllers.ServicesController.GetServicesJsonData(ServiceListModel model)
2025-06-19 19:43:45.844 +06:00 [ERR] Error loading service data
AutoMapper.AutoMapperMappingException: Missing type map configuration or unsupported mapping.

Mapping types:
ServiceSearchModel -> ServiceSearchDto
DevSkill.Inventory.Web.Areas.Admin.Models.ServicesModels.ServiceSearchModel -> DevSkill.Inventory.Domain.Dtos.ServiceSearchDto
   at lambda_method816(Closure, Object, ServiceSearchDto, ResolutionContext)
   at DevSkill.Inventory.Web.Areas.Admin.Controllers.ServicesController.GetServicesJsonData(ServiceListModel model)
2025-06-19 19:43:48.215 +06:00 [ERR] Error loading service data
AutoMapper.AutoMapperMappingException: Missing type map configuration or unsupported mapping.

Mapping types:
ServiceSearchModel -> ServiceSearchDto
DevSkill.Inventory.Web.Areas.Admin.Models.ServicesModels.ServiceSearchModel -> DevSkill.Inventory.Domain.Dtos.ServiceSearchDto
   at lambda_method816(Closure, Object, ServiceSearchDto, ResolutionContext)
   at DevSkill.Inventory.Web.Areas.Admin.Controllers.ServicesController.GetServicesJsonData(ServiceListModel model)
2025-06-19 19:43:50.225 +06:00 [ERR] Error loading service data
AutoMapper.AutoMapperMappingException: Missing type map configuration or unsupported mapping.

Mapping types:
ServiceSearchModel -> ServiceSearchDto
DevSkill.Inventory.Web.Areas.Admin.Models.ServicesModels.ServiceSearchModel -> DevSkill.Inventory.Domain.Dtos.ServiceSearchDto
   at lambda_method816(Closure, Object, ServiceSearchDto, ResolutionContext)
   at DevSkill.Inventory.Web.Areas.Admin.Controllers.ServicesController.GetServicesJsonData(ServiceListModel model)
2025-06-19 19:43:51.418 +06:00 [ERR] Error loading purchase returns
Microsoft.Data.SqlClient.SqlException (0x80131904): Could not find stored procedure 'GetPurchaseReturns'.
   at Microsoft.Data.SqlClient.SqlCommand.<>c.<ExecuteDbDataReaderAsync>b__195_0(Task`1 result)
   at System.Threading.Tasks.ContinuationResultTaskFromResultTask`2.InnerInvoke()
   at System.Threading.ExecutionContext.RunInternal(ExecutionContext executionContext, ContextCallback callback, Object state)
--- End of stack trace from previous location ---
   at System.Threading.ExecutionContext.RunInternal(ExecutionContext executionContext, ContextCallback callback, Object state)
   at System.Threading.Tasks.Task.ExecuteWithThreadLocal(Task& currentTaskSlot, Thread threadPoolThread)
--- End of stack trace from previous location ---
   at DevSkill.Inventory.Infrastructure.Utilities.SqlUtility.ExecuteQueryAsync[TReturn](DbCommand command) in C:\Users\Nasim Reza\Desktop\Final Project\aspnet-b11-nasim\src\DevSkill.Inventory.sln\DevSkill.Inventory.Infrastructure\Utilities\SqlUtility.cs:line 237
   at DevSkill.Inventory.Infrastructure.Utilities.SqlUtility.QueryWithStoredProcedureAsync[TReturn](String storedProcedureName, IDictionary`2 parameters, IDictionary`2 outParameters) in C:\Users\Nasim Reza\Desktop\Final Project\aspnet-b11-nasim\src\DevSkill.Inventory.sln\DevSkill.Inventory.Infrastructure\Utilities\SqlUtility.cs:line 100
   at DevSkill.Inventory.Infrastructure.Utilities.SqlUtility.QueryWithStoredProcedureAsync[TReturn](String storedProcedureName, IDictionary`2 parameters, IDictionary`2 outParameters) in C:\Users\Nasim Reza\Desktop\Final Project\aspnet-b11-nasim\src\DevSkill.Inventory.sln\DevSkill.Inventory.Infrastructure\Utilities\SqlUtility.cs:line 106
   at DevSkill.Inventory.Infrastructure.ApplicationUnitOfWork.GetPurchaseReturnsSP(Int32 pageIndex, Int32 pageSize, String order, PurchaseReturnSearchDto search) in C:\Users\Nasim Reza\Desktop\Final Project\aspnet-b11-nasim\src\DevSkill.Inventory.sln\DevSkill.Inventory.Infrastructure\ApplicationUnitOfWork.cs:line 170
   at DevSkill.Inventory.Application.Features.PurchaseReturns.Queries.GetPurchaseReturnsSPQueryHandler.Handle(GetPurchaseReturnsSPQuery request, CancellationToken cancellationToken) in C:\Users\Nasim Reza\Desktop\Final Project\aspnet-b11-nasim\src\DevSkill.Inventory.sln\DevSkill.Inventory.Application\Features\PurchaseReturns\Queries\GetPurchaseReturnsSPQueryHandler.cs:line 23
   at DevSkill.Inventory.Web.Areas.Admin.Controllers.PurchasesController.GetPurchaseReturnsJsonData(PurchaseReturnListModel model)
ClientConnectionId:a110b52c-b9b9-4fcb-8399-528c514b40b3
Error Number:2812,State:62,Class:16
2025-06-19 19:43:51.587 +06:00 [ERR] Error loading service data
AutoMapper.AutoMapperMappingException: Missing type map configuration or unsupported mapping.

Mapping types:
ServiceSearchModel -> ServiceSearchDto
DevSkill.Inventory.Web.Areas.Admin.Models.ServicesModels.ServiceSearchModel -> DevSkill.Inventory.Domain.Dtos.ServiceSearchDto
   at lambda_method816(Closure, Object, ServiceSearchDto, ResolutionContext)
   at DevSkill.Inventory.Web.Areas.Admin.Controllers.ServicesController.GetServicesJsonData(ServiceListModel model)
2025-06-19 19:43:53.272 +06:00 [ERR] Error loading service data
AutoMapper.AutoMapperMappingException: Missing type map configuration or unsupported mapping.

Mapping types:
ServiceSearchModel -> ServiceSearchDto
DevSkill.Inventory.Web.Areas.Admin.Models.ServicesModels.ServiceSearchModel -> DevSkill.Inventory.Domain.Dtos.ServiceSearchDto
   at lambda_method816(Closure, Object, ServiceSearchDto, ResolutionContext)
   at DevSkill.Inventory.Web.Areas.Admin.Controllers.ServicesController.GetServicesJsonData(ServiceListModel model)
2025-06-19 19:43:55.320 +06:00 [ERR] Error loading service data
AutoMapper.AutoMapperMappingException: Missing type map configuration or unsupported mapping.

Mapping types:
ServiceSearchModel -> ServiceSearchDto
DevSkill.Inventory.Web.Areas.Admin.Models.ServicesModels.ServiceSearchModel -> DevSkill.Inventory.Domain.Dtos.ServiceSearchDto
   at lambda_method816(Closure, Object, ServiceSearchDto, ResolutionContext)
   at DevSkill.Inventory.Web.Areas.Admin.Controllers.ServicesController.GetServicesJsonData(ServiceListModel model)
2025-06-19 19:45:45.322 +06:00 [INF] Application Starting...17-jan
2025-06-19 19:45:45.355 +06:00 [INF] This is Nasim Reza Hridoy
2025-06-19 19:45:45.355 +06:00 [ERR] An error occurred while starting the application.
2025-06-19 19:45:47.611 +06:00 [INF] This is Nasim Reza
2025-06-19 19:45:47.626 +06:00 [INF] This is a test log entry to verify database logging.
2025-06-19 19:46:39.947 +06:00 [ERR] Error loading purchase returns
Microsoft.Data.SqlClient.SqlException (0x80131904): Could not find stored procedure 'GetPurchaseReturns'.
   at Microsoft.Data.SqlClient.SqlCommand.<>c.<ExecuteDbDataReaderAsync>b__195_0(Task`1 result)
   at System.Threading.Tasks.ContinuationResultTaskFromResultTask`2.InnerInvoke()
   at System.Threading.ExecutionContext.RunInternal(ExecutionContext executionContext, ContextCallback callback, Object state)
--- End of stack trace from previous location ---
   at System.Threading.ExecutionContext.RunInternal(ExecutionContext executionContext, ContextCallback callback, Object state)
   at System.Threading.Tasks.Task.ExecuteWithThreadLocal(Task& currentTaskSlot, Thread threadPoolThread)
--- End of stack trace from previous location ---
   at DevSkill.Inventory.Infrastructure.Utilities.SqlUtility.ExecuteQueryAsync[TReturn](DbCommand command) in C:\Users\Nasim Reza\Desktop\Final Project\aspnet-b11-nasim\src\DevSkill.Inventory.sln\DevSkill.Inventory.Infrastructure\Utilities\SqlUtility.cs:line 237
   at DevSkill.Inventory.Infrastructure.Utilities.SqlUtility.QueryWithStoredProcedureAsync[TReturn](String storedProcedureName, IDictionary`2 parameters, IDictionary`2 outParameters) in C:\Users\Nasim Reza\Desktop\Final Project\aspnet-b11-nasim\src\DevSkill.Inventory.sln\DevSkill.Inventory.Infrastructure\Utilities\SqlUtility.cs:line 100
   at DevSkill.Inventory.Infrastructure.Utilities.SqlUtility.QueryWithStoredProcedureAsync[TReturn](String storedProcedureName, IDictionary`2 parameters, IDictionary`2 outParameters) in C:\Users\Nasim Reza\Desktop\Final Project\aspnet-b11-nasim\src\DevSkill.Inventory.sln\DevSkill.Inventory.Infrastructure\Utilities\SqlUtility.cs:line 106
   at DevSkill.Inventory.Infrastructure.ApplicationUnitOfWork.GetPurchaseReturnsSP(Int32 pageIndex, Int32 pageSize, String order, PurchaseReturnSearchDto search) in C:\Users\Nasim Reza\Desktop\Final Project\aspnet-b11-nasim\src\DevSkill.Inventory.sln\DevSkill.Inventory.Infrastructure\ApplicationUnitOfWork.cs:line 170
   at DevSkill.Inventory.Application.Features.PurchaseReturns.Queries.GetPurchaseReturnsSPQueryHandler.Handle(GetPurchaseReturnsSPQuery request, CancellationToken cancellationToken) in C:\Users\Nasim Reza\Desktop\Final Project\aspnet-b11-nasim\src\DevSkill.Inventory.sln\DevSkill.Inventory.Application\Features\PurchaseReturns\Queries\GetPurchaseReturnsSPQueryHandler.cs:line 23
   at DevSkill.Inventory.Web.Areas.Admin.Controllers.PurchasesController.GetPurchaseReturnsJsonData(PurchaseReturnListModel model) in C:\Users\Nasim Reza\Desktop\Final Project\aspnet-b11-nasim\src\DevSkill.Inventory.sln\DevSkill.Inventory.Web\Areas\Admin\Controllers\PurchasesController.cs:line 103
ClientConnectionId:91727893-af1b-4afe-b5a2-61fbb2b37472
Error Number:2812,State:62,Class:16
2025-06-19 19:46:42.535 +06:00 [ERR] Error loading service data
AutoMapper.AutoMapperMappingException: Missing type map configuration or unsupported mapping.

Mapping types:
ServiceSearchModel -> ServiceSearchDto
DevSkill.Inventory.Web.Areas.Admin.Models.ServicesModels.ServiceSearchModel -> DevSkill.Inventory.Domain.Dtos.ServiceSearchDto
   at lambda_method794(Closure, Object, ServiceSearchDto, ResolutionContext)
   at DevSkill.Inventory.Web.Areas.Admin.Controllers.ServicesController.GetServicesJsonData(ServiceListModel model) in C:\Users\Nasim Reza\Desktop\Final Project\aspnet-b11-nasim\src\DevSkill.Inventory.sln\DevSkill.Inventory.Web\Areas\Admin\Controllers\ServicesController.cs:line 36
2025-06-19 19:46:44.290 +06:00 [ERR] Error loading service data
AutoMapper.AutoMapperMappingException: Missing type map configuration or unsupported mapping.

Mapping types:
ServiceSearchModel -> ServiceSearchDto
DevSkill.Inventory.Web.Areas.Admin.Models.ServicesModels.ServiceSearchModel -> DevSkill.Inventory.Domain.Dtos.ServiceSearchDto
   at lambda_method794(Closure, Object, ServiceSearchDto, ResolutionContext)
   at DevSkill.Inventory.Web.Areas.Admin.Controllers.ServicesController.GetServicesJsonData(ServiceListModel model) in C:\Users\Nasim Reza\Desktop\Final Project\aspnet-b11-nasim\src\DevSkill.Inventory.sln\DevSkill.Inventory.Web\Areas\Admin\Controllers\ServicesController.cs:line 36
2025-06-19 19:46:44.929 +06:00 [ERR] Error loading purchase returns
Microsoft.Data.SqlClient.SqlException (0x80131904): Could not find stored procedure 'GetPurchaseReturns'.
   at Microsoft.Data.SqlClient.SqlCommand.<>c.<ExecuteDbDataReaderAsync>b__195_0(Task`1 result)
   at System.Threading.Tasks.ContinuationResultTaskFromResultTask`2.InnerInvoke()
   at System.Threading.ExecutionContext.RunInternal(ExecutionContext executionContext, ContextCallback callback, Object state)
--- End of stack trace from previous location ---
   at System.Threading.ExecutionContext.RunInternal(ExecutionContext executionContext, ContextCallback callback, Object state)
   at System.Threading.Tasks.Task.ExecuteWithThreadLocal(Task& currentTaskSlot, Thread threadPoolThread)
--- End of stack trace from previous location ---
   at DevSkill.Inventory.Infrastructure.Utilities.SqlUtility.ExecuteQueryAsync[TReturn](DbCommand command) in C:\Users\Nasim Reza\Desktop\Final Project\aspnet-b11-nasim\src\DevSkill.Inventory.sln\DevSkill.Inventory.Infrastructure\Utilities\SqlUtility.cs:line 237
   at DevSkill.Inventory.Infrastructure.Utilities.SqlUtility.QueryWithStoredProcedureAsync[TReturn](String storedProcedureName, IDictionary`2 parameters, IDictionary`2 outParameters) in C:\Users\Nasim Reza\Desktop\Final Project\aspnet-b11-nasim\src\DevSkill.Inventory.sln\DevSkill.Inventory.Infrastructure\Utilities\SqlUtility.cs:line 100
   at DevSkill.Inventory.Infrastructure.Utilities.SqlUtility.QueryWithStoredProcedureAsync[TReturn](String storedProcedureName, IDictionary`2 parameters, IDictionary`2 outParameters) in C:\Users\Nasim Reza\Desktop\Final Project\aspnet-b11-nasim\src\DevSkill.Inventory.sln\DevSkill.Inventory.Infrastructure\Utilities\SqlUtility.cs:line 106
   at DevSkill.Inventory.Infrastructure.ApplicationUnitOfWork.GetPurchaseReturnsSP(Int32 pageIndex, Int32 pageSize, String order, PurchaseReturnSearchDto search) in C:\Users\Nasim Reza\Desktop\Final Project\aspnet-b11-nasim\src\DevSkill.Inventory.sln\DevSkill.Inventory.Infrastructure\ApplicationUnitOfWork.cs:line 170
   at DevSkill.Inventory.Application.Features.PurchaseReturns.Queries.GetPurchaseReturnsSPQueryHandler.Handle(GetPurchaseReturnsSPQuery request, CancellationToken cancellationToken) in C:\Users\Nasim Reza\Desktop\Final Project\aspnet-b11-nasim\src\DevSkill.Inventory.sln\DevSkill.Inventory.Application\Features\PurchaseReturns\Queries\GetPurchaseReturnsSPQueryHandler.cs:line 23
   at DevSkill.Inventory.Web.Areas.Admin.Controllers.PurchasesController.GetPurchaseReturnsJsonData(PurchaseReturnListModel model) in C:\Users\Nasim Reza\Desktop\Final Project\aspnet-b11-nasim\src\DevSkill.Inventory.sln\DevSkill.Inventory.Web\Areas\Admin\Controllers\PurchasesController.cs:line 103
ClientConnectionId:91727893-af1b-4afe-b5a2-61fbb2b37472
Error Number:2812,State:62,Class:16
2025-06-19 19:46:45.910 +06:00 [ERR] Error loading service data
AutoMapper.AutoMapperMappingException: Missing type map configuration or unsupported mapping.

Mapping types:
ServiceSearchModel -> ServiceSearchDto
DevSkill.Inventory.Web.Areas.Admin.Models.ServicesModels.ServiceSearchModel -> DevSkill.Inventory.Domain.Dtos.ServiceSearchDto
   at lambda_method794(Closure, Object, ServiceSearchDto, ResolutionContext)
   at DevSkill.Inventory.Web.Areas.Admin.Controllers.ServicesController.GetServicesJsonData(ServiceListModel model) in C:\Users\Nasim Reza\Desktop\Final Project\aspnet-b11-nasim\src\DevSkill.Inventory.sln\DevSkill.Inventory.Web\Areas\Admin\Controllers\ServicesController.cs:line 36
2025-06-19 19:46:46.989 +06:00 [ERR] Error loading purchase returns
Microsoft.Data.SqlClient.SqlException (0x80131904): Could not find stored procedure 'GetPurchaseReturns'.
   at Microsoft.Data.SqlClient.SqlCommand.<>c.<ExecuteDbDataReaderAsync>b__195_0(Task`1 result)
   at System.Threading.Tasks.ContinuationResultTaskFromResultTask`2.InnerInvoke()
   at System.Threading.ExecutionContext.RunInternal(ExecutionContext executionContext, ContextCallback callback, Object state)
--- End of stack trace from previous location ---
   at System.Threading.ExecutionContext.RunInternal(ExecutionContext executionContext, ContextCallback callback, Object state)
   at System.Threading.Tasks.Task.ExecuteWithThreadLocal(Task& currentTaskSlot, Thread threadPoolThread)
--- End of stack trace from previous location ---
   at DevSkill.Inventory.Infrastructure.Utilities.SqlUtility.ExecuteQueryAsync[TReturn](DbCommand command) in C:\Users\Nasim Reza\Desktop\Final Project\aspnet-b11-nasim\src\DevSkill.Inventory.sln\DevSkill.Inventory.Infrastructure\Utilities\SqlUtility.cs:line 237
   at DevSkill.Inventory.Infrastructure.Utilities.SqlUtility.QueryWithStoredProcedureAsync[TReturn](String storedProcedureName, IDictionary`2 parameters, IDictionary`2 outParameters) in C:\Users\Nasim Reza\Desktop\Final Project\aspnet-b11-nasim\src\DevSkill.Inventory.sln\DevSkill.Inventory.Infrastructure\Utilities\SqlUtility.cs:line 100
   at DevSkill.Inventory.Infrastructure.Utilities.SqlUtility.QueryWithStoredProcedureAsync[TReturn](String storedProcedureName, IDictionary`2 parameters, IDictionary`2 outParameters) in C:\Users\Nasim Reza\Desktop\Final Project\aspnet-b11-nasim\src\DevSkill.Inventory.sln\DevSkill.Inventory.Infrastructure\Utilities\SqlUtility.cs:line 106
   at DevSkill.Inventory.Infrastructure.ApplicationUnitOfWork.GetPurchaseReturnsSP(Int32 pageIndex, Int32 pageSize, String order, PurchaseReturnSearchDto search) in C:\Users\Nasim Reza\Desktop\Final Project\aspnet-b11-nasim\src\DevSkill.Inventory.sln\DevSkill.Inventory.Infrastructure\ApplicationUnitOfWork.cs:line 170
   at DevSkill.Inventory.Application.Features.PurchaseReturns.Queries.GetPurchaseReturnsSPQueryHandler.Handle(GetPurchaseReturnsSPQuery request, CancellationToken cancellationToken) in C:\Users\Nasim Reza\Desktop\Final Project\aspnet-b11-nasim\src\DevSkill.Inventory.sln\DevSkill.Inventory.Application\Features\PurchaseReturns\Queries\GetPurchaseReturnsSPQueryHandler.cs:line 23
   at DevSkill.Inventory.Web.Areas.Admin.Controllers.PurchasesController.GetPurchaseReturnsJsonData(PurchaseReturnListModel model) in C:\Users\Nasim Reza\Desktop\Final Project\aspnet-b11-nasim\src\DevSkill.Inventory.sln\DevSkill.Inventory.Web\Areas\Admin\Controllers\PurchasesController.cs:line 103
ClientConnectionId:91727893-af1b-4afe-b5a2-61fbb2b37472
Error Number:2812,State:62,Class:16
2025-06-19 19:46:48.547 +06:00 [ERR] Error loading service data
AutoMapper.AutoMapperMappingException: Missing type map configuration or unsupported mapping.

Mapping types:
ServiceSearchModel -> ServiceSearchDto
DevSkill.Inventory.Web.Areas.Admin.Models.ServicesModels.ServiceSearchModel -> DevSkill.Inventory.Domain.Dtos.ServiceSearchDto
   at lambda_method794(Closure, Object, ServiceSearchDto, ResolutionContext)
   at DevSkill.Inventory.Web.Areas.Admin.Controllers.ServicesController.GetServicesJsonData(ServiceListModel model) in C:\Users\Nasim Reza\Desktop\Final Project\aspnet-b11-nasim\src\DevSkill.Inventory.sln\DevSkill.Inventory.Web\Areas\Admin\Controllers\ServicesController.cs:line 36
2025-06-19 20:22:20.693 +06:00 [INF] Application Starting...17-jan
2025-06-19 20:22:20.726 +06:00 [INF] This is Nasim Reza Hridoy
2025-06-19 20:22:20.726 +06:00 [ERR] An error occurred while starting the application.
2025-06-19 20:22:23.029 +06:00 [INF] This is Nasim Reza
2025-06-19 20:22:23.052 +06:00 [INF] This is a test log entry to verify database logging.
2025-06-19 20:31:03.061 +06:00 [ERR] Error loading sales
Microsoft.Data.SqlClient.SqlException (0x80131904): Could not find stored procedure 'GetSales'.
   at Microsoft.Data.SqlClient.SqlCommand.<>c.<ExecuteDbDataReaderAsync>b__195_0(Task`1 result)
   at System.Threading.Tasks.ContinuationResultTaskFromResultTask`2.InnerInvoke()
   at System.Threading.ExecutionContext.RunInternal(ExecutionContext executionContext, ContextCallback callback, Object state)
--- End of stack trace from previous location ---
   at System.Threading.ExecutionContext.RunInternal(ExecutionContext executionContext, ContextCallback callback, Object state)
   at System.Threading.Tasks.Task.ExecuteWithThreadLocal(Task& currentTaskSlot, Thread threadPoolThread)
--- End of stack trace from previous location ---
   at DevSkill.Inventory.Infrastructure.Utilities.SqlUtility.ExecuteQueryAsync[TReturn](DbCommand command) in C:\Users\Nasim Reza\Desktop\Final Project\aspnet-b11-nasim\src\DevSkill.Inventory.sln\DevSkill.Inventory.Infrastructure\Utilities\SqlUtility.cs:line 237
   at DevSkill.Inventory.Infrastructure.Utilities.SqlUtility.QueryWithStoredProcedureAsync[TReturn](String storedProcedureName, IDictionary`2 parameters, IDictionary`2 outParameters) in C:\Users\Nasim Reza\Desktop\Final Project\aspnet-b11-nasim\src\DevSkill.Inventory.sln\DevSkill.Inventory.Infrastructure\Utilities\SqlUtility.cs:line 100
   at DevSkill.Inventory.Infrastructure.Utilities.SqlUtility.QueryWithStoredProcedureAsync[TReturn](String storedProcedureName, IDictionary`2 parameters, IDictionary`2 outParameters) in C:\Users\Nasim Reza\Desktop\Final Project\aspnet-b11-nasim\src\DevSkill.Inventory.sln\DevSkill.Inventory.Infrastructure\Utilities\SqlUtility.cs:line 106
   at DevSkill.Inventory.Infrastructure.ApplicationUnitOfWork.GetSalesSP(Int32 pageIndex, Int32 pageSize, String orderBy, SaleSearchDto search) in C:\Users\Nasim Reza\Desktop\Final Project\aspnet-b11-nasim\src\DevSkill.Inventory.sln\DevSkill.Inventory.Infrastructure\ApplicationUnitOfWork.cs:line 114
   at DevSkill.Inventory.Application.Features.Sales.Queries.GetSalesSPQueryHandler.Handle(GetSalesSPQuery request, CancellationToken cancellationToken) in C:\Users\Nasim Reza\Desktop\Final Project\aspnet-b11-nasim\src\DevSkill.Inventory.sln\DevSkill.Inventory.Application\Features\Sales\Queries\GetSalesSPQueryHandler.cs:line 23
   at DevSkill.Inventory.Web.Areas.Admin.Controllers.SalesController.GetSalesJsonData(SalesListModel model)
ClientConnectionId:869431ea-154f-4526-9811-db4c3f56ead5
Error Number:2812,State:62,Class:16
2025-06-19 20:31:03.757 +06:00 [ERR] Error loading sales return data
Microsoft.Data.SqlClient.SqlException (0x80131904): Could not find stored procedure 'GetSalesReturns'.
   at Microsoft.Data.SqlClient.SqlCommand.<>c.<ExecuteDbDataReaderAsync>b__195_0(Task`1 result)
   at System.Threading.Tasks.ContinuationResultTaskFromResultTask`2.InnerInvoke()
   at System.Threading.ExecutionContext.RunInternal(ExecutionContext executionContext, ContextCallback callback, Object state)
--- End of stack trace from previous location ---
   at System.Threading.ExecutionContext.RunInternal(ExecutionContext executionContext, ContextCallback callback, Object state)
   at System.Threading.Tasks.Task.ExecuteWithThreadLocal(Task& currentTaskSlot, Thread threadPoolThread)
--- End of stack trace from previous location ---
   at DevSkill.Inventory.Infrastructure.Utilities.SqlUtility.ExecuteQueryAsync[TReturn](DbCommand command) in C:\Users\Nasim Reza\Desktop\Final Project\aspnet-b11-nasim\src\DevSkill.Inventory.sln\DevSkill.Inventory.Infrastructure\Utilities\SqlUtility.cs:line 237
   at DevSkill.Inventory.Infrastructure.Utilities.SqlUtility.QueryWithStoredProcedureAsync[TReturn](String storedProcedureName, IDictionary`2 parameters, IDictionary`2 outParameters) in C:\Users\Nasim Reza\Desktop\Final Project\aspnet-b11-nasim\src\DevSkill.Inventory.sln\DevSkill.Inventory.Infrastructure\Utilities\SqlUtility.cs:line 100
   at DevSkill.Inventory.Infrastructure.Utilities.SqlUtility.QueryWithStoredProcedureAsync[TReturn](String storedProcedureName, IDictionary`2 parameters, IDictionary`2 outParameters) in C:\Users\Nasim Reza\Desktop\Final Project\aspnet-b11-nasim\src\DevSkill.Inventory.sln\DevSkill.Inventory.Infrastructure\Utilities\SqlUtility.cs:line 106
   at DevSkill.Inventory.Infrastructure.ApplicationUnitOfWork.GetSalesReturnsSP(Int32 pageIndex, Int32 pageSize, String order, SalesReturnSearchDto search) in C:\Users\Nasim Reza\Desktop\Final Project\aspnet-b11-nasim\src\DevSkill.Inventory.sln\DevSkill.Inventory.Infrastructure\ApplicationUnitOfWork.cs:line 141
   at DevSkill.Inventory.Application.Features.SalesReturns.Queries.GetSalesReturnsSPQueryHandler.Handle(GetSalesReturnsSPQuery request, CancellationToken cancellationToken) in C:\Users\Nasim Reza\Desktop\Final Project\aspnet-b11-nasim\src\DevSkill.Inventory.sln\DevSkill.Inventory.Application\Features\SalesReturns\Queries\GetSalesReturnsQueryHandler.cs:line 23
   at DevSkill.Inventory.Web.Areas.Admin.Controllers.SalesController.GetSalesReturnsJsonData(SalesReturnListModel model)
ClientConnectionId:869431ea-154f-4526-9811-db4c3f56ead5
Error Number:2812,State:62,Class:16
2025-06-19 20:31:16.246 +06:00 [INF] Application Starting...17-jan
2025-06-19 20:31:16.282 +06:00 [INF] This is Nasim Reza Hridoy
2025-06-19 20:31:16.283 +06:00 [ERR] An error occurred while starting the application.
2025-06-19 20:31:18.670 +06:00 [INF] This is Nasim Reza
2025-06-19 20:31:18.684 +06:00 [INF] This is a test log entry to verify database logging.
2025-06-19 20:32:52.170 +06:00 [ERR] Error loading service sales
Microsoft.Data.SqlClient.SqlException (0x80131904): Could not find stored procedure 'GetServiceSales'.
   at Microsoft.Data.SqlClient.SqlCommand.<>c.<ExecuteDbDataReaderAsync>b__195_0(Task`1 result)
   at System.Threading.Tasks.ContinuationResultTaskFromResultTask`2.InnerInvoke()
   at System.Threading.ExecutionContext.RunInternal(ExecutionContext executionContext, ContextCallback callback, Object state)
--- End of stack trace from previous location ---
   at System.Threading.ExecutionContext.RunInternal(ExecutionContext executionContext, ContextCallback callback, Object state)
   at System.Threading.Tasks.Task.ExecuteWithThreadLocal(Task& currentTaskSlot, Thread threadPoolThread)
--- End of stack trace from previous location ---
   at DevSkill.Inventory.Infrastructure.Utilities.SqlUtility.ExecuteQueryAsync[TReturn](DbCommand command) in C:\Users\Nasim Reza\Desktop\Final Project\aspnet-b11-nasim\src\DevSkill.Inventory.sln\DevSkill.Inventory.Infrastructure\Utilities\SqlUtility.cs:line 237
   at DevSkill.Inventory.Infrastructure.Utilities.SqlUtility.QueryWithStoredProcedureAsync[TReturn](String storedProcedureName, IDictionary`2 parameters, IDictionary`2 outParameters) in C:\Users\Nasim Reza\Desktop\Final Project\aspnet-b11-nasim\src\DevSkill.Inventory.sln\DevSkill.Inventory.Infrastructure\Utilities\SqlUtility.cs:line 100
   at DevSkill.Inventory.Infrastructure.Utilities.SqlUtility.QueryWithStoredProcedureAsync[TReturn](String storedProcedureName, IDictionary`2 parameters, IDictionary`2 outParameters) in C:\Users\Nasim Reza\Desktop\Final Project\aspnet-b11-nasim\src\DevSkill.Inventory.sln\DevSkill.Inventory.Infrastructure\Utilities\SqlUtility.cs:line 106
   at DevSkill.Inventory.Infrastructure.ApplicationUnitOfWork.GetServiceSalesSP(Int32 pageIndex, Int32 pageSize, String order, ServiceSaleSearchDto search) in C:\Users\Nasim Reza\Desktop\Final Project\aspnet-b11-nasim\src\DevSkill.Inventory.sln\DevSkill.Inventory.Infrastructure\ApplicationUnitOfWork.cs:line 218
   at DevSkill.Inventory.Application.Features.ServiceSales.Queries.GetServiceSalesSPQueryHandler.Handle(GetServiceSalesSPQuery request, CancellationToken cancellationToken) in C:\Users\Nasim Reza\Desktop\Final Project\aspnet-b11-nasim\src\DevSkill.Inventory.sln\DevSkill.Inventory.Application\Features\ServiceSales\Queries\GetServiceSalesSPQueryHandler.cs:line 24
   at DevSkill.Inventory.Web.Areas.Admin.Controllers.ServiceSalesController.GetServiceSalesJsonData(ServiceSaleListModel model) in C:\Users\Nasim Reza\Desktop\Final Project\aspnet-b11-nasim\src\DevSkill.Inventory.sln\DevSkill.Inventory.Web\Areas\Admin\Controllers\ServiceSalesController.cs:line 129
ClientConnectionId:89b94fdf-ea64-460b-8381-41b0701074c7
Error Number:2812,State:62,Class:16
2025-06-19 20:32:54.055 +06:00 [ERR] Error loading service sales
Microsoft.Data.SqlClient.SqlException (0x80131904): Could not find stored procedure 'GetServiceSales'.
   at Microsoft.Data.SqlClient.SqlCommand.<>c.<ExecuteDbDataReaderAsync>b__195_0(Task`1 result)
   at System.Threading.Tasks.ContinuationResultTaskFromResultTask`2.InnerInvoke()
   at System.Threading.ExecutionContext.RunInternal(ExecutionContext executionContext, ContextCallback callback, Object state)
--- End of stack trace from previous location ---
   at System.Threading.ExecutionContext.RunInternal(ExecutionContext executionContext, ContextCallback callback, Object state)
   at System.Threading.Tasks.Task.ExecuteWithThreadLocal(Task& currentTaskSlot, Thread threadPoolThread)
--- End of stack trace from previous location ---
   at DevSkill.Inventory.Infrastructure.Utilities.SqlUtility.ExecuteQueryAsync[TReturn](DbCommand command) in C:\Users\Nasim Reza\Desktop\Final Project\aspnet-b11-nasim\src\DevSkill.Inventory.sln\DevSkill.Inventory.Infrastructure\Utilities\SqlUtility.cs:line 237
   at DevSkill.Inventory.Infrastructure.Utilities.SqlUtility.QueryWithStoredProcedureAsync[TReturn](String storedProcedureName, IDictionary`2 parameters, IDictionary`2 outParameters) in C:\Users\Nasim Reza\Desktop\Final Project\aspnet-b11-nasim\src\DevSkill.Inventory.sln\DevSkill.Inventory.Infrastructure\Utilities\SqlUtility.cs:line 100
   at DevSkill.Inventory.Infrastructure.Utilities.SqlUtility.QueryWithStoredProcedureAsync[TReturn](String storedProcedureName, IDictionary`2 parameters, IDictionary`2 outParameters) in C:\Users\Nasim Reza\Desktop\Final Project\aspnet-b11-nasim\src\DevSkill.Inventory.sln\DevSkill.Inventory.Infrastructure\Utilities\SqlUtility.cs:line 106
   at DevSkill.Inventory.Infrastructure.ApplicationUnitOfWork.GetServiceSalesSP(Int32 pageIndex, Int32 pageSize, String order, ServiceSaleSearchDto search) in C:\Users\Nasim Reza\Desktop\Final Project\aspnet-b11-nasim\src\DevSkill.Inventory.sln\DevSkill.Inventory.Infrastructure\ApplicationUnitOfWork.cs:line 218
   at DevSkill.Inventory.Application.Features.ServiceSales.Queries.GetServiceSalesSPQueryHandler.Handle(GetServiceSalesSPQuery request, CancellationToken cancellationToken) in C:\Users\Nasim Reza\Desktop\Final Project\aspnet-b11-nasim\src\DevSkill.Inventory.sln\DevSkill.Inventory.Application\Features\ServiceSales\Queries\GetServiceSalesSPQueryHandler.cs:line 24
   at DevSkill.Inventory.Web.Areas.Admin.Controllers.ServiceSalesController.GetServiceSalesJsonData(ServiceSaleListModel model) in C:\Users\Nasim Reza\Desktop\Final Project\aspnet-b11-nasim\src\DevSkill.Inventory.sln\DevSkill.Inventory.Web\Areas\Admin\Controllers\ServiceSalesController.cs:line 129
ClientConnectionId:89b94fdf-ea64-460b-8381-41b0701074c7
Error Number:2812,State:62,Class:16
2025-06-19 20:32:55.134 +06:00 [ERR] Error loading service sales
Microsoft.Data.SqlClient.SqlException (0x80131904): Could not find stored procedure 'GetServiceSales'.
   at Microsoft.Data.SqlClient.SqlCommand.<>c.<ExecuteDbDataReaderAsync>b__195_0(Task`1 result)
   at System.Threading.Tasks.ContinuationResultTaskFromResultTask`2.InnerInvoke()
   at System.Threading.ExecutionContext.RunInternal(ExecutionContext executionContext, ContextCallback callback, Object state)
--- End of stack trace from previous location ---
   at System.Threading.ExecutionContext.RunInternal(ExecutionContext executionContext, ContextCallback callback, Object state)
   at System.Threading.Tasks.Task.ExecuteWithThreadLocal(Task& currentTaskSlot, Thread threadPoolThread)
--- End of stack trace from previous location ---
   at DevSkill.Inventory.Infrastructure.Utilities.SqlUtility.ExecuteQueryAsync[TReturn](DbCommand command) in C:\Users\Nasim Reza\Desktop\Final Project\aspnet-b11-nasim\src\DevSkill.Inventory.sln\DevSkill.Inventory.Infrastructure\Utilities\SqlUtility.cs:line 237
   at DevSkill.Inventory.Infrastructure.Utilities.SqlUtility.QueryWithStoredProcedureAsync[TReturn](String storedProcedureName, IDictionary`2 parameters, IDictionary`2 outParameters) in C:\Users\Nasim Reza\Desktop\Final Project\aspnet-b11-nasim\src\DevSkill.Inventory.sln\DevSkill.Inventory.Infrastructure\Utilities\SqlUtility.cs:line 100
   at DevSkill.Inventory.Infrastructure.Utilities.SqlUtility.QueryWithStoredProcedureAsync[TReturn](String storedProcedureName, IDictionary`2 parameters, IDictionary`2 outParameters) in C:\Users\Nasim Reza\Desktop\Final Project\aspnet-b11-nasim\src\DevSkill.Inventory.sln\DevSkill.Inventory.Infrastructure\Utilities\SqlUtility.cs:line 106
   at DevSkill.Inventory.Infrastructure.ApplicationUnitOfWork.GetServiceSalesSP(Int32 pageIndex, Int32 pageSize, String order, ServiceSaleSearchDto search) in C:\Users\Nasim Reza\Desktop\Final Project\aspnet-b11-nasim\src\DevSkill.Inventory.sln\DevSkill.Inventory.Infrastructure\ApplicationUnitOfWork.cs:line 218
   at DevSkill.Inventory.Application.Features.ServiceSales.Queries.GetServiceSalesSPQueryHandler.Handle(GetServiceSalesSPQuery request, CancellationToken cancellationToken) in C:\Users\Nasim Reza\Desktop\Final Project\aspnet-b11-nasim\src\DevSkill.Inventory.sln\DevSkill.Inventory.Application\Features\ServiceSales\Queries\GetServiceSalesSPQueryHandler.cs:line 24
   at DevSkill.Inventory.Web.Areas.Admin.Controllers.ServiceSalesController.GetServiceSalesJsonData(ServiceSaleListModel model) in C:\Users\Nasim Reza\Desktop\Final Project\aspnet-b11-nasim\src\DevSkill.Inventory.sln\DevSkill.Inventory.Web\Areas\Admin\Controllers\ServiceSalesController.cs:line 129
ClientConnectionId:89b94fdf-ea64-460b-8381-41b0701074c7
Error Number:2812,State:62,Class:16
2025-06-19 20:32:59.087 +06:00 [ERR] Error loading service sales
Microsoft.Data.SqlClient.SqlException (0x80131904): Could not find stored procedure 'GetServiceSales'.
   at Microsoft.Data.SqlClient.SqlCommand.<>c.<ExecuteDbDataReaderAsync>b__195_0(Task`1 result)
   at System.Threading.Tasks.ContinuationResultTaskFromResultTask`2.InnerInvoke()
   at System.Threading.ExecutionContext.RunInternal(ExecutionContext executionContext, ContextCallback callback, Object state)
--- End of stack trace from previous location ---
   at System.Threading.ExecutionContext.RunInternal(ExecutionContext executionContext, ContextCallback callback, Object state)
   at System.Threading.Tasks.Task.ExecuteWithThreadLocal(Task& currentTaskSlot, Thread threadPoolThread)
--- End of stack trace from previous location ---
   at DevSkill.Inventory.Infrastructure.Utilities.SqlUtility.ExecuteQueryAsync[TReturn](DbCommand command) in C:\Users\Nasim Reza\Desktop\Final Project\aspnet-b11-nasim\src\DevSkill.Inventory.sln\DevSkill.Inventory.Infrastructure\Utilities\SqlUtility.cs:line 237
   at DevSkill.Inventory.Infrastructure.Utilities.SqlUtility.QueryWithStoredProcedureAsync[TReturn](String storedProcedureName, IDictionary`2 parameters, IDictionary`2 outParameters) in C:\Users\Nasim Reza\Desktop\Final Project\aspnet-b11-nasim\src\DevSkill.Inventory.sln\DevSkill.Inventory.Infrastructure\Utilities\SqlUtility.cs:line 100
   at DevSkill.Inventory.Infrastructure.Utilities.SqlUtility.QueryWithStoredProcedureAsync[TReturn](String storedProcedureName, IDictionary`2 parameters, IDictionary`2 outParameters) in C:\Users\Nasim Reza\Desktop\Final Project\aspnet-b11-nasim\src\DevSkill.Inventory.sln\DevSkill.Inventory.Infrastructure\Utilities\SqlUtility.cs:line 106
   at DevSkill.Inventory.Infrastructure.ApplicationUnitOfWork.GetServiceSalesSP(Int32 pageIndex, Int32 pageSize, String order, ServiceSaleSearchDto search) in C:\Users\Nasim Reza\Desktop\Final Project\aspnet-b11-nasim\src\DevSkill.Inventory.sln\DevSkill.Inventory.Infrastructure\ApplicationUnitOfWork.cs:line 218
   at DevSkill.Inventory.Application.Features.ServiceSales.Queries.GetServiceSalesSPQueryHandler.Handle(GetServiceSalesSPQuery request, CancellationToken cancellationToken) in C:\Users\Nasim Reza\Desktop\Final Project\aspnet-b11-nasim\src\DevSkill.Inventory.sln\DevSkill.Inventory.Application\Features\ServiceSales\Queries\GetServiceSalesSPQueryHandler.cs:line 24
   at DevSkill.Inventory.Web.Areas.Admin.Controllers.ServiceSalesController.GetServiceSalesJsonData(ServiceSaleListModel model) in C:\Users\Nasim Reza\Desktop\Final Project\aspnet-b11-nasim\src\DevSkill.Inventory.sln\DevSkill.Inventory.Web\Areas\Admin\Controllers\ServiceSalesController.cs:line 129
ClientConnectionId:89b94fdf-ea64-460b-8381-41b0701074c7
Error Number:2812,State:62,Class:16
2025-06-19 20:33:00.591 +06:00 [ERR] Error loading service sales
Microsoft.Data.SqlClient.SqlException (0x80131904): Could not find stored procedure 'GetServiceSales'.
   at Microsoft.Data.SqlClient.SqlCommand.<>c.<ExecuteDbDataReaderAsync>b__195_0(Task`1 result)
   at System.Threading.Tasks.ContinuationResultTaskFromResultTask`2.InnerInvoke()
   at System.Threading.ExecutionContext.RunInternal(ExecutionContext executionContext, ContextCallback callback, Object state)
--- End of stack trace from previous location ---
   at System.Threading.ExecutionContext.RunInternal(ExecutionContext executionContext, ContextCallback callback, Object state)
   at System.Threading.Tasks.Task.ExecuteWithThreadLocal(Task& currentTaskSlot, Thread threadPoolThread)
--- End of stack trace from previous location ---
   at DevSkill.Inventory.Infrastructure.Utilities.SqlUtility.ExecuteQueryAsync[TReturn](DbCommand command) in C:\Users\Nasim Reza\Desktop\Final Project\aspnet-b11-nasim\src\DevSkill.Inventory.sln\DevSkill.Inventory.Infrastructure\Utilities\SqlUtility.cs:line 237
   at DevSkill.Inventory.Infrastructure.Utilities.SqlUtility.QueryWithStoredProcedureAsync[TReturn](String storedProcedureName, IDictionary`2 parameters, IDictionary`2 outParameters) in C:\Users\Nasim Reza\Desktop\Final Project\aspnet-b11-nasim\src\DevSkill.Inventory.sln\DevSkill.Inventory.Infrastructure\Utilities\SqlUtility.cs:line 100
   at DevSkill.Inventory.Infrastructure.Utilities.SqlUtility.QueryWithStoredProcedureAsync[TReturn](String storedProcedureName, IDictionary`2 parameters, IDictionary`2 outParameters) in C:\Users\Nasim Reza\Desktop\Final Project\aspnet-b11-nasim\src\DevSkill.Inventory.sln\DevSkill.Inventory.Infrastructure\Utilities\SqlUtility.cs:line 106
   at DevSkill.Inventory.Infrastructure.ApplicationUnitOfWork.GetServiceSalesSP(Int32 pageIndex, Int32 pageSize, String order, ServiceSaleSearchDto search) in C:\Users\Nasim Reza\Desktop\Final Project\aspnet-b11-nasim\src\DevSkill.Inventory.sln\DevSkill.Inventory.Infrastructure\ApplicationUnitOfWork.cs:line 218
   at DevSkill.Inventory.Application.Features.ServiceSales.Queries.GetServiceSalesSPQueryHandler.Handle(GetServiceSalesSPQuery request, CancellationToken cancellationToken) in C:\Users\Nasim Reza\Desktop\Final Project\aspnet-b11-nasim\src\DevSkill.Inventory.sln\DevSkill.Inventory.Application\Features\ServiceSales\Queries\GetServiceSalesSPQueryHandler.cs:line 24
   at DevSkill.Inventory.Web.Areas.Admin.Controllers.ServiceSalesController.GetServiceSalesJsonData(ServiceSaleListModel model) in C:\Users\Nasim Reza\Desktop\Final Project\aspnet-b11-nasim\src\DevSkill.Inventory.sln\DevSkill.Inventory.Web\Areas\Admin\Controllers\ServiceSalesController.cs:line 129
ClientConnectionId:89b94fdf-ea64-460b-8381-41b0701074c7
Error Number:2812,State:62,Class:16
2025-06-19 20:33:01.480 +06:00 [ERR] Error loading service sales
Microsoft.Data.SqlClient.SqlException (0x80131904): Could not find stored procedure 'GetServiceSales'.
   at Microsoft.Data.SqlClient.SqlCommand.<>c.<ExecuteDbDataReaderAsync>b__195_0(Task`1 result)
   at System.Threading.Tasks.ContinuationResultTaskFromResultTask`2.InnerInvoke()
   at System.Threading.ExecutionContext.RunInternal(ExecutionContext executionContext, ContextCallback callback, Object state)
--- End of stack trace from previous location ---
   at System.Threading.ExecutionContext.RunInternal(ExecutionContext executionContext, ContextCallback callback, Object state)
   at System.Threading.Tasks.Task.ExecuteWithThreadLocal(Task& currentTaskSlot, Thread threadPoolThread)
--- End of stack trace from previous location ---
   at DevSkill.Inventory.Infrastructure.Utilities.SqlUtility.ExecuteQueryAsync[TReturn](DbCommand command) in C:\Users\Nasim Reza\Desktop\Final Project\aspnet-b11-nasim\src\DevSkill.Inventory.sln\DevSkill.Inventory.Infrastructure\Utilities\SqlUtility.cs:line 237
   at DevSkill.Inventory.Infrastructure.Utilities.SqlUtility.QueryWithStoredProcedureAsync[TReturn](String storedProcedureName, IDictionary`2 parameters, IDictionary`2 outParameters) in C:\Users\Nasim Reza\Desktop\Final Project\aspnet-b11-nasim\src\DevSkill.Inventory.sln\DevSkill.Inventory.Infrastructure\Utilities\SqlUtility.cs:line 100
   at DevSkill.Inventory.Infrastructure.Utilities.SqlUtility.QueryWithStoredProcedureAsync[TReturn](String storedProcedureName, IDictionary`2 parameters, IDictionary`2 outParameters) in C:\Users\Nasim Reza\Desktop\Final Project\aspnet-b11-nasim\src\DevSkill.Inventory.sln\DevSkill.Inventory.Infrastructure\Utilities\SqlUtility.cs:line 106
   at DevSkill.Inventory.Infrastructure.ApplicationUnitOfWork.GetServiceSalesSP(Int32 pageIndex, Int32 pageSize, String order, ServiceSaleSearchDto search) in C:\Users\Nasim Reza\Desktop\Final Project\aspnet-b11-nasim\src\DevSkill.Inventory.sln\DevSkill.Inventory.Infrastructure\ApplicationUnitOfWork.cs:line 218
   at DevSkill.Inventory.Application.Features.ServiceSales.Queries.GetServiceSalesSPQueryHandler.Handle(GetServiceSalesSPQuery request, CancellationToken cancellationToken) in C:\Users\Nasim Reza\Desktop\Final Project\aspnet-b11-nasim\src\DevSkill.Inventory.sln\DevSkill.Inventory.Application\Features\ServiceSales\Queries\GetServiceSalesSPQueryHandler.cs:line 24
   at DevSkill.Inventory.Web.Areas.Admin.Controllers.ServiceSalesController.GetServiceSalesJsonData(ServiceSaleListModel model) in C:\Users\Nasim Reza\Desktop\Final Project\aspnet-b11-nasim\src\DevSkill.Inventory.sln\DevSkill.Inventory.Web\Areas\Admin\Controllers\ServiceSalesController.cs:line 129
ClientConnectionId:89b94fdf-ea64-460b-8381-41b0701074c7
Error Number:2812,State:62,Class:16
2025-06-19 20:33:52.138 +06:00 [ERR] Error loading service sales
Microsoft.Data.SqlClient.SqlException (0x80131904): Could not find stored procedure 'GetServiceSales'.
   at Microsoft.Data.SqlClient.SqlCommand.<>c.<ExecuteDbDataReaderAsync>b__195_0(Task`1 result)
   at System.Threading.Tasks.ContinuationResultTaskFromResultTask`2.InnerInvoke()
   at System.Threading.ExecutionContext.RunInternal(ExecutionContext executionContext, ContextCallback callback, Object state)
--- End of stack trace from previous location ---
   at System.Threading.ExecutionContext.RunInternal(ExecutionContext executionContext, ContextCallback callback, Object state)
   at System.Threading.Tasks.Task.ExecuteWithThreadLocal(Task& currentTaskSlot, Thread threadPoolThread)
--- End of stack trace from previous location ---
   at DevSkill.Inventory.Infrastructure.Utilities.SqlUtility.ExecuteQueryAsync[TReturn](DbCommand command) in C:\Users\Nasim Reza\Desktop\Final Project\aspnet-b11-nasim\src\DevSkill.Inventory.sln\DevSkill.Inventory.Infrastructure\Utilities\SqlUtility.cs:line 237
   at DevSkill.Inventory.Infrastructure.Utilities.SqlUtility.QueryWithStoredProcedureAsync[TReturn](String storedProcedureName, IDictionary`2 parameters, IDictionary`2 outParameters) in C:\Users\Nasim Reza\Desktop\Final Project\aspnet-b11-nasim\src\DevSkill.Inventory.sln\DevSkill.Inventory.Infrastructure\Utilities\SqlUtility.cs:line 100
   at DevSkill.Inventory.Infrastructure.Utilities.SqlUtility.QueryWithStoredProcedureAsync[TReturn](String storedProcedureName, IDictionary`2 parameters, IDictionary`2 outParameters) in C:\Users\Nasim Reza\Desktop\Final Project\aspnet-b11-nasim\src\DevSkill.Inventory.sln\DevSkill.Inventory.Infrastructure\Utilities\SqlUtility.cs:line 106
   at DevSkill.Inventory.Infrastructure.ApplicationUnitOfWork.GetServiceSalesSP(Int32 pageIndex, Int32 pageSize, String order, ServiceSaleSearchDto search) in C:\Users\Nasim Reza\Desktop\Final Project\aspnet-b11-nasim\src\DevSkill.Inventory.sln\DevSkill.Inventory.Infrastructure\ApplicationUnitOfWork.cs:line 218
   at DevSkill.Inventory.Application.Features.ServiceSales.Queries.GetServiceSalesSPQueryHandler.Handle(GetServiceSalesSPQuery request, CancellationToken cancellationToken) in C:\Users\Nasim Reza\Desktop\Final Project\aspnet-b11-nasim\src\DevSkill.Inventory.sln\DevSkill.Inventory.Application\Features\ServiceSales\Queries\GetServiceSalesSPQueryHandler.cs:line 24
   at DevSkill.Inventory.Web.Areas.Admin.Controllers.ServiceSalesController.GetServiceSalesJsonData(ServiceSaleListModel model) in C:\Users\Nasim Reza\Desktop\Final Project\aspnet-b11-nasim\src\DevSkill.Inventory.sln\DevSkill.Inventory.Web\Areas\Admin\Controllers\ServiceSalesController.cs:line 129
ClientConnectionId:89b94fdf-ea64-460b-8381-41b0701074c7
Error Number:2812,State:62,Class:16
2025-06-19 20:33:53.998 +06:00 [ERR] Error loading service sales
Microsoft.Data.SqlClient.SqlException (0x80131904): Could not find stored procedure 'GetServiceSales'.
   at Microsoft.Data.SqlClient.SqlCommand.<>c.<ExecuteDbDataReaderAsync>b__195_0(Task`1 result)
   at System.Threading.Tasks.ContinuationResultTaskFromResultTask`2.InnerInvoke()
   at System.Threading.ExecutionContext.RunInternal(ExecutionContext executionContext, ContextCallback callback, Object state)
--- End of stack trace from previous location ---
   at System.Threading.ExecutionContext.RunInternal(ExecutionContext executionContext, ContextCallback callback, Object state)
   at System.Threading.Tasks.Task.ExecuteWithThreadLocal(Task& currentTaskSlot, Thread threadPoolThread)
--- End of stack trace from previous location ---
   at DevSkill.Inventory.Infrastructure.Utilities.SqlUtility.ExecuteQueryAsync[TReturn](DbCommand command) in C:\Users\Nasim Reza\Desktop\Final Project\aspnet-b11-nasim\src\DevSkill.Inventory.sln\DevSkill.Inventory.Infrastructure\Utilities\SqlUtility.cs:line 237
   at DevSkill.Inventory.Infrastructure.Utilities.SqlUtility.QueryWithStoredProcedureAsync[TReturn](String storedProcedureName, IDictionary`2 parameters, IDictionary`2 outParameters) in C:\Users\Nasim Reza\Desktop\Final Project\aspnet-b11-nasim\src\DevSkill.Inventory.sln\DevSkill.Inventory.Infrastructure\Utilities\SqlUtility.cs:line 100
   at DevSkill.Inventory.Infrastructure.Utilities.SqlUtility.QueryWithStoredProcedureAsync[TReturn](String storedProcedureName, IDictionary`2 parameters, IDictionary`2 outParameters) in C:\Users\Nasim Reza\Desktop\Final Project\aspnet-b11-nasim\src\DevSkill.Inventory.sln\DevSkill.Inventory.Infrastructure\Utilities\SqlUtility.cs:line 106
   at DevSkill.Inventory.Infrastructure.ApplicationUnitOfWork.GetServiceSalesSP(Int32 pageIndex, Int32 pageSize, String order, ServiceSaleSearchDto search) in C:\Users\Nasim Reza\Desktop\Final Project\aspnet-b11-nasim\src\DevSkill.Inventory.sln\DevSkill.Inventory.Infrastructure\ApplicationUnitOfWork.cs:line 218
   at DevSkill.Inventory.Application.Features.ServiceSales.Queries.GetServiceSalesSPQueryHandler.Handle(GetServiceSalesSPQuery request, CancellationToken cancellationToken) in C:\Users\Nasim Reza\Desktop\Final Project\aspnet-b11-nasim\src\DevSkill.Inventory.sln\DevSkill.Inventory.Application\Features\ServiceSales\Queries\GetServiceSalesSPQueryHandler.cs:line 24
   at DevSkill.Inventory.Web.Areas.Admin.Controllers.ServiceSalesController.GetServiceSalesJsonData(ServiceSaleListModel model) in C:\Users\Nasim Reza\Desktop\Final Project\aspnet-b11-nasim\src\DevSkill.Inventory.sln\DevSkill.Inventory.Web\Areas\Admin\Controllers\ServiceSalesController.cs:line 129
ClientConnectionId:89b94fdf-ea64-460b-8381-41b0701074c7
Error Number:2812,State:62,Class:16
2025-06-19 20:33:55.231 +06:00 [ERR] Error loading service sales
Microsoft.Data.SqlClient.SqlException (0x80131904): Could not find stored procedure 'GetServiceSales'.
   at Microsoft.Data.SqlClient.SqlCommand.<>c.<ExecuteDbDataReaderAsync>b__195_0(Task`1 result)
   at System.Threading.Tasks.ContinuationResultTaskFromResultTask`2.InnerInvoke()
   at System.Threading.ExecutionContext.RunInternal(ExecutionContext executionContext, ContextCallback callback, Object state)
--- End of stack trace from previous location ---
   at System.Threading.ExecutionContext.RunInternal(ExecutionContext executionContext, ContextCallback callback, Object state)
   at System.Threading.Tasks.Task.ExecuteWithThreadLocal(Task& currentTaskSlot, Thread threadPoolThread)
--- End of stack trace from previous location ---
   at DevSkill.Inventory.Infrastructure.Utilities.SqlUtility.ExecuteQueryAsync[TReturn](DbCommand command) in C:\Users\Nasim Reza\Desktop\Final Project\aspnet-b11-nasim\src\DevSkill.Inventory.sln\DevSkill.Inventory.Infrastructure\Utilities\SqlUtility.cs:line 237
   at DevSkill.Inventory.Infrastructure.Utilities.SqlUtility.QueryWithStoredProcedureAsync[TReturn](String storedProcedureName, IDictionary`2 parameters, IDictionary`2 outParameters) in C:\Users\Nasim Reza\Desktop\Final Project\aspnet-b11-nasim\src\DevSkill.Inventory.sln\DevSkill.Inventory.Infrastructure\Utilities\SqlUtility.cs:line 100
   at DevSkill.Inventory.Infrastructure.Utilities.SqlUtility.QueryWithStoredProcedureAsync[TReturn](String storedProcedureName, IDictionary`2 parameters, IDictionary`2 outParameters) in C:\Users\Nasim Reza\Desktop\Final Project\aspnet-b11-nasim\src\DevSkill.Inventory.sln\DevSkill.Inventory.Infrastructure\Utilities\SqlUtility.cs:line 106
   at DevSkill.Inventory.Infrastructure.ApplicationUnitOfWork.GetServiceSalesSP(Int32 pageIndex, Int32 pageSize, String order, ServiceSaleSearchDto search) in C:\Users\Nasim Reza\Desktop\Final Project\aspnet-b11-nasim\src\DevSkill.Inventory.sln\DevSkill.Inventory.Infrastructure\ApplicationUnitOfWork.cs:line 218
   at DevSkill.Inventory.Application.Features.ServiceSales.Queries.GetServiceSalesSPQueryHandler.Handle(GetServiceSalesSPQuery request, CancellationToken cancellationToken) in C:\Users\Nasim Reza\Desktop\Final Project\aspnet-b11-nasim\src\DevSkill.Inventory.sln\DevSkill.Inventory.Application\Features\ServiceSales\Queries\GetServiceSalesSPQueryHandler.cs:line 24
   at DevSkill.Inventory.Web.Areas.Admin.Controllers.ServiceSalesController.GetServiceSalesJsonData(ServiceSaleListModel model) in C:\Users\Nasim Reza\Desktop\Final Project\aspnet-b11-nasim\src\DevSkill.Inventory.sln\DevSkill.Inventory.Web\Areas\Admin\Controllers\ServiceSalesController.cs:line 129
ClientConnectionId:89b94fdf-ea64-460b-8381-41b0701074c7
Error Number:2812,State:62,Class:16
2025-06-19 20:33:55.852 +06:00 [ERR] Error loading service sales
Microsoft.Data.SqlClient.SqlException (0x80131904): Could not find stored procedure 'GetServiceSales'.
   at Microsoft.Data.SqlClient.SqlCommand.<>c.<ExecuteDbDataReaderAsync>b__195_0(Task`1 result)
   at System.Threading.Tasks.ContinuationResultTaskFromResultTask`2.InnerInvoke()
   at System.Threading.ExecutionContext.RunInternal(ExecutionContext executionContext, ContextCallback callback, Object state)
--- End of stack trace from previous location ---
   at System.Threading.ExecutionContext.RunInternal(ExecutionContext executionContext, ContextCallback callback, Object state)
   at System.Threading.Tasks.Task.ExecuteWithThreadLocal(Task& currentTaskSlot, Thread threadPoolThread)
--- End of stack trace from previous location ---
   at DevSkill.Inventory.Infrastructure.Utilities.SqlUtility.ExecuteQueryAsync[TReturn](DbCommand command) in C:\Users\Nasim Reza\Desktop\Final Project\aspnet-b11-nasim\src\DevSkill.Inventory.sln\DevSkill.Inventory.Infrastructure\Utilities\SqlUtility.cs:line 237
   at DevSkill.Inventory.Infrastructure.Utilities.SqlUtility.QueryWithStoredProcedureAsync[TReturn](String storedProcedureName, IDictionary`2 parameters, IDictionary`2 outParameters) in C:\Users\Nasim Reza\Desktop\Final Project\aspnet-b11-nasim\src\DevSkill.Inventory.sln\DevSkill.Inventory.Infrastructure\Utilities\SqlUtility.cs:line 100
   at DevSkill.Inventory.Infrastructure.Utilities.SqlUtility.QueryWithStoredProcedureAsync[TReturn](String storedProcedureName, IDictionary`2 parameters, IDictionary`2 outParameters) in C:\Users\Nasim Reza\Desktop\Final Project\aspnet-b11-nasim\src\DevSkill.Inventory.sln\DevSkill.Inventory.Infrastructure\Utilities\SqlUtility.cs:line 106
   at DevSkill.Inventory.Infrastructure.ApplicationUnitOfWork.GetServiceSalesSP(Int32 pageIndex, Int32 pageSize, String order, ServiceSaleSearchDto search) in C:\Users\Nasim Reza\Desktop\Final Project\aspnet-b11-nasim\src\DevSkill.Inventory.sln\DevSkill.Inventory.Infrastructure\ApplicationUnitOfWork.cs:line 218
   at DevSkill.Inventory.Application.Features.ServiceSales.Queries.GetServiceSalesSPQueryHandler.Handle(GetServiceSalesSPQuery request, CancellationToken cancellationToken) in C:\Users\Nasim Reza\Desktop\Final Project\aspnet-b11-nasim\src\DevSkill.Inventory.sln\DevSkill.Inventory.Application\Features\ServiceSales\Queries\GetServiceSalesSPQueryHandler.cs:line 24
   at DevSkill.Inventory.Web.Areas.Admin.Controllers.ServiceSalesController.GetServiceSalesJsonData(ServiceSaleListModel model) in C:\Users\Nasim Reza\Desktop\Final Project\aspnet-b11-nasim\src\DevSkill.Inventory.sln\DevSkill.Inventory.Web\Areas\Admin\Controllers\ServiceSalesController.cs:line 129
ClientConnectionId:89b94fdf-ea64-460b-8381-41b0701074c7
Error Number:2812,State:62,Class:16
2025-06-19 20:33:56.647 +06:00 [ERR] Error loading service sales
Microsoft.Data.SqlClient.SqlException (0x80131904): Could not find stored procedure 'GetServiceSales'.
   at Microsoft.Data.SqlClient.SqlCommand.<>c.<ExecuteDbDataReaderAsync>b__195_0(Task`1 result)
   at System.Threading.Tasks.ContinuationResultTaskFromResultTask`2.InnerInvoke()
   at System.Threading.ExecutionContext.RunInternal(ExecutionContext executionContext, ContextCallback callback, Object state)
--- End of stack trace from previous location ---
   at System.Threading.ExecutionContext.RunInternal(ExecutionContext executionContext, ContextCallback callback, Object state)
   at System.Threading.Tasks.Task.ExecuteWithThreadLocal(Task& currentTaskSlot, Thread threadPoolThread)
--- End of stack trace from previous location ---
   at DevSkill.Inventory.Infrastructure.Utilities.SqlUtility.ExecuteQueryAsync[TReturn](DbCommand command) in C:\Users\Nasim Reza\Desktop\Final Project\aspnet-b11-nasim\src\DevSkill.Inventory.sln\DevSkill.Inventory.Infrastructure\Utilities\SqlUtility.cs:line 237
   at DevSkill.Inventory.Infrastructure.Utilities.SqlUtility.QueryWithStoredProcedureAsync[TReturn](String storedProcedureName, IDictionary`2 parameters, IDictionary`2 outParameters) in C:\Users\Nasim Reza\Desktop\Final Project\aspnet-b11-nasim\src\DevSkill.Inventory.sln\DevSkill.Inventory.Infrastructure\Utilities\SqlUtility.cs:line 100
   at DevSkill.Inventory.Infrastructure.Utilities.SqlUtility.QueryWithStoredProcedureAsync[TReturn](String storedProcedureName, IDictionary`2 parameters, IDictionary`2 outParameters) in C:\Users\Nasim Reza\Desktop\Final Project\aspnet-b11-nasim\src\DevSkill.Inventory.sln\DevSkill.Inventory.Infrastructure\Utilities\SqlUtility.cs:line 106
   at DevSkill.Inventory.Infrastructure.ApplicationUnitOfWork.GetServiceSalesSP(Int32 pageIndex, Int32 pageSize, String order, ServiceSaleSearchDto search) in C:\Users\Nasim Reza\Desktop\Final Project\aspnet-b11-nasim\src\DevSkill.Inventory.sln\DevSkill.Inventory.Infrastructure\ApplicationUnitOfWork.cs:line 218
   at DevSkill.Inventory.Application.Features.ServiceSales.Queries.GetServiceSalesSPQueryHandler.Handle(GetServiceSalesSPQuery request, CancellationToken cancellationToken) in C:\Users\Nasim Reza\Desktop\Final Project\aspnet-b11-nasim\src\DevSkill.Inventory.sln\DevSkill.Inventory.Application\Features\ServiceSales\Queries\GetServiceSalesSPQueryHandler.cs:line 24
   at DevSkill.Inventory.Web.Areas.Admin.Controllers.ServiceSalesController.GetServiceSalesJsonData(ServiceSaleListModel model) in C:\Users\Nasim Reza\Desktop\Final Project\aspnet-b11-nasim\src\DevSkill.Inventory.sln\DevSkill.Inventory.Web\Areas\Admin\Controllers\ServiceSalesController.cs:line 129
ClientConnectionId:89b94fdf-ea64-460b-8381-41b0701074c7
Error Number:2812,State:62,Class:16
2025-06-19 20:33:57.130 +06:00 [ERR] Error loading service sales
Microsoft.Data.SqlClient.SqlException (0x80131904): Could not find stored procedure 'GetServiceSales'.
   at Microsoft.Data.SqlClient.SqlCommand.<>c.<ExecuteDbDataReaderAsync>b__195_0(Task`1 result)
   at System.Threading.Tasks.ContinuationResultTaskFromResultTask`2.InnerInvoke()
   at System.Threading.ExecutionContext.RunInternal(ExecutionContext executionContext, ContextCallback callback, Object state)
--- End of stack trace from previous location ---
   at System.Threading.ExecutionContext.RunInternal(ExecutionContext executionContext, ContextCallback callback, Object state)
   at System.Threading.Tasks.Task.ExecuteWithThreadLocal(Task& currentTaskSlot, Thread threadPoolThread)
--- End of stack trace from previous location ---
   at DevSkill.Inventory.Infrastructure.Utilities.SqlUtility.ExecuteQueryAsync[TReturn](DbCommand command) in C:\Users\Nasim Reza\Desktop\Final Project\aspnet-b11-nasim\src\DevSkill.Inventory.sln\DevSkill.Inventory.Infrastructure\Utilities\SqlUtility.cs:line 237
   at DevSkill.Inventory.Infrastructure.Utilities.SqlUtility.QueryWithStoredProcedureAsync[TReturn](String storedProcedureName, IDictionary`2 parameters, IDictionary`2 outParameters) in C:\Users\Nasim Reza\Desktop\Final Project\aspnet-b11-nasim\src\DevSkill.Inventory.sln\DevSkill.Inventory.Infrastructure\Utilities\SqlUtility.cs:line 100
   at DevSkill.Inventory.Infrastructure.Utilities.SqlUtility.QueryWithStoredProcedureAsync[TReturn](String storedProcedureName, IDictionary`2 parameters, IDictionary`2 outParameters) in C:\Users\Nasim Reza\Desktop\Final Project\aspnet-b11-nasim\src\DevSkill.Inventory.sln\DevSkill.Inventory.Infrastructure\Utilities\SqlUtility.cs:line 106
   at DevSkill.Inventory.Infrastructure.ApplicationUnitOfWork.GetServiceSalesSP(Int32 pageIndex, Int32 pageSize, String order, ServiceSaleSearchDto search) in C:\Users\Nasim Reza\Desktop\Final Project\aspnet-b11-nasim\src\DevSkill.Inventory.sln\DevSkill.Inventory.Infrastructure\ApplicationUnitOfWork.cs:line 218
   at DevSkill.Inventory.Application.Features.ServiceSales.Queries.GetServiceSalesSPQueryHandler.Handle(GetServiceSalesSPQuery request, CancellationToken cancellationToken) in C:\Users\Nasim Reza\Desktop\Final Project\aspnet-b11-nasim\src\DevSkill.Inventory.sln\DevSkill.Inventory.Application\Features\ServiceSales\Queries\GetServiceSalesSPQueryHandler.cs:line 24
   at DevSkill.Inventory.Web.Areas.Admin.Controllers.ServiceSalesController.GetServiceSalesJsonData(ServiceSaleListModel model) in C:\Users\Nasim Reza\Desktop\Final Project\aspnet-b11-nasim\src\DevSkill.Inventory.sln\DevSkill.Inventory.Web\Areas\Admin\Controllers\ServiceSalesController.cs:line 129
ClientConnectionId:89b94fdf-ea64-460b-8381-41b0701074c7
Error Number:2812,State:62,Class:16
2025-06-19 20:33:58.432 +06:00 [ERR] Error loading service sales
Microsoft.Data.SqlClient.SqlException (0x80131904): Could not find stored procedure 'GetServiceSales'.
   at Microsoft.Data.SqlClient.SqlCommand.<>c.<ExecuteDbDataReaderAsync>b__195_0(Task`1 result)
   at System.Threading.Tasks.ContinuationResultTaskFromResultTask`2.InnerInvoke()
   at System.Threading.ExecutionContext.RunInternal(ExecutionContext executionContext, ContextCallback callback, Object state)
--- End of stack trace from previous location ---
   at System.Threading.ExecutionContext.RunInternal(ExecutionContext executionContext, ContextCallback callback, Object state)
   at System.Threading.Tasks.Task.ExecuteWithThreadLocal(Task& currentTaskSlot, Thread threadPoolThread)
--- End of stack trace from previous location ---
   at DevSkill.Inventory.Infrastructure.Utilities.SqlUtility.ExecuteQueryAsync[TReturn](DbCommand command) in C:\Users\Nasim Reza\Desktop\Final Project\aspnet-b11-nasim\src\DevSkill.Inventory.sln\DevSkill.Inventory.Infrastructure\Utilities\SqlUtility.cs:line 237
   at DevSkill.Inventory.Infrastructure.Utilities.SqlUtility.QueryWithStoredProcedureAsync[TReturn](String storedProcedureName, IDictionary`2 parameters, IDictionary`2 outParameters) in C:\Users\Nasim Reza\Desktop\Final Project\aspnet-b11-nasim\src\DevSkill.Inventory.sln\DevSkill.Inventory.Infrastructure\Utilities\SqlUtility.cs:line 100
   at DevSkill.Inventory.Infrastructure.Utilities.SqlUtility.QueryWithStoredProcedureAsync[TReturn](String storedProcedureName, IDictionary`2 parameters, IDictionary`2 outParameters) in C:\Users\Nasim Reza\Desktop\Final Project\aspnet-b11-nasim\src\DevSkill.Inventory.sln\DevSkill.Inventory.Infrastructure\Utilities\SqlUtility.cs:line 106
   at DevSkill.Inventory.Infrastructure.ApplicationUnitOfWork.GetServiceSalesSP(Int32 pageIndex, Int32 pageSize, String order, ServiceSaleSearchDto search) in C:\Users\Nasim Reza\Desktop\Final Project\aspnet-b11-nasim\src\DevSkill.Inventory.sln\DevSkill.Inventory.Infrastructure\ApplicationUnitOfWork.cs:line 218
   at DevSkill.Inventory.Application.Features.ServiceSales.Queries.GetServiceSalesSPQueryHandler.Handle(GetServiceSalesSPQuery request, CancellationToken cancellationToken) in C:\Users\Nasim Reza\Desktop\Final Project\aspnet-b11-nasim\src\DevSkill.Inventory.sln\DevSkill.Inventory.Application\Features\ServiceSales\Queries\GetServiceSalesSPQueryHandler.cs:line 24
   at DevSkill.Inventory.Web.Areas.Admin.Controllers.ServiceSalesController.GetServiceSalesJsonData(ServiceSaleListModel model) in C:\Users\Nasim Reza\Desktop\Final Project\aspnet-b11-nasim\src\DevSkill.Inventory.sln\DevSkill.Inventory.Web\Areas\Admin\Controllers\ServiceSalesController.cs:line 129
ClientConnectionId:89b94fdf-ea64-460b-8381-41b0701074c7
Error Number:2812,State:62,Class:16
2025-06-19 20:33:59.687 +06:00 [ERR] Error loading service data
AutoMapper.AutoMapperMappingException: Missing type map configuration or unsupported mapping.

Mapping types:
ServiceSearchModel -> ServiceSearchDto
DevSkill.Inventory.Web.Areas.Admin.Models.ServicesModels.ServiceSearchModel -> DevSkill.Inventory.Domain.Dtos.ServiceSearchDto
   at lambda_method793(Closure, Object, ServiceSearchDto, ResolutionContext)
   at DevSkill.Inventory.Web.Areas.Admin.Controllers.ServicesController.GetServicesJsonData(ServiceListModel model) in C:\Users\Nasim Reza\Desktop\Final Project\aspnet-b11-nasim\src\DevSkill.Inventory.sln\DevSkill.Inventory.Web\Areas\Admin\Controllers\ServicesController.cs:line 36
2025-06-19 20:34:18.264 +06:00 [INF] Application Starting...17-jan
2025-06-19 20:34:18.301 +06:00 [INF] This is Nasim Reza Hridoy
2025-06-19 20:34:18.301 +06:00 [ERR] An error occurred while starting the application.
2025-06-19 20:34:20.697 +06:00 [INF] This is Nasim Reza
2025-06-19 20:34:20.715 +06:00 [INF] This is a test log entry to verify database logging.
2025-06-19 20:34:29.961 +06:00 [ERR] Error loading service data
AutoMapper.AutoMapperMappingException: Missing type map configuration or unsupported mapping.

Mapping types:
ServiceSearchModel -> ServiceSearchDto
DevSkill.Inventory.Web.Areas.Admin.Models.ServicesModels.ServiceSearchModel -> DevSkill.Inventory.Domain.Dtos.ServiceSearchDto
   at lambda_method791(Closure, Object, ServiceSearchDto, ResolutionContext)
   at DevSkill.Inventory.Web.Areas.Admin.Controllers.ServicesController.GetServicesJsonData(ServiceListModel model) in C:\Users\Nasim Reza\Desktop\Final Project\aspnet-b11-nasim\src\DevSkill.Inventory.sln\DevSkill.Inventory.Web\Areas\Admin\Controllers\ServicesController.cs:line 36
2025-06-19 20:34:31.179 +06:00 [ERR] Error loading service sales
Microsoft.Data.SqlClient.SqlException (0x80131904): Could not find stored procedure 'GetServiceSales'.
   at Microsoft.Data.SqlClient.SqlCommand.<>c.<ExecuteDbDataReaderAsync>b__195_0(Task`1 result)
   at System.Threading.Tasks.ContinuationResultTaskFromResultTask`2.InnerInvoke()
   at System.Threading.ExecutionContext.RunInternal(ExecutionContext executionContext, ContextCallback callback, Object state)
--- End of stack trace from previous location ---
   at System.Threading.ExecutionContext.RunInternal(ExecutionContext executionContext, ContextCallback callback, Object state)
   at System.Threading.Tasks.Task.ExecuteWithThreadLocal(Task& currentTaskSlot, Thread threadPoolThread)
--- End of stack trace from previous location ---
   at DevSkill.Inventory.Infrastructure.Utilities.SqlUtility.ExecuteQueryAsync[TReturn](DbCommand command) in C:\Users\Nasim Reza\Desktop\Final Project\aspnet-b11-nasim\src\DevSkill.Inventory.sln\DevSkill.Inventory.Infrastructure\Utilities\SqlUtility.cs:line 237
   at DevSkill.Inventory.Infrastructure.Utilities.SqlUtility.QueryWithStoredProcedureAsync[TReturn](String storedProcedureName, IDictionary`2 parameters, IDictionary`2 outParameters) in C:\Users\Nasim Reza\Desktop\Final Project\aspnet-b11-nasim\src\DevSkill.Inventory.sln\DevSkill.Inventory.Infrastructure\Utilities\SqlUtility.cs:line 100
   at DevSkill.Inventory.Infrastructure.Utilities.SqlUtility.QueryWithStoredProcedureAsync[TReturn](String storedProcedureName, IDictionary`2 parameters, IDictionary`2 outParameters) in C:\Users\Nasim Reza\Desktop\Final Project\aspnet-b11-nasim\src\DevSkill.Inventory.sln\DevSkill.Inventory.Infrastructure\Utilities\SqlUtility.cs:line 106
   at DevSkill.Inventory.Infrastructure.ApplicationUnitOfWork.GetServiceSalesSP(Int32 pageIndex, Int32 pageSize, String order, ServiceSaleSearchDto search) in C:\Users\Nasim Reza\Desktop\Final Project\aspnet-b11-nasim\src\DevSkill.Inventory.sln\DevSkill.Inventory.Infrastructure\ApplicationUnitOfWork.cs:line 218
   at DevSkill.Inventory.Application.Features.ServiceSales.Queries.GetServiceSalesSPQueryHandler.Handle(GetServiceSalesSPQuery request, CancellationToken cancellationToken) in C:\Users\Nasim Reza\Desktop\Final Project\aspnet-b11-nasim\src\DevSkill.Inventory.sln\DevSkill.Inventory.Application\Features\ServiceSales\Queries\GetServiceSalesSPQueryHandler.cs:line 24
   at DevSkill.Inventory.Web.Areas.Admin.Controllers.ServiceSalesController.GetServiceSalesJsonData(ServiceSaleListModel model) in C:\Users\Nasim Reza\Desktop\Final Project\aspnet-b11-nasim\src\DevSkill.Inventory.sln\DevSkill.Inventory.Web\Areas\Admin\Controllers\ServiceSalesController.cs:line 129
ClientConnectionId:90cb6e03-9642-4460-9ea3-5e70aff3987c
Error Number:2812,State:62,Class:16
2025-06-19 20:34:38.103 +06:00 [ERR] Error loading service sales
Microsoft.Data.SqlClient.SqlException (0x80131904): Could not find stored procedure 'GetServiceSales'.
   at Microsoft.Data.SqlClient.SqlCommand.<>c.<ExecuteDbDataReaderAsync>b__195_0(Task`1 result)
   at System.Threading.Tasks.ContinuationResultTaskFromResultTask`2.InnerInvoke()
   at System.Threading.ExecutionContext.RunInternal(ExecutionContext executionContext, ContextCallback callback, Object state)
--- End of stack trace from previous location ---
   at System.Threading.ExecutionContext.RunInternal(ExecutionContext executionContext, ContextCallback callback, Object state)
   at System.Threading.Tasks.Task.ExecuteWithThreadLocal(Task& currentTaskSlot, Thread threadPoolThread)
--- End of stack trace from previous location ---
   at DevSkill.Inventory.Infrastructure.Utilities.SqlUtility.ExecuteQueryAsync[TReturn](DbCommand command) in C:\Users\Nasim Reza\Desktop\Final Project\aspnet-b11-nasim\src\DevSkill.Inventory.sln\DevSkill.Inventory.Infrastructure\Utilities\SqlUtility.cs:line 237
   at DevSkill.Inventory.Infrastructure.Utilities.SqlUtility.QueryWithStoredProcedureAsync[TReturn](String storedProcedureName, IDictionary`2 parameters, IDictionary`2 outParameters) in C:\Users\Nasim Reza\Desktop\Final Project\aspnet-b11-nasim\src\DevSkill.Inventory.sln\DevSkill.Inventory.Infrastructure\Utilities\SqlUtility.cs:line 100
   at DevSkill.Inventory.Infrastructure.Utilities.SqlUtility.QueryWithStoredProcedureAsync[TReturn](String storedProcedureName, IDictionary`2 parameters, IDictionary`2 outParameters) in C:\Users\Nasim Reza\Desktop\Final Project\aspnet-b11-nasim\src\DevSkill.Inventory.sln\DevSkill.Inventory.Infrastructure\Utilities\SqlUtility.cs:line 106
   at DevSkill.Inventory.Infrastructure.ApplicationUnitOfWork.GetServiceSalesSP(Int32 pageIndex, Int32 pageSize, String order, ServiceSaleSearchDto search) in C:\Users\Nasim Reza\Desktop\Final Project\aspnet-b11-nasim\src\DevSkill.Inventory.sln\DevSkill.Inventory.Infrastructure\ApplicationUnitOfWork.cs:line 218
   at DevSkill.Inventory.Application.Features.ServiceSales.Queries.GetServiceSalesSPQueryHandler.Handle(GetServiceSalesSPQuery request, CancellationToken cancellationToken) in C:\Users\Nasim Reza\Desktop\Final Project\aspnet-b11-nasim\src\DevSkill.Inventory.sln\DevSkill.Inventory.Application\Features\ServiceSales\Queries\GetServiceSalesSPQueryHandler.cs:line 24
   at DevSkill.Inventory.Web.Areas.Admin.Controllers.ServiceSalesController.GetServiceSalesJsonData(ServiceSaleListModel model) in C:\Users\Nasim Reza\Desktop\Final Project\aspnet-b11-nasim\src\DevSkill.Inventory.sln\DevSkill.Inventory.Web\Areas\Admin\Controllers\ServiceSalesController.cs:line 129
ClientConnectionId:90cb6e03-9642-4460-9ea3-5e70aff3987c
Error Number:2812,State:62,Class:16
2025-06-19 20:34:38.847 +06:00 [ERR] Error loading service sales
Microsoft.Data.SqlClient.SqlException (0x80131904): Could not find stored procedure 'GetServiceSales'.
   at Microsoft.Data.SqlClient.SqlCommand.<>c.<ExecuteDbDataReaderAsync>b__195_0(Task`1 result)
   at System.Threading.Tasks.ContinuationResultTaskFromResultTask`2.InnerInvoke()
   at System.Threading.ExecutionContext.RunInternal(ExecutionContext executionContext, ContextCallback callback, Object state)
--- End of stack trace from previous location ---
   at System.Threading.ExecutionContext.RunInternal(ExecutionContext executionContext, ContextCallback callback, Object state)
   at System.Threading.Tasks.Task.ExecuteWithThreadLocal(Task& currentTaskSlot, Thread threadPoolThread)
--- End of stack trace from previous location ---
   at DevSkill.Inventory.Infrastructure.Utilities.SqlUtility.ExecuteQueryAsync[TReturn](DbCommand command) in C:\Users\Nasim Reza\Desktop\Final Project\aspnet-b11-nasim\src\DevSkill.Inventory.sln\DevSkill.Inventory.Infrastructure\Utilities\SqlUtility.cs:line 237
   at DevSkill.Inventory.Infrastructure.Utilities.SqlUtility.QueryWithStoredProcedureAsync[TReturn](String storedProcedureName, IDictionary`2 parameters, IDictionary`2 outParameters) in C:\Users\Nasim Reza\Desktop\Final Project\aspnet-b11-nasim\src\DevSkill.Inventory.sln\DevSkill.Inventory.Infrastructure\Utilities\SqlUtility.cs:line 100
   at DevSkill.Inventory.Infrastructure.Utilities.SqlUtility.QueryWithStoredProcedureAsync[TReturn](String storedProcedureName, IDictionary`2 parameters, IDictionary`2 outParameters) in C:\Users\Nasim Reza\Desktop\Final Project\aspnet-b11-nasim\src\DevSkill.Inventory.sln\DevSkill.Inventory.Infrastructure\Utilities\SqlUtility.cs:line 106
   at DevSkill.Inventory.Infrastructure.ApplicationUnitOfWork.GetServiceSalesSP(Int32 pageIndex, Int32 pageSize, String order, ServiceSaleSearchDto search) in C:\Users\Nasim Reza\Desktop\Final Project\aspnet-b11-nasim\src\DevSkill.Inventory.sln\DevSkill.Inventory.Infrastructure\ApplicationUnitOfWork.cs:line 218
   at DevSkill.Inventory.Application.Features.ServiceSales.Queries.GetServiceSalesSPQueryHandler.Handle(GetServiceSalesSPQuery request, CancellationToken cancellationToken) in C:\Users\Nasim Reza\Desktop\Final Project\aspnet-b11-nasim\src\DevSkill.Inventory.sln\DevSkill.Inventory.Application\Features\ServiceSales\Queries\GetServiceSalesSPQueryHandler.cs:line 24
   at DevSkill.Inventory.Web.Areas.Admin.Controllers.ServiceSalesController.GetServiceSalesJsonData(ServiceSaleListModel model) in C:\Users\Nasim Reza\Desktop\Final Project\aspnet-b11-nasim\src\DevSkill.Inventory.sln\DevSkill.Inventory.Web\Areas\Admin\Controllers\ServiceSalesController.cs:line 129
ClientConnectionId:90cb6e03-9642-4460-9ea3-5e70aff3987c
Error Number:2812,State:62,Class:16
2025-06-19 20:34:39.436 +06:00 [ERR] Error loading service sales
Microsoft.Data.SqlClient.SqlException (0x80131904): Could not find stored procedure 'GetServiceSales'.
   at Microsoft.Data.SqlClient.SqlCommand.<>c.<ExecuteDbDataReaderAsync>b__195_0(Task`1 result)
   at System.Threading.Tasks.ContinuationResultTaskFromResultTask`2.InnerInvoke()
   at System.Threading.ExecutionContext.RunInternal(ExecutionContext executionContext, ContextCallback callback, Object state)
--- End of stack trace from previous location ---
   at System.Threading.ExecutionContext.RunInternal(ExecutionContext executionContext, ContextCallback callback, Object state)
   at System.Threading.Tasks.Task.ExecuteWithThreadLocal(Task& currentTaskSlot, Thread threadPoolThread)
--- End of stack trace from previous location ---
   at DevSkill.Inventory.Infrastructure.Utilities.SqlUtility.ExecuteQueryAsync[TReturn](DbCommand command) in C:\Users\Nasim Reza\Desktop\Final Project\aspnet-b11-nasim\src\DevSkill.Inventory.sln\DevSkill.Inventory.Infrastructure\Utilities\SqlUtility.cs:line 237
   at DevSkill.Inventory.Infrastructure.Utilities.SqlUtility.QueryWithStoredProcedureAsync[TReturn](String storedProcedureName, IDictionary`2 parameters, IDictionary`2 outParameters) in C:\Users\Nasim Reza\Desktop\Final Project\aspnet-b11-nasim\src\DevSkill.Inventory.sln\DevSkill.Inventory.Infrastructure\Utilities\SqlUtility.cs:line 100
   at DevSkill.Inventory.Infrastructure.Utilities.SqlUtility.QueryWithStoredProcedureAsync[TReturn](String storedProcedureName, IDictionary`2 parameters, IDictionary`2 outParameters) in C:\Users\Nasim Reza\Desktop\Final Project\aspnet-b11-nasim\src\DevSkill.Inventory.sln\DevSkill.Inventory.Infrastructure\Utilities\SqlUtility.cs:line 106
   at DevSkill.Inventory.Infrastructure.ApplicationUnitOfWork.GetServiceSalesSP(Int32 pageIndex, Int32 pageSize, String order, ServiceSaleSearchDto search) in C:\Users\Nasim Reza\Desktop\Final Project\aspnet-b11-nasim\src\DevSkill.Inventory.sln\DevSkill.Inventory.Infrastructure\ApplicationUnitOfWork.cs:line 218
   at DevSkill.Inventory.Application.Features.ServiceSales.Queries.GetServiceSalesSPQueryHandler.Handle(GetServiceSalesSPQuery request, CancellationToken cancellationToken) in C:\Users\Nasim Reza\Desktop\Final Project\aspnet-b11-nasim\src\DevSkill.Inventory.sln\DevSkill.Inventory.Application\Features\ServiceSales\Queries\GetServiceSalesSPQueryHandler.cs:line 24
   at DevSkill.Inventory.Web.Areas.Admin.Controllers.ServiceSalesController.GetServiceSalesJsonData(ServiceSaleListModel model) in C:\Users\Nasim Reza\Desktop\Final Project\aspnet-b11-nasim\src\DevSkill.Inventory.sln\DevSkill.Inventory.Web\Areas\Admin\Controllers\ServiceSalesController.cs:line 129
ClientConnectionId:90cb6e03-9642-4460-9ea3-5e70aff3987c
Error Number:2812,State:62,Class:16
2025-06-19 20:34:44.169 +06:00 [ERR] Error loading service sales
Microsoft.Data.SqlClient.SqlException (0x80131904): Could not find stored procedure 'GetServiceSales'.
   at Microsoft.Data.SqlClient.SqlCommand.<>c.<ExecuteDbDataReaderAsync>b__195_0(Task`1 result)
   at System.Threading.Tasks.ContinuationResultTaskFromResultTask`2.InnerInvoke()
   at System.Threading.ExecutionContext.RunInternal(ExecutionContext executionContext, ContextCallback callback, Object state)
--- End of stack trace from previous location ---
   at System.Threading.ExecutionContext.RunInternal(ExecutionContext executionContext, ContextCallback callback, Object state)
   at System.Threading.Tasks.Task.ExecuteWithThreadLocal(Task& currentTaskSlot, Thread threadPoolThread)
--- End of stack trace from previous location ---
   at DevSkill.Inventory.Infrastructure.Utilities.SqlUtility.ExecuteQueryAsync[TReturn](DbCommand command) in C:\Users\Nasim Reza\Desktop\Final Project\aspnet-b11-nasim\src\DevSkill.Inventory.sln\DevSkill.Inventory.Infrastructure\Utilities\SqlUtility.cs:line 237
   at DevSkill.Inventory.Infrastructure.Utilities.SqlUtility.QueryWithStoredProcedureAsync[TReturn](String storedProcedureName, IDictionary`2 parameters, IDictionary`2 outParameters) in C:\Users\Nasim Reza\Desktop\Final Project\aspnet-b11-nasim\src\DevSkill.Inventory.sln\DevSkill.Inventory.Infrastructure\Utilities\SqlUtility.cs:line 100
   at DevSkill.Inventory.Infrastructure.Utilities.SqlUtility.QueryWithStoredProcedureAsync[TReturn](String storedProcedureName, IDictionary`2 parameters, IDictionary`2 outParameters) in C:\Users\Nasim Reza\Desktop\Final Project\aspnet-b11-nasim\src\DevSkill.Inventory.sln\DevSkill.Inventory.Infrastructure\Utilities\SqlUtility.cs:line 106
   at DevSkill.Inventory.Infrastructure.ApplicationUnitOfWork.GetServiceSalesSP(Int32 pageIndex, Int32 pageSize, String order, ServiceSaleSearchDto search) in C:\Users\Nasim Reza\Desktop\Final Project\aspnet-b11-nasim\src\DevSkill.Inventory.sln\DevSkill.Inventory.Infrastructure\ApplicationUnitOfWork.cs:line 218
   at DevSkill.Inventory.Application.Features.ServiceSales.Queries.GetServiceSalesSPQueryHandler.Handle(GetServiceSalesSPQuery request, CancellationToken cancellationToken) in C:\Users\Nasim Reza\Desktop\Final Project\aspnet-b11-nasim\src\DevSkill.Inventory.sln\DevSkill.Inventory.Application\Features\ServiceSales\Queries\GetServiceSalesSPQueryHandler.cs:line 24
   at DevSkill.Inventory.Web.Areas.Admin.Controllers.ServiceSalesController.GetServiceSalesJsonData(ServiceSaleListModel model) in C:\Users\Nasim Reza\Desktop\Final Project\aspnet-b11-nasim\src\DevSkill.Inventory.sln\DevSkill.Inventory.Web\Areas\Admin\Controllers\ServiceSalesController.cs:line 129
ClientConnectionId:90cb6e03-9642-4460-9ea3-5e70aff3987c
Error Number:2812,State:62,Class:16
2025-06-19 20:34:44.796 +06:00 [ERR] Error loading service data
AutoMapper.AutoMapperMappingException: Missing type map configuration or unsupported mapping.

Mapping types:
ServiceSearchModel -> ServiceSearchDto
DevSkill.Inventory.Web.Areas.Admin.Models.ServicesModels.ServiceSearchModel -> DevSkill.Inventory.Domain.Dtos.ServiceSearchDto
   at lambda_method791(Closure, Object, ServiceSearchDto, ResolutionContext)
   at DevSkill.Inventory.Web.Areas.Admin.Controllers.ServicesController.GetServicesJsonData(ServiceListModel model) in C:\Users\Nasim Reza\Desktop\Final Project\aspnet-b11-nasim\src\DevSkill.Inventory.sln\DevSkill.Inventory.Web\Areas\Admin\Controllers\ServicesController.cs:line 36
2025-06-19 20:34:45.825 +06:00 [ERR] Error loading service sales
Microsoft.Data.SqlClient.SqlException (0x80131904): Could not find stored procedure 'GetServiceSales'.
   at Microsoft.Data.SqlClient.SqlCommand.<>c.<ExecuteDbDataReaderAsync>b__195_0(Task`1 result)
   at System.Threading.Tasks.ContinuationResultTaskFromResultTask`2.InnerInvoke()
   at System.Threading.ExecutionContext.RunInternal(ExecutionContext executionContext, ContextCallback callback, Object state)
--- End of stack trace from previous location ---
   at System.Threading.ExecutionContext.RunInternal(ExecutionContext executionContext, ContextCallback callback, Object state)
   at System.Threading.Tasks.Task.ExecuteWithThreadLocal(Task& currentTaskSlot, Thread threadPoolThread)
--- End of stack trace from previous location ---
   at DevSkill.Inventory.Infrastructure.Utilities.SqlUtility.ExecuteQueryAsync[TReturn](DbCommand command) in C:\Users\Nasim Reza\Desktop\Final Project\aspnet-b11-nasim\src\DevSkill.Inventory.sln\DevSkill.Inventory.Infrastructure\Utilities\SqlUtility.cs:line 237
   at DevSkill.Inventory.Infrastructure.Utilities.SqlUtility.QueryWithStoredProcedureAsync[TReturn](String storedProcedureName, IDictionary`2 parameters, IDictionary`2 outParameters) in C:\Users\Nasim Reza\Desktop\Final Project\aspnet-b11-nasim\src\DevSkill.Inventory.sln\DevSkill.Inventory.Infrastructure\Utilities\SqlUtility.cs:line 100
   at DevSkill.Inventory.Infrastructure.Utilities.SqlUtility.QueryWithStoredProcedureAsync[TReturn](String storedProcedureName, IDictionary`2 parameters, IDictionary`2 outParameters) in C:\Users\Nasim Reza\Desktop\Final Project\aspnet-b11-nasim\src\DevSkill.Inventory.sln\DevSkill.Inventory.Infrastructure\Utilities\SqlUtility.cs:line 106
   at DevSkill.Inventory.Infrastructure.ApplicationUnitOfWork.GetServiceSalesSP(Int32 pageIndex, Int32 pageSize, String order, ServiceSaleSearchDto search) in C:\Users\Nasim Reza\Desktop\Final Project\aspnet-b11-nasim\src\DevSkill.Inventory.sln\DevSkill.Inventory.Infrastructure\ApplicationUnitOfWork.cs:line 218
   at DevSkill.Inventory.Application.Features.ServiceSales.Queries.GetServiceSalesSPQueryHandler.Handle(GetServiceSalesSPQuery request, CancellationToken cancellationToken) in C:\Users\Nasim Reza\Desktop\Final Project\aspnet-b11-nasim\src\DevSkill.Inventory.sln\DevSkill.Inventory.Application\Features\ServiceSales\Queries\GetServiceSalesSPQueryHandler.cs:line 24
   at DevSkill.Inventory.Web.Areas.Admin.Controllers.ServiceSalesController.GetServiceSalesJsonData(ServiceSaleListModel model) in C:\Users\Nasim Reza\Desktop\Final Project\aspnet-b11-nasim\src\DevSkill.Inventory.sln\DevSkill.Inventory.Web\Areas\Admin\Controllers\ServiceSalesController.cs:line 129
ClientConnectionId:90cb6e03-9642-4460-9ea3-5e70aff3987c
Error Number:2812,State:62,Class:16
2025-06-19 20:34:47.376 +06:00 [ERR] Error loading service data
AutoMapper.AutoMapperMappingException: Missing type map configuration or unsupported mapping.

Mapping types:
ServiceSearchModel -> ServiceSearchDto
DevSkill.Inventory.Web.Areas.Admin.Models.ServicesModels.ServiceSearchModel -> DevSkill.Inventory.Domain.Dtos.ServiceSearchDto
   at lambda_method791(Closure, Object, ServiceSearchDto, ResolutionContext)
   at DevSkill.Inventory.Web.Areas.Admin.Controllers.ServicesController.GetServicesJsonData(ServiceListModel model) in C:\Users\Nasim Reza\Desktop\Final Project\aspnet-b11-nasim\src\DevSkill.Inventory.sln\DevSkill.Inventory.Web\Areas\Admin\Controllers\ServicesController.cs:line 36
2025-06-19 20:34:49.961 +06:00 [ERR] Error loading service sales
Microsoft.Data.SqlClient.SqlException (0x80131904): Could not find stored procedure 'GetServiceSales'.
   at Microsoft.Data.SqlClient.SqlCommand.<>c.<ExecuteDbDataReaderAsync>b__195_0(Task`1 result)
   at System.Threading.Tasks.ContinuationResultTaskFromResultTask`2.InnerInvoke()
   at System.Threading.ExecutionContext.RunInternal(ExecutionContext executionContext, ContextCallback callback, Object state)
--- End of stack trace from previous location ---
   at System.Threading.ExecutionContext.RunInternal(ExecutionContext executionContext, ContextCallback callback, Object state)
   at System.Threading.Tasks.Task.ExecuteWithThreadLocal(Task& currentTaskSlot, Thread threadPoolThread)
--- End of stack trace from previous location ---
   at DevSkill.Inventory.Infrastructure.Utilities.SqlUtility.ExecuteQueryAsync[TReturn](DbCommand command) in C:\Users\Nasim Reza\Desktop\Final Project\aspnet-b11-nasim\src\DevSkill.Inventory.sln\DevSkill.Inventory.Infrastructure\Utilities\SqlUtility.cs:line 237
   at DevSkill.Inventory.Infrastructure.Utilities.SqlUtility.QueryWithStoredProcedureAsync[TReturn](String storedProcedureName, IDictionary`2 parameters, IDictionary`2 outParameters) in C:\Users\Nasim Reza\Desktop\Final Project\aspnet-b11-nasim\src\DevSkill.Inventory.sln\DevSkill.Inventory.Infrastructure\Utilities\SqlUtility.cs:line 100
   at DevSkill.Inventory.Infrastructure.Utilities.SqlUtility.QueryWithStoredProcedureAsync[TReturn](String storedProcedureName, IDictionary`2 parameters, IDictionary`2 outParameters) in C:\Users\Nasim Reza\Desktop\Final Project\aspnet-b11-nasim\src\DevSkill.Inventory.sln\DevSkill.Inventory.Infrastructure\Utilities\SqlUtility.cs:line 106
   at DevSkill.Inventory.Infrastructure.ApplicationUnitOfWork.GetServiceSalesSP(Int32 pageIndex, Int32 pageSize, String order, ServiceSaleSearchDto search) in C:\Users\Nasim Reza\Desktop\Final Project\aspnet-b11-nasim\src\DevSkill.Inventory.sln\DevSkill.Inventory.Infrastructure\ApplicationUnitOfWork.cs:line 218
   at DevSkill.Inventory.Application.Features.ServiceSales.Queries.GetServiceSalesSPQueryHandler.Handle(GetServiceSalesSPQuery request, CancellationToken cancellationToken) in C:\Users\Nasim Reza\Desktop\Final Project\aspnet-b11-nasim\src\DevSkill.Inventory.sln\DevSkill.Inventory.Application\Features\ServiceSales\Queries\GetServiceSalesSPQueryHandler.cs:line 24
   at DevSkill.Inventory.Web.Areas.Admin.Controllers.ServiceSalesController.GetServiceSalesJsonData(ServiceSaleListModel model) in C:\Users\Nasim Reza\Desktop\Final Project\aspnet-b11-nasim\src\DevSkill.Inventory.sln\DevSkill.Inventory.Web\Areas\Admin\Controllers\ServiceSalesController.cs:line 129
ClientConnectionId:90cb6e03-9642-4460-9ea3-5e70aff3987c
Error Number:2812,State:62,Class:16
2025-06-19 20:41:57.765 +06:00 [ERR] Error loading service sales
Microsoft.Data.SqlClient.SqlException (0x80131904): Could not find stored procedure 'GetServiceSales'.
   at Microsoft.Data.SqlClient.SqlCommand.<>c.<ExecuteDbDataReaderAsync>b__195_0(Task`1 result)
   at System.Threading.Tasks.ContinuationResultTaskFromResultTask`2.InnerInvoke()
   at System.Threading.ExecutionContext.RunInternal(ExecutionContext executionContext, ContextCallback callback, Object state)
--- End of stack trace from previous location ---
   at System.Threading.ExecutionContext.RunInternal(ExecutionContext executionContext, ContextCallback callback, Object state)
   at System.Threading.Tasks.Task.ExecuteWithThreadLocal(Task& currentTaskSlot, Thread threadPoolThread)
--- End of stack trace from previous location ---
   at DevSkill.Inventory.Infrastructure.Utilities.SqlUtility.ExecuteQueryAsync[TReturn](DbCommand command) in C:\Users\Nasim Reza\Desktop\Final Project\aspnet-b11-nasim\src\DevSkill.Inventory.sln\DevSkill.Inventory.Infrastructure\Utilities\SqlUtility.cs:line 237
   at DevSkill.Inventory.Infrastructure.Utilities.SqlUtility.QueryWithStoredProcedureAsync[TReturn](String storedProcedureName, IDictionary`2 parameters, IDictionary`2 outParameters) in C:\Users\Nasim Reza\Desktop\Final Project\aspnet-b11-nasim\src\DevSkill.Inventory.sln\DevSkill.Inventory.Infrastructure\Utilities\SqlUtility.cs:line 100
   at DevSkill.Inventory.Infrastructure.Utilities.SqlUtility.QueryWithStoredProcedureAsync[TReturn](String storedProcedureName, IDictionary`2 parameters, IDictionary`2 outParameters) in C:\Users\Nasim Reza\Desktop\Final Project\aspnet-b11-nasim\src\DevSkill.Inventory.sln\DevSkill.Inventory.Infrastructure\Utilities\SqlUtility.cs:line 106
   at DevSkill.Inventory.Infrastructure.ApplicationUnitOfWork.GetServiceSalesSP(Int32 pageIndex, Int32 pageSize, String order, ServiceSaleSearchDto search) in C:\Users\Nasim Reza\Desktop\Final Project\aspnet-b11-nasim\src\DevSkill.Inventory.sln\DevSkill.Inventory.Infrastructure\ApplicationUnitOfWork.cs:line 218
   at DevSkill.Inventory.Application.Features.ServiceSales.Queries.GetServiceSalesSPQueryHandler.Handle(GetServiceSalesSPQuery request, CancellationToken cancellationToken) in C:\Users\Nasim Reza\Desktop\Final Project\aspnet-b11-nasim\src\DevSkill.Inventory.sln\DevSkill.Inventory.Application\Features\ServiceSales\Queries\GetServiceSalesSPQueryHandler.cs:line 24
   at DevSkill.Inventory.Web.Areas.Admin.Controllers.ServiceSalesController.GetServiceSalesJsonData(ServiceSaleListModel model)
ClientConnectionId:14fd8a72-253d-442e-8415-6a4aecc94c23
Error Number:2812,State:62,Class:16
2025-06-19 20:42:00.907 +06:00 [ERR] Error loading service sales
Microsoft.Data.SqlClient.SqlException (0x80131904): Could not find stored procedure 'GetServiceSales'.
   at Microsoft.Data.SqlClient.SqlCommand.<>c.<ExecuteDbDataReaderAsync>b__195_0(Task`1 result)
   at System.Threading.Tasks.ContinuationResultTaskFromResultTask`2.InnerInvoke()
   at System.Threading.ExecutionContext.RunInternal(ExecutionContext executionContext, ContextCallback callback, Object state)
--- End of stack trace from previous location ---
   at System.Threading.ExecutionContext.RunInternal(ExecutionContext executionContext, ContextCallback callback, Object state)
   at System.Threading.Tasks.Task.ExecuteWithThreadLocal(Task& currentTaskSlot, Thread threadPoolThread)
--- End of stack trace from previous location ---
   at DevSkill.Inventory.Infrastructure.Utilities.SqlUtility.ExecuteQueryAsync[TReturn](DbCommand command) in C:\Users\Nasim Reza\Desktop\Final Project\aspnet-b11-nasim\src\DevSkill.Inventory.sln\DevSkill.Inventory.Infrastructure\Utilities\SqlUtility.cs:line 237
   at DevSkill.Inventory.Infrastructure.Utilities.SqlUtility.QueryWithStoredProcedureAsync[TReturn](String storedProcedureName, IDictionary`2 parameters, IDictionary`2 outParameters) in C:\Users\Nasim Reza\Desktop\Final Project\aspnet-b11-nasim\src\DevSkill.Inventory.sln\DevSkill.Inventory.Infrastructure\Utilities\SqlUtility.cs:line 100
   at DevSkill.Inventory.Infrastructure.Utilities.SqlUtility.QueryWithStoredProcedureAsync[TReturn](String storedProcedureName, IDictionary`2 parameters, IDictionary`2 outParameters) in C:\Users\Nasim Reza\Desktop\Final Project\aspnet-b11-nasim\src\DevSkill.Inventory.sln\DevSkill.Inventory.Infrastructure\Utilities\SqlUtility.cs:line 106
   at DevSkill.Inventory.Infrastructure.ApplicationUnitOfWork.GetServiceSalesSP(Int32 pageIndex, Int32 pageSize, String order, ServiceSaleSearchDto search) in C:\Users\Nasim Reza\Desktop\Final Project\aspnet-b11-nasim\src\DevSkill.Inventory.sln\DevSkill.Inventory.Infrastructure\ApplicationUnitOfWork.cs:line 218
   at DevSkill.Inventory.Application.Features.ServiceSales.Queries.GetServiceSalesSPQueryHandler.Handle(GetServiceSalesSPQuery request, CancellationToken cancellationToken) in C:\Users\Nasim Reza\Desktop\Final Project\aspnet-b11-nasim\src\DevSkill.Inventory.sln\DevSkill.Inventory.Application\Features\ServiceSales\Queries\GetServiceSalesSPQueryHandler.cs:line 24
   at DevSkill.Inventory.Web.Areas.Admin.Controllers.ServiceSalesController.GetServiceSalesJsonData(ServiceSaleListModel model)
ClientConnectionId:14fd8a72-253d-442e-8415-6a4aecc94c23
Error Number:2812,State:62,Class:16
2025-06-19 21:30:04.298 +06:00 [INF] Application Starting...17-jan
2025-06-19 21:30:04.330 +06:00 [INF] This is Nasim Reza Hridoy
2025-06-19 21:30:04.330 +06:00 [ERR] An error occurred while starting the application.
2025-06-19 21:30:06.808 +06:00 [INF] This is Nasim Reza
2025-06-19 21:30:06.828 +06:00 [INF] This is a test log entry to verify database logging.
2025-06-19 21:30:16.733 +06:00 [ERR] Error loading sales return data
Microsoft.Data.SqlClient.SqlException (0x80131904): Could not find stored procedure 'GetSalesReturns'.
   at Microsoft.Data.SqlClient.SqlCommand.<>c.<ExecuteDbDataReaderAsync>b__195_0(Task`1 result)
   at System.Threading.Tasks.ContinuationResultTaskFromResultTask`2.InnerInvoke()
   at System.Threading.ExecutionContext.RunInternal(ExecutionContext executionContext, ContextCallback callback, Object state)
--- End of stack trace from previous location ---
   at System.Threading.ExecutionContext.RunInternal(ExecutionContext executionContext, ContextCallback callback, Object state)
   at System.Threading.Tasks.Task.ExecuteWithThreadLocal(Task& currentTaskSlot, Thread threadPoolThread)
--- End of stack trace from previous location ---
   at DevSkill.Inventory.Infrastructure.Utilities.SqlUtility.ExecuteQueryAsync[TReturn](DbCommand command) in C:\Users\Nasim Reza\Desktop\Final Project\aspnet-b11-nasim\src\DevSkill.Inventory.sln\DevSkill.Inventory.Infrastructure\Utilities\SqlUtility.cs:line 237
   at DevSkill.Inventory.Infrastructure.Utilities.SqlUtility.QueryWithStoredProcedureAsync[TReturn](String storedProcedureName, IDictionary`2 parameters, IDictionary`2 outParameters) in C:\Users\Nasim Reza\Desktop\Final Project\aspnet-b11-nasim\src\DevSkill.Inventory.sln\DevSkill.Inventory.Infrastructure\Utilities\SqlUtility.cs:line 100
   at DevSkill.Inventory.Infrastructure.Utilities.SqlUtility.QueryWithStoredProcedureAsync[TReturn](String storedProcedureName, IDictionary`2 parameters, IDictionary`2 outParameters) in C:\Users\Nasim Reza\Desktop\Final Project\aspnet-b11-nasim\src\DevSkill.Inventory.sln\DevSkill.Inventory.Infrastructure\Utilities\SqlUtility.cs:line 106
   at DevSkill.Inventory.Infrastructure.ApplicationUnitOfWork.GetSalesReturnsSP(Int32 pageIndex, Int32 pageSize, String order, SalesReturnSearchDto search) in C:\Users\Nasim Reza\Desktop\Final Project\aspnet-b11-nasim\src\DevSkill.Inventory.sln\DevSkill.Inventory.Infrastructure\ApplicationUnitOfWork.cs:line 141
   at DevSkill.Inventory.Application.Features.SalesReturns.Queries.GetSalesReturnsSPQueryHandler.Handle(GetSalesReturnsSPQuery request, CancellationToken cancellationToken) in C:\Users\Nasim Reza\Desktop\Final Project\aspnet-b11-nasim\src\DevSkill.Inventory.sln\DevSkill.Inventory.Application\Features\SalesReturns\Queries\GetSalesReturnsQueryHandler.cs:line 23
   at DevSkill.Inventory.Web.Areas.Admin.Controllers.SalesController.GetSalesReturnsJsonData(SalesReturnListModel model) in C:\Users\Nasim Reza\Desktop\Final Project\aspnet-b11-nasim\src\DevSkill.Inventory.sln\DevSkill.Inventory.Web\Areas\Admin\Controllers\SalesController.cs:line 99
ClientConnectionId:d33a9ee8-f6b0-4297-8e1e-2073973a5357
Error Number:2812,State:62,Class:16
2025-06-19 21:30:18.073 +06:00 [ERR] Error loading purchase returns
Microsoft.Data.SqlClient.SqlException (0x80131904): Could not find stored procedure 'GetPurchaseReturns'.
   at Microsoft.Data.SqlClient.SqlCommand.<>c.<ExecuteDbDataReaderAsync>b__195_0(Task`1 result)
   at System.Threading.Tasks.ContinuationResultTaskFromResultTask`2.InnerInvoke()
   at System.Threading.ExecutionContext.RunInternal(ExecutionContext executionContext, ContextCallback callback, Object state)
--- End of stack trace from previous location ---
   at System.Threading.ExecutionContext.RunInternal(ExecutionContext executionContext, ContextCallback callback, Object state)
   at System.Threading.Tasks.Task.ExecuteWithThreadLocal(Task& currentTaskSlot, Thread threadPoolThread)
--- End of stack trace from previous location ---
   at DevSkill.Inventory.Infrastructure.Utilities.SqlUtility.ExecuteQueryAsync[TReturn](DbCommand command) in C:\Users\Nasim Reza\Desktop\Final Project\aspnet-b11-nasim\src\DevSkill.Inventory.sln\DevSkill.Inventory.Infrastructure\Utilities\SqlUtility.cs:line 237
   at DevSkill.Inventory.Infrastructure.Utilities.SqlUtility.QueryWithStoredProcedureAsync[TReturn](String storedProcedureName, IDictionary`2 parameters, IDictionary`2 outParameters) in C:\Users\Nasim Reza\Desktop\Final Project\aspnet-b11-nasim\src\DevSkill.Inventory.sln\DevSkill.Inventory.Infrastructure\Utilities\SqlUtility.cs:line 100
   at DevSkill.Inventory.Infrastructure.Utilities.SqlUtility.QueryWithStoredProcedureAsync[TReturn](String storedProcedureName, IDictionary`2 parameters, IDictionary`2 outParameters) in C:\Users\Nasim Reza\Desktop\Final Project\aspnet-b11-nasim\src\DevSkill.Inventory.sln\DevSkill.Inventory.Infrastructure\Utilities\SqlUtility.cs:line 106
   at DevSkill.Inventory.Infrastructure.ApplicationUnitOfWork.GetPurchaseReturnsSP(Int32 pageIndex, Int32 pageSize, String order, PurchaseReturnSearchDto search) in C:\Users\Nasim Reza\Desktop\Final Project\aspnet-b11-nasim\src\DevSkill.Inventory.sln\DevSkill.Inventory.Infrastructure\ApplicationUnitOfWork.cs:line 170
   at DevSkill.Inventory.Application.Features.PurchaseReturns.Queries.GetPurchaseReturnsSPQueryHandler.Handle(GetPurchaseReturnsSPQuery request, CancellationToken cancellationToken) in C:\Users\Nasim Reza\Desktop\Final Project\aspnet-b11-nasim\src\DevSkill.Inventory.sln\DevSkill.Inventory.Application\Features\PurchaseReturns\Queries\GetPurchaseReturnsSPQueryHandler.cs:line 23
   at DevSkill.Inventory.Web.Areas.Admin.Controllers.PurchasesController.GetPurchaseReturnsJsonData(PurchaseReturnListModel model) in C:\Users\Nasim Reza\Desktop\Final Project\aspnet-b11-nasim\src\DevSkill.Inventory.sln\DevSkill.Inventory.Web\Areas\Admin\Controllers\PurchasesController.cs:line 103
ClientConnectionId:d33a9ee8-f6b0-4297-8e1e-2073973a5357
Error Number:2812,State:62,Class:16
2025-06-19 21:30:18.802 +06:00 [ERR] Error loading service data
AutoMapper.AutoMapperMappingException: Missing type map configuration or unsupported mapping.

Mapping types:
ServiceSearchModel -> ServiceSearchDto
DevSkill.Inventory.Web.Areas.Admin.Models.ServicesModels.ServiceSearchModel -> DevSkill.Inventory.Domain.Dtos.ServiceSearchDto
   at lambda_method845(Closure, Object, ServiceSearchDto, ResolutionContext)
   at DevSkill.Inventory.Web.Areas.Admin.Controllers.ServicesController.GetServicesJsonData(ServiceListModel model) in C:\Users\Nasim Reza\Desktop\Final Project\aspnet-b11-nasim\src\DevSkill.Inventory.sln\DevSkill.Inventory.Web\Areas\Admin\Controllers\ServicesController.cs:line 36
2025-06-19 21:30:20.253 +06:00 [ERR] Error loading service sales
Microsoft.Data.SqlClient.SqlException (0x80131904): Could not find stored procedure 'GetServiceSales'.
   at Microsoft.Data.SqlClient.SqlCommand.<>c.<ExecuteDbDataReaderAsync>b__195_0(Task`1 result)
   at System.Threading.Tasks.ContinuationResultTaskFromResultTask`2.InnerInvoke()
   at System.Threading.ExecutionContext.RunInternal(ExecutionContext executionContext, ContextCallback callback, Object state)
--- End of stack trace from previous location ---
   at System.Threading.ExecutionContext.RunInternal(ExecutionContext executionContext, ContextCallback callback, Object state)
   at System.Threading.Tasks.Task.ExecuteWithThreadLocal(Task& currentTaskSlot, Thread threadPoolThread)
--- End of stack trace from previous location ---
   at DevSkill.Inventory.Infrastructure.Utilities.SqlUtility.ExecuteQueryAsync[TReturn](DbCommand command) in C:\Users\Nasim Reza\Desktop\Final Project\aspnet-b11-nasim\src\DevSkill.Inventory.sln\DevSkill.Inventory.Infrastructure\Utilities\SqlUtility.cs:line 237
   at DevSkill.Inventory.Infrastructure.Utilities.SqlUtility.QueryWithStoredProcedureAsync[TReturn](String storedProcedureName, IDictionary`2 parameters, IDictionary`2 outParameters) in C:\Users\Nasim Reza\Desktop\Final Project\aspnet-b11-nasim\src\DevSkill.Inventory.sln\DevSkill.Inventory.Infrastructure\Utilities\SqlUtility.cs:line 100
   at DevSkill.Inventory.Infrastructure.Utilities.SqlUtility.QueryWithStoredProcedureAsync[TReturn](String storedProcedureName, IDictionary`2 parameters, IDictionary`2 outParameters) in C:\Users\Nasim Reza\Desktop\Final Project\aspnet-b11-nasim\src\DevSkill.Inventory.sln\DevSkill.Inventory.Infrastructure\Utilities\SqlUtility.cs:line 106
   at DevSkill.Inventory.Infrastructure.ApplicationUnitOfWork.GetServiceSalesSP(Int32 pageIndex, Int32 pageSize, String order, ServiceSaleSearchDto search) in C:\Users\Nasim Reza\Desktop\Final Project\aspnet-b11-nasim\src\DevSkill.Inventory.sln\DevSkill.Inventory.Infrastructure\ApplicationUnitOfWork.cs:line 218
   at DevSkill.Inventory.Application.Features.ServiceSales.Queries.GetServiceSalesSPQueryHandler.Handle(GetServiceSalesSPQuery request, CancellationToken cancellationToken) in C:\Users\Nasim Reza\Desktop\Final Project\aspnet-b11-nasim\src\DevSkill.Inventory.sln\DevSkill.Inventory.Application\Features\ServiceSales\Queries\GetServiceSalesSPQueryHandler.cs:line 24
   at DevSkill.Inventory.Web.Areas.Admin.Controllers.ServiceSalesController.GetServiceSalesJsonData(ServiceSaleListModel model) in C:\Users\Nasim Reza\Desktop\Final Project\aspnet-b11-nasim\src\DevSkill.Inventory.sln\DevSkill.Inventory.Web\Areas\Admin\Controllers\ServiceSalesController.cs:line 129
ClientConnectionId:d33a9ee8-f6b0-4297-8e1e-2073973a5357
Error Number:2812,State:62,Class:16
2025-06-19 21:30:21.341 +06:00 [ERR] Error loading service data
AutoMapper.AutoMapperMappingException: Missing type map configuration or unsupported mapping.

Mapping types:
ServiceSearchModel -> ServiceSearchDto
DevSkill.Inventory.Web.Areas.Admin.Models.ServicesModels.ServiceSearchModel -> DevSkill.Inventory.Domain.Dtos.ServiceSearchDto
   at lambda_method845(Closure, Object, ServiceSearchDto, ResolutionContext)
   at DevSkill.Inventory.Web.Areas.Admin.Controllers.ServicesController.GetServicesJsonData(ServiceListModel model) in C:\Users\Nasim Reza\Desktop\Final Project\aspnet-b11-nasim\src\DevSkill.Inventory.sln\DevSkill.Inventory.Web\Areas\Admin\Controllers\ServicesController.cs:line 36
2025-06-19 21:30:22.472 +06:00 [ERR] Error loading purchase returns
Microsoft.Data.SqlClient.SqlException (0x80131904): Could not find stored procedure 'GetPurchaseReturns'.
   at Microsoft.Data.SqlClient.SqlCommand.<>c.<ExecuteDbDataReaderAsync>b__195_0(Task`1 result)
   at System.Threading.Tasks.ContinuationResultTaskFromResultTask`2.InnerInvoke()
   at System.Threading.ExecutionContext.RunInternal(ExecutionContext executionContext, ContextCallback callback, Object state)
--- End of stack trace from previous location ---
   at System.Threading.ExecutionContext.RunInternal(ExecutionContext executionContext, ContextCallback callback, Object state)
   at System.Threading.Tasks.Task.ExecuteWithThreadLocal(Task& currentTaskSlot, Thread threadPoolThread)
--- End of stack trace from previous location ---
   at DevSkill.Inventory.Infrastructure.Utilities.SqlUtility.ExecuteQueryAsync[TReturn](DbCommand command) in C:\Users\Nasim Reza\Desktop\Final Project\aspnet-b11-nasim\src\DevSkill.Inventory.sln\DevSkill.Inventory.Infrastructure\Utilities\SqlUtility.cs:line 237
   at DevSkill.Inventory.Infrastructure.Utilities.SqlUtility.QueryWithStoredProcedureAsync[TReturn](String storedProcedureName, IDictionary`2 parameters, IDictionary`2 outParameters) in C:\Users\Nasim Reza\Desktop\Final Project\aspnet-b11-nasim\src\DevSkill.Inventory.sln\DevSkill.Inventory.Infrastructure\Utilities\SqlUtility.cs:line 100
   at DevSkill.Inventory.Infrastructure.Utilities.SqlUtility.QueryWithStoredProcedureAsync[TReturn](String storedProcedureName, IDictionary`2 parameters, IDictionary`2 outParameters) in C:\Users\Nasim Reza\Desktop\Final Project\aspnet-b11-nasim\src\DevSkill.Inventory.sln\DevSkill.Inventory.Infrastructure\Utilities\SqlUtility.cs:line 106
   at DevSkill.Inventory.Infrastructure.ApplicationUnitOfWork.GetPurchaseReturnsSP(Int32 pageIndex, Int32 pageSize, String order, PurchaseReturnSearchDto search) in C:\Users\Nasim Reza\Desktop\Final Project\aspnet-b11-nasim\src\DevSkill.Inventory.sln\DevSkill.Inventory.Infrastructure\ApplicationUnitOfWork.cs:line 170
   at DevSkill.Inventory.Application.Features.PurchaseReturns.Queries.GetPurchaseReturnsSPQueryHandler.Handle(GetPurchaseReturnsSPQuery request, CancellationToken cancellationToken) in C:\Users\Nasim Reza\Desktop\Final Project\aspnet-b11-nasim\src\DevSkill.Inventory.sln\DevSkill.Inventory.Application\Features\PurchaseReturns\Queries\GetPurchaseReturnsSPQueryHandler.cs:line 23
   at DevSkill.Inventory.Web.Areas.Admin.Controllers.PurchasesController.GetPurchaseReturnsJsonData(PurchaseReturnListModel model) in C:\Users\Nasim Reza\Desktop\Final Project\aspnet-b11-nasim\src\DevSkill.Inventory.sln\DevSkill.Inventory.Web\Areas\Admin\Controllers\PurchasesController.cs:line 103
ClientConnectionId:d33a9ee8-f6b0-4297-8e1e-2073973a5357
Error Number:2812,State:62,Class:16
2025-06-19 21:30:23.356 +06:00 [ERR] Error loading purchases
Microsoft.Data.SqlClient.SqlException (0x80131904): Could not find stored procedure 'GetPurchases'.
   at Microsoft.Data.SqlClient.SqlCommand.<>c.<ExecuteDbDataReaderAsync>b__195_0(Task`1 result)
   at System.Threading.Tasks.ContinuationResultTaskFromResultTask`2.InnerInvoke()
   at System.Threading.ExecutionContext.RunInternal(ExecutionContext executionContext, ContextCallback callback, Object state)
--- End of stack trace from previous location ---
   at System.Threading.ExecutionContext.RunInternal(ExecutionContext executionContext, ContextCallback callback, Object state)
   at System.Threading.Tasks.Task.ExecuteWithThreadLocal(Task& currentTaskSlot, Thread threadPoolThread)
--- End of stack trace from previous location ---
   at DevSkill.Inventory.Infrastructure.Utilities.SqlUtility.ExecuteQueryAsync[TReturn](DbCommand command) in C:\Users\Nasim Reza\Desktop\Final Project\aspnet-b11-nasim\src\DevSkill.Inventory.sln\DevSkill.Inventory.Infrastructure\Utilities\SqlUtility.cs:line 237
   at DevSkill.Inventory.Infrastructure.Utilities.SqlUtility.QueryWithStoredProcedureAsync[TReturn](String storedProcedureName, IDictionary`2 parameters, IDictionary`2 outParameters) in C:\Users\Nasim Reza\Desktop\Final Project\aspnet-b11-nasim\src\DevSkill.Inventory.sln\DevSkill.Inventory.Infrastructure\Utilities\SqlUtility.cs:line 100
   at DevSkill.Inventory.Infrastructure.Utilities.SqlUtility.QueryWithStoredProcedureAsync[TReturn](String storedProcedureName, IDictionary`2 parameters, IDictionary`2 outParameters) in C:\Users\Nasim Reza\Desktop\Final Project\aspnet-b11-nasim\src\DevSkill.Inventory.sln\DevSkill.Inventory.Infrastructure\Utilities\SqlUtility.cs:line 106
   at DevSkill.Inventory.Infrastructure.ApplicationUnitOfWork.GetPurchasesSP(Int32 pageIndex, Int32 pageSize, String orderBy, PurchaseSearchDto search) in C:\Users\Nasim Reza\Desktop\Final Project\aspnet-b11-nasim\src\DevSkill.Inventory.sln\DevSkill.Inventory.Infrastructure\ApplicationUnitOfWork.cs:line 86
   at DevSkill.Inventory.Application.Features.Purchases.Queries.GetPurchasesSPQueryHandler.Handle(GetPurchasesSPQuery request, CancellationToken cancellationToken) in C:\Users\Nasim Reza\Desktop\Final Project\aspnet-b11-nasim\src\DevSkill.Inventory.sln\DevSkill.Inventory.Application\Features\Purchases\Queries\GetPurchasesSPQueryHandler.cs:line 22
   at DevSkill.Inventory.Web.Areas.Admin.Controllers.PurchasesController.GetPurchasesJsonData(PurchaseListModel model) in C:\Users\Nasim Reza\Desktop\Final Project\aspnet-b11-nasim\src\DevSkill.Inventory.sln\DevSkill.Inventory.Web\Areas\Admin\Controllers\PurchasesController.cs:line 55
ClientConnectionId:d33a9ee8-f6b0-4297-8e1e-2073973a5357
Error Number:2812,State:62,Class:16
2025-06-19 21:38:02.232 +06:00 [INF] Application Starting...17-jan
2025-06-19 21:38:02.324 +06:00 [INF] This is Nasim Reza Hridoy
2025-06-19 21:38:02.325 +06:00 [ERR] An error occurred while starting the application.
2025-06-19 21:38:04.983 +06:00 [INF] This is Nasim Reza
2025-06-19 21:38:05.005 +06:00 [INF] This is a test log entry to verify database logging.
2025-06-19 21:41:41.357 +06:00 [INF] Application Starting...17-jan
2025-06-19 21:41:41.394 +06:00 [INF] This is Nasim Reza Hridoy
2025-06-19 21:41:41.395 +06:00 [ERR] An error occurred while starting the application.
2025-06-19 21:41:43.947 +06:00 [INF] This is Nasim Reza
2025-06-19 21:41:43.974 +06:00 [INF] This is a test log entry to verify database logging.
2025-06-19 21:44:57.076 +06:00 [INF] Application Starting...17-jan
2025-06-19 21:44:57.112 +06:00 [INF] This is Nasim Reza Hridoy
2025-06-19 21:44:57.112 +06:00 [ERR] An error occurred while starting the application.
2025-06-19 21:44:59.589 +06:00 [INF] This is Nasim Reza
2025-06-19 21:44:59.618 +06:00 [INF] This is a test log entry to verify database logging.
2025-06-19 21:49:48.000 +06:00 [INF] Application Starting...17-jan
2025-06-19 21:49:48.033 +06:00 [INF] This is Nasim Reza Hridoy
2025-06-19 21:49:48.033 +06:00 [ERR] An error occurred while starting the application.
2025-06-19 21:49:50.408 +06:00 [INF] This is Nasim Reza
2025-06-19 21:49:50.428 +06:00 [INF] This is a test log entry to verify database logging.
2025-06-19 21:50:52.082 +06:00 [INF] Application Starting...17-jan
2025-06-19 21:50:52.116 +06:00 [INF] This is Nasim Reza Hridoy
2025-06-19 21:50:52.116 +06:00 [ERR] An error occurred while starting the application.
2025-06-19 21:50:54.622 +06:00 [INF] This is Nasim Reza
2025-06-19 21:50:54.641 +06:00 [INF] This is a test log entry to verify database logging.
2025-06-19 21:53:06.016 +06:00 [INF] Application Starting...17-jan
2025-06-19 21:53:06.050 +06:00 [INF] This is Nasim Reza Hridoy
2025-06-19 21:53:06.051 +06:00 [ERR] An error occurred while starting the application.
2025-06-19 21:53:08.384 +06:00 [INF] This is Nasim Reza
2025-06-19 21:53:08.404 +06:00 [INF] This is a test log entry to verify database logging.
2025-06-19 22:00:26.613 +06:00 [ERR] Error loading quotations
AutoMapper.AutoMapperMappingException: Missing type map configuration or unsupported mapping.

Mapping types:
QuotationSearchModel -> QuotationSearchDto
DevSkill.Inventory.Web.Areas.Admin.Models.QuotationsModels.QuotationSearchModel -> DevSkill.Inventory.Domain.Dtos.QuotationSearchDto
   at lambda_method751(Closure, Object, QuotationSearchDto, ResolutionContext)
   at DevSkill.Inventory.Web.Areas.Admin.Controllers.QuotationsController.GetQuotationsJsonData(QuotationListModel model) in C:\Users\Nasim Reza\Desktop\Final Project\aspnet-b11-nasim\src\DevSkill.Inventory.sln\DevSkill.Inventory.Web\Areas\Admin\Controllers\QuotationsController.cs:line 37
2025-06-19 22:19:09.774 +06:00 [INF] Application Starting...17-jan
2025-06-19 22:19:09.799 +06:00 [INF] This is Nasim Reza Hridoy
2025-06-19 22:19:09.800 +06:00 [ERR] An error occurred while starting the application.
2025-06-19 22:19:11.143 +06:00 [FTL] Application crashed
Microsoft.Extensions.Hosting.HostAbortedException: The host was aborted.
   at Microsoft.Extensions.Hosting.HostFactoryResolver.HostingListener.ThrowHostAborted()
   at Microsoft.Extensions.Hosting.HostFactoryResolver.HostingListener.OnNext(KeyValuePair`2 value)
   at System.Diagnostics.DiagnosticListener.Write(String name, Object value)
   at Microsoft.Extensions.Hosting.HostBuilder.ResolveHost(IServiceProvider serviceProvider, DiagnosticListener diagnosticListener)
   at Microsoft.Extensions.Hosting.HostApplicationBuilder.Build()
   at Microsoft.AspNetCore.Builder.WebApplicationBuilder.Build()
   at Program.<Main>$(String[] args) in C:\Users\Nasim Reza\Desktop\Final Project\aspnet-b11-nasim\src\DevSkill.Inventory.sln\DevSkill.Inventory.Web\Program.cs:line 94
2025-06-19 22:21:38.341 +06:00 [INF] Application Starting...17-jan
2025-06-19 22:21:38.364 +06:00 [INF] This is Nasim Reza Hridoy
2025-06-19 22:21:38.364 +06:00 [ERR] An error occurred while starting the application.
2025-06-19 22:21:38.894 +06:00 [FTL] Application crashed
Microsoft.Extensions.Hosting.HostAbortedException: The host was aborted.
   at Microsoft.Extensions.Hosting.HostFactoryResolver.HostingListener.ThrowHostAborted()
   at Microsoft.Extensions.Hosting.HostFactoryResolver.HostingListener.OnNext(KeyValuePair`2 value)
   at System.Diagnostics.DiagnosticListener.Write(String name, Object value)
   at Microsoft.Extensions.Hosting.HostBuilder.ResolveHost(IServiceProvider serviceProvider, DiagnosticListener diagnosticListener)
   at Microsoft.Extensions.Hosting.HostApplicationBuilder.Build()
   at Microsoft.AspNetCore.Builder.WebApplicationBuilder.Build()
   at Program.<Main>$(String[] args) in C:\Users\Nasim Reza\Desktop\Final Project\aspnet-b11-nasim\src\DevSkill.Inventory.sln\DevSkill.Inventory.Web\Program.cs:line 94
2025-06-19 22:23:20.311 +06:00 [INF] Application Starting...17-jan
2025-06-19 22:23:20.334 +06:00 [INF] This is Nasim Reza Hridoy
2025-06-19 22:23:20.334 +06:00 [ERR] An error occurred while starting the application.
2025-06-19 22:23:20.850 +06:00 [FTL] Application crashed
Microsoft.Extensions.Hosting.HostAbortedException: The host was aborted.
   at Microsoft.Extensions.Hosting.HostFactoryResolver.HostingListener.ThrowHostAborted()
   at Microsoft.Extensions.Hosting.HostFactoryResolver.HostingListener.OnNext(KeyValuePair`2 value)
   at System.Diagnostics.DiagnosticListener.Write(String name, Object value)
   at Microsoft.Extensions.Hosting.HostBuilder.ResolveHost(IServiceProvider serviceProvider, DiagnosticListener diagnosticListener)
   at Microsoft.Extensions.Hosting.HostApplicationBuilder.Build()
   at Microsoft.AspNetCore.Builder.WebApplicationBuilder.Build()
   at Program.<Main>$(String[] args) in C:\Users\Nasim Reza\Desktop\Final Project\aspnet-b11-nasim\src\DevSkill.Inventory.sln\DevSkill.Inventory.Web\Program.cs:line 94
2025-06-19 22:29:35.316 +06:00 [INF] Application Starting...17-jan
2025-06-19 22:29:35.340 +06:00 [INF] This is Nasim Reza Hridoy
2025-06-19 22:29:35.340 +06:00 [ERR] An error occurred while starting the application.
2025-06-19 22:29:35.902 +06:00 [FTL] Application crashed
Microsoft.Extensions.Hosting.HostAbortedException: The host was aborted.
   at Microsoft.Extensions.Hosting.HostFactoryResolver.HostingListener.ThrowHostAborted()
   at Microsoft.Extensions.Hosting.HostFactoryResolver.HostingListener.OnNext(KeyValuePair`2 value)
   at System.Diagnostics.DiagnosticListener.Write(String name, Object value)
   at Microsoft.Extensions.Hosting.HostBuilder.ResolveHost(IServiceProvider serviceProvider, DiagnosticListener diagnosticListener)
   at Microsoft.Extensions.Hosting.HostApplicationBuilder.Build()
   at Microsoft.AspNetCore.Builder.WebApplicationBuilder.Build()
   at Program.<Main>$(String[] args) in C:\Users\Nasim Reza\Desktop\Final Project\aspnet-b11-nasim\src\DevSkill.Inventory.sln\DevSkill.Inventory.Web\Program.cs:line 94
2025-06-19 22:36:44.405 +06:00 [INF] Application Starting...17-jan
2025-06-19 22:36:44.437 +06:00 [INF] This is Nasim Reza Hridoy
2025-06-19 22:36:44.437 +06:00 [ERR] An error occurred while starting the application.
2025-06-19 22:36:47.282 +06:00 [INF] This is Nasim Reza
2025-06-19 22:36:47.330 +06:00 [INF] This is a test log entry to verify database logging.
2025-06-19 22:37:01.310 +06:00 [ERR] Error loading service data
AutoMapper.AutoMapperMappingException: Missing type map configuration or unsupported mapping.

Mapping types:
ServiceSearchModel -> ServiceSearchDto
DevSkill.Inventory.Web.Areas.Admin.Models.ServicesModels.ServiceSearchModel -> DevSkill.Inventory.Domain.Dtos.ServiceSearchDto
   at lambda_method753(Closure, Object, ServiceSearchDto, ResolutionContext)
   at DevSkill.Inventory.Web.Areas.Admin.Controllers.ServicesController.GetServicesJsonData(ServiceListModel model) in C:\Users\Nasim Reza\Desktop\Final Project\aspnet-b11-nasim\src\DevSkill.Inventory.sln\DevSkill.Inventory.Web\Areas\Admin\Controllers\ServicesController.cs:line 36
2025-06-19 22:37:02.656 +06:00 [ERR] Error loading service sales
Microsoft.Data.SqlClient.SqlException (0x80131904): Could not find stored procedure 'GetServiceSales'.
   at Microsoft.Data.SqlClient.SqlCommand.<>c.<ExecuteDbDataReaderAsync>b__195_0(Task`1 result)
   at System.Threading.Tasks.ContinuationResultTaskFromResultTask`2.InnerInvoke()
   at System.Threading.ExecutionContext.RunInternal(ExecutionContext executionContext, ContextCallback callback, Object state)
--- End of stack trace from previous location ---
   at System.Threading.ExecutionContext.RunInternal(ExecutionContext executionContext, ContextCallback callback, Object state)
   at System.Threading.Tasks.Task.ExecuteWithThreadLocal(Task& currentTaskSlot, Thread threadPoolThread)
--- End of stack trace from previous location ---
   at DevSkill.Inventory.Infrastructure.Utilities.SqlUtility.ExecuteQueryAsync[TReturn](DbCommand command) in C:\Users\Nasim Reza\Desktop\Final Project\aspnet-b11-nasim\src\DevSkill.Inventory.sln\DevSkill.Inventory.Infrastructure\Utilities\SqlUtility.cs:line 237
   at DevSkill.Inventory.Infrastructure.Utilities.SqlUtility.QueryWithStoredProcedureAsync[TReturn](String storedProcedureName, IDictionary`2 parameters, IDictionary`2 outParameters) in C:\Users\Nasim Reza\Desktop\Final Project\aspnet-b11-nasim\src\DevSkill.Inventory.sln\DevSkill.Inventory.Infrastructure\Utilities\SqlUtility.cs:line 100
   at DevSkill.Inventory.Infrastructure.Utilities.SqlUtility.QueryWithStoredProcedureAsync[TReturn](String storedProcedureName, IDictionary`2 parameters, IDictionary`2 outParameters) in C:\Users\Nasim Reza\Desktop\Final Project\aspnet-b11-nasim\src\DevSkill.Inventory.sln\DevSkill.Inventory.Infrastructure\Utilities\SqlUtility.cs:line 106
   at DevSkill.Inventory.Infrastructure.ApplicationUnitOfWork.GetServiceSalesSP(Int32 pageIndex, Int32 pageSize, String order, ServiceSaleSearchDto search) in C:\Users\Nasim Reza\Desktop\Final Project\aspnet-b11-nasim\src\DevSkill.Inventory.sln\DevSkill.Inventory.Infrastructure\ApplicationUnitOfWork.cs:line 215
   at DevSkill.Inventory.Application.Features.ServiceSales.Queries.GetServiceSalesSPQueryHandler.Handle(GetServiceSalesSPQuery request, CancellationToken cancellationToken) in C:\Users\Nasim Reza\Desktop\Final Project\aspnet-b11-nasim\src\DevSkill.Inventory.sln\DevSkill.Inventory.Application\Features\ServiceSales\Queries\GetServiceSalesSPQueryHandler.cs:line 24
   at DevSkill.Inventory.Web.Areas.Admin.Controllers.ServiceSalesController.GetServiceSalesJsonData(ServiceSaleListModel model) in C:\Users\Nasim Reza\Desktop\Final Project\aspnet-b11-nasim\src\DevSkill.Inventory.sln\DevSkill.Inventory.Web\Areas\Admin\Controllers\ServiceSalesController.cs:line 129
ClientConnectionId:a6dddf64-2882-4924-b4f5-a433ebe57314
Error Number:2812,State:62,Class:16
2025-06-19 22:37:06.062 +06:00 [ERR] Error loading service sales
Microsoft.Data.SqlClient.SqlException (0x80131904): Could not find stored procedure 'GetServiceSales'.
   at Microsoft.Data.SqlClient.SqlCommand.<>c.<ExecuteDbDataReaderAsync>b__195_0(Task`1 result)
   at System.Threading.Tasks.ContinuationResultTaskFromResultTask`2.InnerInvoke()
   at System.Threading.ExecutionContext.RunInternal(ExecutionContext executionContext, ContextCallback callback, Object state)
--- End of stack trace from previous location ---
   at System.Threading.ExecutionContext.RunInternal(ExecutionContext executionContext, ContextCallback callback, Object state)
   at System.Threading.Tasks.Task.ExecuteWithThreadLocal(Task& currentTaskSlot, Thread threadPoolThread)
--- End of stack trace from previous location ---
   at DevSkill.Inventory.Infrastructure.Utilities.SqlUtility.ExecuteQueryAsync[TReturn](DbCommand command) in C:\Users\Nasim Reza\Desktop\Final Project\aspnet-b11-nasim\src\DevSkill.Inventory.sln\DevSkill.Inventory.Infrastructure\Utilities\SqlUtility.cs:line 237
   at DevSkill.Inventory.Infrastructure.Utilities.SqlUtility.QueryWithStoredProcedureAsync[TReturn](String storedProcedureName, IDictionary`2 parameters, IDictionary`2 outParameters) in C:\Users\Nasim Reza\Desktop\Final Project\aspnet-b11-nasim\src\DevSkill.Inventory.sln\DevSkill.Inventory.Infrastructure\Utilities\SqlUtility.cs:line 100
   at DevSkill.Inventory.Infrastructure.Utilities.SqlUtility.QueryWithStoredProcedureAsync[TReturn](String storedProcedureName, IDictionary`2 parameters, IDictionary`2 outParameters) in C:\Users\Nasim Reza\Desktop\Final Project\aspnet-b11-nasim\src\DevSkill.Inventory.sln\DevSkill.Inventory.Infrastructure\Utilities\SqlUtility.cs:line 106
   at DevSkill.Inventory.Infrastructure.ApplicationUnitOfWork.GetServiceSalesSP(Int32 pageIndex, Int32 pageSize, String order, ServiceSaleSearchDto search) in C:\Users\Nasim Reza\Desktop\Final Project\aspnet-b11-nasim\src\DevSkill.Inventory.sln\DevSkill.Inventory.Infrastructure\ApplicationUnitOfWork.cs:line 215
   at DevSkill.Inventory.Application.Features.ServiceSales.Queries.GetServiceSalesSPQueryHandler.Handle(GetServiceSalesSPQuery request, CancellationToken cancellationToken) in C:\Users\Nasim Reza\Desktop\Final Project\aspnet-b11-nasim\src\DevSkill.Inventory.sln\DevSkill.Inventory.Application\Features\ServiceSales\Queries\GetServiceSalesSPQueryHandler.cs:line 24
   at DevSkill.Inventory.Web.Areas.Admin.Controllers.ServiceSalesController.GetServiceSalesJsonData(ServiceSaleListModel model) in C:\Users\Nasim Reza\Desktop\Final Project\aspnet-b11-nasim\src\DevSkill.Inventory.sln\DevSkill.Inventory.Web\Areas\Admin\Controllers\ServiceSalesController.cs:line 129
ClientConnectionId:a6dddf64-2882-4924-b4f5-a433ebe57314
Error Number:2812,State:62,Class:16
2025-06-19 22:37:09.866 +06:00 [ERR] Error loading service sales
Microsoft.Data.SqlClient.SqlException (0x80131904): Could not find stored procedure 'GetServiceSales'.
   at Microsoft.Data.SqlClient.SqlCommand.<>c.<ExecuteDbDataReaderAsync>b__195_0(Task`1 result)
   at System.Threading.Tasks.ContinuationResultTaskFromResultTask`2.InnerInvoke()
   at System.Threading.ExecutionContext.RunInternal(ExecutionContext executionContext, ContextCallback callback, Object state)
--- End of stack trace from previous location ---
   at System.Threading.ExecutionContext.RunInternal(ExecutionContext executionContext, ContextCallback callback, Object state)
   at System.Threading.Tasks.Task.ExecuteWithThreadLocal(Task& currentTaskSlot, Thread threadPoolThread)
--- End of stack trace from previous location ---
   at DevSkill.Inventory.Infrastructure.Utilities.SqlUtility.ExecuteQueryAsync[TReturn](DbCommand command) in C:\Users\Nasim Reza\Desktop\Final Project\aspnet-b11-nasim\src\DevSkill.Inventory.sln\DevSkill.Inventory.Infrastructure\Utilities\SqlUtility.cs:line 237
   at DevSkill.Inventory.Infrastructure.Utilities.SqlUtility.QueryWithStoredProcedureAsync[TReturn](String storedProcedureName, IDictionary`2 parameters, IDictionary`2 outParameters) in C:\Users\Nasim Reza\Desktop\Final Project\aspnet-b11-nasim\src\DevSkill.Inventory.sln\DevSkill.Inventory.Infrastructure\Utilities\SqlUtility.cs:line 100
   at DevSkill.Inventory.Infrastructure.Utilities.SqlUtility.QueryWithStoredProcedureAsync[TReturn](String storedProcedureName, IDictionary`2 parameters, IDictionary`2 outParameters) in C:\Users\Nasim Reza\Desktop\Final Project\aspnet-b11-nasim\src\DevSkill.Inventory.sln\DevSkill.Inventory.Infrastructure\Utilities\SqlUtility.cs:line 106
   at DevSkill.Inventory.Infrastructure.ApplicationUnitOfWork.GetServiceSalesSP(Int32 pageIndex, Int32 pageSize, String order, ServiceSaleSearchDto search) in C:\Users\Nasim Reza\Desktop\Final Project\aspnet-b11-nasim\src\DevSkill.Inventory.sln\DevSkill.Inventory.Infrastructure\ApplicationUnitOfWork.cs:line 215
   at DevSkill.Inventory.Application.Features.ServiceSales.Queries.GetServiceSalesSPQueryHandler.Handle(GetServiceSalesSPQuery request, CancellationToken cancellationToken) in C:\Users\Nasim Reza\Desktop\Final Project\aspnet-b11-nasim\src\DevSkill.Inventory.sln\DevSkill.Inventory.Application\Features\ServiceSales\Queries\GetServiceSalesSPQueryHandler.cs:line 24
   at DevSkill.Inventory.Web.Areas.Admin.Controllers.ServiceSalesController.GetServiceSalesJsonData(ServiceSaleListModel model) in C:\Users\Nasim Reza\Desktop\Final Project\aspnet-b11-nasim\src\DevSkill.Inventory.sln\DevSkill.Inventory.Web\Areas\Admin\Controllers\ServiceSalesController.cs:line 129
ClientConnectionId:a6dddf64-2882-4924-b4f5-a433ebe57314
Error Number:2812,State:62,Class:16
2025-06-19 22:39:04.196 +06:00 [INF] Application Starting...17-jan
2025-06-19 22:39:04.231 +06:00 [INF] This is Nasim Reza Hridoy
2025-06-19 22:39:04.232 +06:00 [ERR] An error occurred while starting the application.
2025-06-19 22:39:06.433 +06:00 [INF] This is Nasim Reza
2025-06-19 22:39:06.461 +06:00 [INF] This is a test log entry to verify database logging.
2025-06-19 22:39:11.877 +06:00 [ERR] Error loading service data
AutoMapper.AutoMapperMappingException: Missing type map configuration or unsupported mapping.

Mapping types:
ServiceSearchModel -> ServiceSearchDto
DevSkill.Inventory.Web.Areas.Admin.Models.ServicesModels.ServiceSearchModel -> DevSkill.Inventory.Domain.Dtos.ServiceSearchDto
   at lambda_method753(Closure, Object, ServiceSearchDto, ResolutionContext)
   at DevSkill.Inventory.Web.Areas.Admin.Controllers.ServicesController.GetServicesJsonData(ServiceListModel model) in C:\Users\Nasim Reza\Desktop\Final Project\aspnet-b11-nasim\src\DevSkill.Inventory.sln\DevSkill.Inventory.Web\Areas\Admin\Controllers\ServicesController.cs:line 36
2025-06-19 22:39:12.867 +06:00 [ERR] Error loading service sales
Microsoft.Data.SqlClient.SqlException (0x80131904): Procedure or function 'GetServiceSales' expects parameter '@TotalCount', which was not supplied.
   at Microsoft.Data.SqlClient.SqlCommand.<>c.<ExecuteDbDataReaderAsync>b__195_0(Task`1 result)
   at System.Threading.Tasks.ContinuationResultTaskFromResultTask`2.InnerInvoke()
   at System.Threading.ExecutionContext.RunInternal(ExecutionContext executionContext, ContextCallback callback, Object state)
--- End of stack trace from previous location ---
   at System.Threading.ExecutionContext.RunInternal(ExecutionContext executionContext, ContextCallback callback, Object state)
   at System.Threading.Tasks.Task.ExecuteWithThreadLocal(Task& currentTaskSlot, Thread threadPoolThread)
--- End of stack trace from previous location ---
   at DevSkill.Inventory.Infrastructure.Utilities.SqlUtility.ExecuteQueryAsync[TReturn](DbCommand command) in C:\Users\Nasim Reza\Desktop\Final Project\aspnet-b11-nasim\src\DevSkill.Inventory.sln\DevSkill.Inventory.Infrastructure\Utilities\SqlUtility.cs:line 237
   at DevSkill.Inventory.Infrastructure.Utilities.SqlUtility.QueryWithStoredProcedureAsync[TReturn](String storedProcedureName, IDictionary`2 parameters, IDictionary`2 outParameters) in C:\Users\Nasim Reza\Desktop\Final Project\aspnet-b11-nasim\src\DevSkill.Inventory.sln\DevSkill.Inventory.Infrastructure\Utilities\SqlUtility.cs:line 100
   at DevSkill.Inventory.Infrastructure.Utilities.SqlUtility.QueryWithStoredProcedureAsync[TReturn](String storedProcedureName, IDictionary`2 parameters, IDictionary`2 outParameters) in C:\Users\Nasim Reza\Desktop\Final Project\aspnet-b11-nasim\src\DevSkill.Inventory.sln\DevSkill.Inventory.Infrastructure\Utilities\SqlUtility.cs:line 106
   at DevSkill.Inventory.Infrastructure.ApplicationUnitOfWork.GetServiceSalesSP(Int32 pageIndex, Int32 pageSize, String order, ServiceSaleSearchDto search) in C:\Users\Nasim Reza\Desktop\Final Project\aspnet-b11-nasim\src\DevSkill.Inventory.sln\DevSkill.Inventory.Infrastructure\ApplicationUnitOfWork.cs:line 215
   at DevSkill.Inventory.Application.Features.ServiceSales.Queries.GetServiceSalesSPQueryHandler.Handle(GetServiceSalesSPQuery request, CancellationToken cancellationToken) in C:\Users\Nasim Reza\Desktop\Final Project\aspnet-b11-nasim\src\DevSkill.Inventory.sln\DevSkill.Inventory.Application\Features\ServiceSales\Queries\GetServiceSalesSPQueryHandler.cs:line 24
   at DevSkill.Inventory.Web.Areas.Admin.Controllers.ServiceSalesController.GetServiceSalesJsonData(ServiceSaleListModel model) in C:\Users\Nasim Reza\Desktop\Final Project\aspnet-b11-nasim\src\DevSkill.Inventory.sln\DevSkill.Inventory.Web\Areas\Admin\Controllers\ServiceSalesController.cs:line 129
ClientConnectionId:d7d71f0e-e907-4888-9d7e-cfdc4012def5
Error Number:201,State:4,Class:16
2025-06-19 22:39:14.602 +06:00 [ERR] Error loading service sales
Microsoft.Data.SqlClient.SqlException (0x80131904): Procedure or function 'GetServiceSales' expects parameter '@TotalCount', which was not supplied.
   at Microsoft.Data.SqlClient.SqlCommand.<>c.<ExecuteDbDataReaderAsync>b__195_0(Task`1 result)
   at System.Threading.Tasks.ContinuationResultTaskFromResultTask`2.InnerInvoke()
   at System.Threading.ExecutionContext.RunInternal(ExecutionContext executionContext, ContextCallback callback, Object state)
--- End of stack trace from previous location ---
   at System.Threading.ExecutionContext.RunInternal(ExecutionContext executionContext, ContextCallback callback, Object state)
   at System.Threading.Tasks.Task.ExecuteWithThreadLocal(Task& currentTaskSlot, Thread threadPoolThread)
--- End of stack trace from previous location ---
   at DevSkill.Inventory.Infrastructure.Utilities.SqlUtility.ExecuteQueryAsync[TReturn](DbCommand command) in C:\Users\Nasim Reza\Desktop\Final Project\aspnet-b11-nasim\src\DevSkill.Inventory.sln\DevSkill.Inventory.Infrastructure\Utilities\SqlUtility.cs:line 237
   at DevSkill.Inventory.Infrastructure.Utilities.SqlUtility.QueryWithStoredProcedureAsync[TReturn](String storedProcedureName, IDictionary`2 parameters, IDictionary`2 outParameters) in C:\Users\Nasim Reza\Desktop\Final Project\aspnet-b11-nasim\src\DevSkill.Inventory.sln\DevSkill.Inventory.Infrastructure\Utilities\SqlUtility.cs:line 100
   at DevSkill.Inventory.Infrastructure.Utilities.SqlUtility.QueryWithStoredProcedureAsync[TReturn](String storedProcedureName, IDictionary`2 parameters, IDictionary`2 outParameters) in C:\Users\Nasim Reza\Desktop\Final Project\aspnet-b11-nasim\src\DevSkill.Inventory.sln\DevSkill.Inventory.Infrastructure\Utilities\SqlUtility.cs:line 106
   at DevSkill.Inventory.Infrastructure.ApplicationUnitOfWork.GetServiceSalesSP(Int32 pageIndex, Int32 pageSize, String order, ServiceSaleSearchDto search) in C:\Users\Nasim Reza\Desktop\Final Project\aspnet-b11-nasim\src\DevSkill.Inventory.sln\DevSkill.Inventory.Infrastructure\ApplicationUnitOfWork.cs:line 215
   at DevSkill.Inventory.Application.Features.ServiceSales.Queries.GetServiceSalesSPQueryHandler.Handle(GetServiceSalesSPQuery request, CancellationToken cancellationToken) in C:\Users\Nasim Reza\Desktop\Final Project\aspnet-b11-nasim\src\DevSkill.Inventory.sln\DevSkill.Inventory.Application\Features\ServiceSales\Queries\GetServiceSalesSPQueryHandler.cs:line 24
   at DevSkill.Inventory.Web.Areas.Admin.Controllers.ServiceSalesController.GetServiceSalesJsonData(ServiceSaleListModel model) in C:\Users\Nasim Reza\Desktop\Final Project\aspnet-b11-nasim\src\DevSkill.Inventory.sln\DevSkill.Inventory.Web\Areas\Admin\Controllers\ServiceSalesController.cs:line 129
ClientConnectionId:d7d71f0e-e907-4888-9d7e-cfdc4012def5
Error Number:201,State:4,Class:16
2025-06-19 22:39:17.131 +06:00 [ERR] Error loading service sales
Microsoft.Data.SqlClient.SqlException (0x80131904): Procedure or function 'GetServiceSales' expects parameter '@TotalCount', which was not supplied.
   at Microsoft.Data.SqlClient.SqlCommand.<>c.<ExecuteDbDataReaderAsync>b__195_0(Task`1 result)
   at System.Threading.Tasks.ContinuationResultTaskFromResultTask`2.InnerInvoke()
   at System.Threading.ExecutionContext.RunInternal(ExecutionContext executionContext, ContextCallback callback, Object state)
--- End of stack trace from previous location ---
   at System.Threading.ExecutionContext.RunInternal(ExecutionContext executionContext, ContextCallback callback, Object state)
   at System.Threading.Tasks.Task.ExecuteWithThreadLocal(Task& currentTaskSlot, Thread threadPoolThread)
--- End of stack trace from previous location ---
   at DevSkill.Inventory.Infrastructure.Utilities.SqlUtility.ExecuteQueryAsync[TReturn](DbCommand command) in C:\Users\Nasim Reza\Desktop\Final Project\aspnet-b11-nasim\src\DevSkill.Inventory.sln\DevSkill.Inventory.Infrastructure\Utilities\SqlUtility.cs:line 237
   at DevSkill.Inventory.Infrastructure.Utilities.SqlUtility.QueryWithStoredProcedureAsync[TReturn](String storedProcedureName, IDictionary`2 parameters, IDictionary`2 outParameters) in C:\Users\Nasim Reza\Desktop\Final Project\aspnet-b11-nasim\src\DevSkill.Inventory.sln\DevSkill.Inventory.Infrastructure\Utilities\SqlUtility.cs:line 100
   at DevSkill.Inventory.Infrastructure.Utilities.SqlUtility.QueryWithStoredProcedureAsync[TReturn](String storedProcedureName, IDictionary`2 parameters, IDictionary`2 outParameters) in C:\Users\Nasim Reza\Desktop\Final Project\aspnet-b11-nasim\src\DevSkill.Inventory.sln\DevSkill.Inventory.Infrastructure\Utilities\SqlUtility.cs:line 106
   at DevSkill.Inventory.Infrastructure.ApplicationUnitOfWork.GetServiceSalesSP(Int32 pageIndex, Int32 pageSize, String order, ServiceSaleSearchDto search) in C:\Users\Nasim Reza\Desktop\Final Project\aspnet-b11-nasim\src\DevSkill.Inventory.sln\DevSkill.Inventory.Infrastructure\ApplicationUnitOfWork.cs:line 215
   at DevSkill.Inventory.Application.Features.ServiceSales.Queries.GetServiceSalesSPQueryHandler.Handle(GetServiceSalesSPQuery request, CancellationToken cancellationToken) in C:\Users\Nasim Reza\Desktop\Final Project\aspnet-b11-nasim\src\DevSkill.Inventory.sln\DevSkill.Inventory.Application\Features\ServiceSales\Queries\GetServiceSalesSPQueryHandler.cs:line 24
   at DevSkill.Inventory.Web.Areas.Admin.Controllers.ServiceSalesController.GetServiceSalesJsonData(ServiceSaleListModel model) in C:\Users\Nasim Reza\Desktop\Final Project\aspnet-b11-nasim\src\DevSkill.Inventory.sln\DevSkill.Inventory.Web\Areas\Admin\Controllers\ServiceSalesController.cs:line 129
ClientConnectionId:d7d71f0e-e907-4888-9d7e-cfdc4012def5
Error Number:201,State:4,Class:16
2025-06-19 22:39:24.879 +06:00 [ERR] Error loading quotations
AutoMapper.AutoMapperMappingException: Missing type map configuration or unsupported mapping.

Mapping types:
QuotationSearchModel -> QuotationSearchDto
DevSkill.Inventory.Web.Areas.Admin.Models.QuotationsModels.QuotationSearchModel -> DevSkill.Inventory.Domain.Dtos.QuotationSearchDto
   at lambda_method801(Closure, Object, QuotationSearchDto, ResolutionContext)
   at DevSkill.Inventory.Web.Areas.Admin.Controllers.QuotationsController.GetQuotationsJsonData(QuotationListModel model) in C:\Users\Nasim Reza\Desktop\Final Project\aspnet-b11-nasim\src\DevSkill.Inventory.sln\DevSkill.Inventory.Web\Areas\Admin\Controllers\QuotationsController.cs:line 37
2025-06-19 22:39:26.354 +06:00 [ERR] Error loading service sales
Microsoft.Data.SqlClient.SqlException (0x80131904): Procedure or function 'GetServiceSales' expects parameter '@TotalCount', which was not supplied.
   at Microsoft.Data.SqlClient.SqlCommand.<>c.<ExecuteDbDataReaderAsync>b__195_0(Task`1 result)
   at System.Threading.Tasks.ContinuationResultTaskFromResultTask`2.InnerInvoke()
   at System.Threading.ExecutionContext.RunInternal(ExecutionContext executionContext, ContextCallback callback, Object state)
--- End of stack trace from previous location ---
   at System.Threading.ExecutionContext.RunInternal(ExecutionContext executionContext, ContextCallback callback, Object state)
   at System.Threading.Tasks.Task.ExecuteWithThreadLocal(Task& currentTaskSlot, Thread threadPoolThread)
--- End of stack trace from previous location ---
   at DevSkill.Inventory.Infrastructure.Utilities.SqlUtility.ExecuteQueryAsync[TReturn](DbCommand command) in C:\Users\Nasim Reza\Desktop\Final Project\aspnet-b11-nasim\src\DevSkill.Inventory.sln\DevSkill.Inventory.Infrastructure\Utilities\SqlUtility.cs:line 237
   at DevSkill.Inventory.Infrastructure.Utilities.SqlUtility.QueryWithStoredProcedureAsync[TReturn](String storedProcedureName, IDictionary`2 parameters, IDictionary`2 outParameters) in C:\Users\Nasim Reza\Desktop\Final Project\aspnet-b11-nasim\src\DevSkill.Inventory.sln\DevSkill.Inventory.Infrastructure\Utilities\SqlUtility.cs:line 100
   at DevSkill.Inventory.Infrastructure.Utilities.SqlUtility.QueryWithStoredProcedureAsync[TReturn](String storedProcedureName, IDictionary`2 parameters, IDictionary`2 outParameters) in C:\Users\Nasim Reza\Desktop\Final Project\aspnet-b11-nasim\src\DevSkill.Inventory.sln\DevSkill.Inventory.Infrastructure\Utilities\SqlUtility.cs:line 106
   at DevSkill.Inventory.Infrastructure.ApplicationUnitOfWork.GetServiceSalesSP(Int32 pageIndex, Int32 pageSize, String order, ServiceSaleSearchDto search) in C:\Users\Nasim Reza\Desktop\Final Project\aspnet-b11-nasim\src\DevSkill.Inventory.sln\DevSkill.Inventory.Infrastructure\ApplicationUnitOfWork.cs:line 215
   at DevSkill.Inventory.Application.Features.ServiceSales.Queries.GetServiceSalesSPQueryHandler.Handle(GetServiceSalesSPQuery request, CancellationToken cancellationToken) in C:\Users\Nasim Reza\Desktop\Final Project\aspnet-b11-nasim\src\DevSkill.Inventory.sln\DevSkill.Inventory.Application\Features\ServiceSales\Queries\GetServiceSalesSPQueryHandler.cs:line 24
   at DevSkill.Inventory.Web.Areas.Admin.Controllers.ServiceSalesController.GetServiceSalesJsonData(ServiceSaleListModel model) in C:\Users\Nasim Reza\Desktop\Final Project\aspnet-b11-nasim\src\DevSkill.Inventory.sln\DevSkill.Inventory.Web\Areas\Admin\Controllers\ServiceSalesController.cs:line 129
ClientConnectionId:d7d71f0e-e907-4888-9d7e-cfdc4012def5
Error Number:201,State:4,Class:16
2025-06-19 22:39:27.280 +06:00 [ERR] Error loading service data
AutoMapper.AutoMapperMappingException: Missing type map configuration or unsupported mapping.

Mapping types:
ServiceSearchModel -> ServiceSearchDto
DevSkill.Inventory.Web.Areas.Admin.Models.ServicesModels.ServiceSearchModel -> DevSkill.Inventory.Domain.Dtos.ServiceSearchDto
   at lambda_method753(Closure, Object, ServiceSearchDto, ResolutionContext)
   at DevSkill.Inventory.Web.Areas.Admin.Controllers.ServicesController.GetServicesJsonData(ServiceListModel model) in C:\Users\Nasim Reza\Desktop\Final Project\aspnet-b11-nasim\src\DevSkill.Inventory.sln\DevSkill.Inventory.Web\Areas\Admin\Controllers\ServicesController.cs:line 36
2025-06-19 22:41:02.565 +06:00 [ERR] Error loading service data
AutoMapper.AutoMapperMappingException: Missing type map configuration or unsupported mapping.

Mapping types:
ServiceSearchModel -> ServiceSearchDto
DevSkill.Inventory.Web.Areas.Admin.Models.ServicesModels.ServiceSearchModel -> DevSkill.Inventory.Domain.Dtos.ServiceSearchDto
   at lambda_method753(Closure, Object, ServiceSearchDto, ResolutionContext)
   at DevSkill.Inventory.Web.Areas.Admin.Controllers.ServicesController.GetServicesJsonData(ServiceListModel model) in C:\Users\Nasim Reza\Desktop\Final Project\aspnet-b11-nasim\src\DevSkill.Inventory.sln\DevSkill.Inventory.Web\Areas\Admin\Controllers\ServicesController.cs:line 36
2025-06-19 22:41:03.398 +06:00 [ERR] Error loading service data
AutoMapper.AutoMapperMappingException: Missing type map configuration or unsupported mapping.

Mapping types:
ServiceSearchModel -> ServiceSearchDto
DevSkill.Inventory.Web.Areas.Admin.Models.ServicesModels.ServiceSearchModel -> DevSkill.Inventory.Domain.Dtos.ServiceSearchDto
   at lambda_method753(Closure, Object, ServiceSearchDto, ResolutionContext)
   at DevSkill.Inventory.Web.Areas.Admin.Controllers.ServicesController.GetServicesJsonData(ServiceListModel model) in C:\Users\Nasim Reza\Desktop\Final Project\aspnet-b11-nasim\src\DevSkill.Inventory.sln\DevSkill.Inventory.Web\Areas\Admin\Controllers\ServicesController.cs:line 36
2025-06-19 22:41:08.292 +06:00 [INF] Application Starting...17-jan
2025-06-19 22:41:08.324 +06:00 [INF] This is Nasim Reza Hridoy
2025-06-19 22:41:08.324 +06:00 [ERR] An error occurred while starting the application.
2025-06-19 22:41:10.502 +06:00 [INF] This is Nasim Reza
2025-06-19 22:41:10.520 +06:00 [INF] This is a test log entry to verify database logging.
2025-06-19 22:41:15.447 +06:00 [ERR] Error loading sales return data
Microsoft.Data.SqlClient.SqlException (0x80131904): Could not find stored procedure 'GetSalesReturns'.
   at Microsoft.Data.SqlClient.SqlCommand.<>c.<ExecuteDbDataReaderAsync>b__195_0(Task`1 result)
   at System.Threading.Tasks.ContinuationResultTaskFromResultTask`2.InnerInvoke()
   at System.Threading.ExecutionContext.RunInternal(ExecutionContext executionContext, ContextCallback callback, Object state)
--- End of stack trace from previous location ---
   at System.Threading.ExecutionContext.RunInternal(ExecutionContext executionContext, ContextCallback callback, Object state)
   at System.Threading.Tasks.Task.ExecuteWithThreadLocal(Task& currentTaskSlot, Thread threadPoolThread)
--- End of stack trace from previous location ---
   at DevSkill.Inventory.Infrastructure.Utilities.SqlUtility.ExecuteQueryAsync[TReturn](DbCommand command) in C:\Users\Nasim Reza\Desktop\Final Project\aspnet-b11-nasim\src\DevSkill.Inventory.sln\DevSkill.Inventory.Infrastructure\Utilities\SqlUtility.cs:line 237
   at DevSkill.Inventory.Infrastructure.Utilities.SqlUtility.QueryWithStoredProcedureAsync[TReturn](String storedProcedureName, IDictionary`2 parameters, IDictionary`2 outParameters) in C:\Users\Nasim Reza\Desktop\Final Project\aspnet-b11-nasim\src\DevSkill.Inventory.sln\DevSkill.Inventory.Infrastructure\Utilities\SqlUtility.cs:line 100
   at DevSkill.Inventory.Infrastructure.Utilities.SqlUtility.QueryWithStoredProcedureAsync[TReturn](String storedProcedureName, IDictionary`2 parameters, IDictionary`2 outParameters) in C:\Users\Nasim Reza\Desktop\Final Project\aspnet-b11-nasim\src\DevSkill.Inventory.sln\DevSkill.Inventory.Infrastructure\Utilities\SqlUtility.cs:line 106
   at DevSkill.Inventory.Infrastructure.ApplicationUnitOfWork.GetSalesReturnsSP(Int32 pageIndex, Int32 pageSize, String order, SalesReturnSearchDto search) in C:\Users\Nasim Reza\Desktop\Final Project\aspnet-b11-nasim\src\DevSkill.Inventory.sln\DevSkill.Inventory.Infrastructure\ApplicationUnitOfWork.cs:line 138
   at DevSkill.Inventory.Application.Features.SalesReturns.Queries.GetSalesReturnsSPQueryHandler.Handle(GetSalesReturnsSPQuery request, CancellationToken cancellationToken) in C:\Users\Nasim Reza\Desktop\Final Project\aspnet-b11-nasim\src\DevSkill.Inventory.sln\DevSkill.Inventory.Application\Features\SalesReturns\Queries\GetSalesReturnsQueryHandler.cs:line 23
   at DevSkill.Inventory.Web.Areas.Admin.Controllers.SalesController.GetSalesReturnsJsonData(SalesReturnListModel model) in C:\Users\Nasim Reza\Desktop\Final Project\aspnet-b11-nasim\src\DevSkill.Inventory.sln\DevSkill.Inventory.Web\Areas\Admin\Controllers\SalesController.cs:line 99
ClientConnectionId:f921f7af-010f-451d-963d-8311ea9be212
Error Number:2812,State:62,Class:16
2025-06-19 22:41:16.155 +06:00 [ERR] Error loading purchase returns
Microsoft.Data.SqlClient.SqlException (0x80131904): Could not find stored procedure 'GetPurchaseReturns'.
   at Microsoft.Data.SqlClient.SqlCommand.<>c.<ExecuteDbDataReaderAsync>b__195_0(Task`1 result)
   at System.Threading.Tasks.ContinuationResultTaskFromResultTask`2.InnerInvoke()
   at System.Threading.ExecutionContext.RunInternal(ExecutionContext executionContext, ContextCallback callback, Object state)
--- End of stack trace from previous location ---
   at System.Threading.ExecutionContext.RunInternal(ExecutionContext executionContext, ContextCallback callback, Object state)
   at System.Threading.Tasks.Task.ExecuteWithThreadLocal(Task& currentTaskSlot, Thread threadPoolThread)
--- End of stack trace from previous location ---
   at DevSkill.Inventory.Infrastructure.Utilities.SqlUtility.ExecuteQueryAsync[TReturn](DbCommand command) in C:\Users\Nasim Reza\Desktop\Final Project\aspnet-b11-nasim\src\DevSkill.Inventory.sln\DevSkill.Inventory.Infrastructure\Utilities\SqlUtility.cs:line 237
   at DevSkill.Inventory.Infrastructure.Utilities.SqlUtility.QueryWithStoredProcedureAsync[TReturn](String storedProcedureName, IDictionary`2 parameters, IDictionary`2 outParameters) in C:\Users\Nasim Reza\Desktop\Final Project\aspnet-b11-nasim\src\DevSkill.Inventory.sln\DevSkill.Inventory.Infrastructure\Utilities\SqlUtility.cs:line 100
   at DevSkill.Inventory.Infrastructure.Utilities.SqlUtility.QueryWithStoredProcedureAsync[TReturn](String storedProcedureName, IDictionary`2 parameters, IDictionary`2 outParameters) in C:\Users\Nasim Reza\Desktop\Final Project\aspnet-b11-nasim\src\DevSkill.Inventory.sln\DevSkill.Inventory.Infrastructure\Utilities\SqlUtility.cs:line 106
   at DevSkill.Inventory.Infrastructure.ApplicationUnitOfWork.GetPurchaseReturnsSP(Int32 pageIndex, Int32 pageSize, String order, PurchaseReturnSearchDto search) in C:\Users\Nasim Reza\Desktop\Final Project\aspnet-b11-nasim\src\DevSkill.Inventory.sln\DevSkill.Inventory.Infrastructure\ApplicationUnitOfWork.cs:line 167
   at DevSkill.Inventory.Application.Features.PurchaseReturns.Queries.GetPurchaseReturnsSPQueryHandler.Handle(GetPurchaseReturnsSPQuery request, CancellationToken cancellationToken) in C:\Users\Nasim Reza\Desktop\Final Project\aspnet-b11-nasim\src\DevSkill.Inventory.sln\DevSkill.Inventory.Application\Features\PurchaseReturns\Queries\GetPurchaseReturnsSPQueryHandler.cs:line 23
   at DevSkill.Inventory.Web.Areas.Admin.Controllers.PurchasesController.GetPurchaseReturnsJsonData(PurchaseReturnListModel model) in C:\Users\Nasim Reza\Desktop\Final Project\aspnet-b11-nasim\src\DevSkill.Inventory.sln\DevSkill.Inventory.Web\Areas\Admin\Controllers\PurchasesController.cs:line 103
ClientConnectionId:f921f7af-010f-451d-963d-8311ea9be212
Error Number:2812,State:62,Class:16
2025-06-19 22:41:16.796 +06:00 [ERR] Error loading service data
AutoMapper.AutoMapperMappingException: Missing type map configuration or unsupported mapping.

Mapping types:
ServiceSearchModel -> ServiceSearchDto
DevSkill.Inventory.Web.Areas.Admin.Models.ServicesModels.ServiceSearchModel -> DevSkill.Inventory.Domain.Dtos.ServiceSearchDto
   at lambda_method807(Closure, Object, ServiceSearchDto, ResolutionContext)
   at DevSkill.Inventory.Web.Areas.Admin.Controllers.ServicesController.GetServicesJsonData(ServiceListModel model) in C:\Users\Nasim Reza\Desktop\Final Project\aspnet-b11-nasim\src\DevSkill.Inventory.sln\DevSkill.Inventory.Web\Areas\Admin\Controllers\ServicesController.cs:line 36
2025-06-19 22:41:17.740 +06:00 [ERR] Error loading service sales
Microsoft.Data.SqlClient.SqlException (0x80131904): Procedure or function 'GetServiceSales' expects parameter '@TotalCount', which was not supplied.
   at Microsoft.Data.SqlClient.SqlCommand.<>c.<ExecuteDbDataReaderAsync>b__195_0(Task`1 result)
   at System.Threading.Tasks.ContinuationResultTaskFromResultTask`2.InnerInvoke()
   at System.Threading.ExecutionContext.RunInternal(ExecutionContext executionContext, ContextCallback callback, Object state)
--- End of stack trace from previous location ---
   at System.Threading.ExecutionContext.RunInternal(ExecutionContext executionContext, ContextCallback callback, Object state)
   at System.Threading.Tasks.Task.ExecuteWithThreadLocal(Task& currentTaskSlot, Thread threadPoolThread)
--- End of stack trace from previous location ---
   at DevSkill.Inventory.Infrastructure.Utilities.SqlUtility.ExecuteQueryAsync[TReturn](DbCommand command) in C:\Users\Nasim Reza\Desktop\Final Project\aspnet-b11-nasim\src\DevSkill.Inventory.sln\DevSkill.Inventory.Infrastructure\Utilities\SqlUtility.cs:line 237
   at DevSkill.Inventory.Infrastructure.Utilities.SqlUtility.QueryWithStoredProcedureAsync[TReturn](String storedProcedureName, IDictionary`2 parameters, IDictionary`2 outParameters) in C:\Users\Nasim Reza\Desktop\Final Project\aspnet-b11-nasim\src\DevSkill.Inventory.sln\DevSkill.Inventory.Infrastructure\Utilities\SqlUtility.cs:line 100
   at DevSkill.Inventory.Infrastructure.Utilities.SqlUtility.QueryWithStoredProcedureAsync[TReturn](String storedProcedureName, IDictionary`2 parameters, IDictionary`2 outParameters) in C:\Users\Nasim Reza\Desktop\Final Project\aspnet-b11-nasim\src\DevSkill.Inventory.sln\DevSkill.Inventory.Infrastructure\Utilities\SqlUtility.cs:line 106
   at DevSkill.Inventory.Infrastructure.ApplicationUnitOfWork.GetServiceSalesSP(Int32 pageIndex, Int32 pageSize, String order, ServiceSaleSearchDto search) in C:\Users\Nasim Reza\Desktop\Final Project\aspnet-b11-nasim\src\DevSkill.Inventory.sln\DevSkill.Inventory.Infrastructure\ApplicationUnitOfWork.cs:line 215
   at DevSkill.Inventory.Application.Features.ServiceSales.Queries.GetServiceSalesSPQueryHandler.Handle(GetServiceSalesSPQuery request, CancellationToken cancellationToken) in C:\Users\Nasim Reza\Desktop\Final Project\aspnet-b11-nasim\src\DevSkill.Inventory.sln\DevSkill.Inventory.Application\Features\ServiceSales\Queries\GetServiceSalesSPQueryHandler.cs:line 24
   at DevSkill.Inventory.Web.Areas.Admin.Controllers.ServiceSalesController.GetServiceSalesJsonData(ServiceSaleListModel model) in C:\Users\Nasim Reza\Desktop\Final Project\aspnet-b11-nasim\src\DevSkill.Inventory.sln\DevSkill.Inventory.Web\Areas\Admin\Controllers\ServiceSalesController.cs:line 129
ClientConnectionId:f921f7af-010f-451d-963d-8311ea9be212
Error Number:201,State:4,Class:16
2025-06-19 22:41:18.984 +06:00 [ERR] Error loading service sales
Microsoft.Data.SqlClient.SqlException (0x80131904): Procedure or function 'GetServiceSales' expects parameter '@TotalCount', which was not supplied.
   at Microsoft.Data.SqlClient.SqlCommand.<>c.<ExecuteDbDataReaderAsync>b__195_0(Task`1 result)
   at System.Threading.Tasks.ContinuationResultTaskFromResultTask`2.InnerInvoke()
   at System.Threading.ExecutionContext.RunInternal(ExecutionContext executionContext, ContextCallback callback, Object state)
--- End of stack trace from previous location ---
   at System.Threading.ExecutionContext.RunInternal(ExecutionContext executionContext, ContextCallback callback, Object state)
   at System.Threading.Tasks.Task.ExecuteWithThreadLocal(Task& currentTaskSlot, Thread threadPoolThread)
--- End of stack trace from previous location ---
   at DevSkill.Inventory.Infrastructure.Utilities.SqlUtility.ExecuteQueryAsync[TReturn](DbCommand command) in C:\Users\Nasim Reza\Desktop\Final Project\aspnet-b11-nasim\src\DevSkill.Inventory.sln\DevSkill.Inventory.Infrastructure\Utilities\SqlUtility.cs:line 237
   at DevSkill.Inventory.Infrastructure.Utilities.SqlUtility.QueryWithStoredProcedureAsync[TReturn](String storedProcedureName, IDictionary`2 parameters, IDictionary`2 outParameters) in C:\Users\Nasim Reza\Desktop\Final Project\aspnet-b11-nasim\src\DevSkill.Inventory.sln\DevSkill.Inventory.Infrastructure\Utilities\SqlUtility.cs:line 100
   at DevSkill.Inventory.Infrastructure.Utilities.SqlUtility.QueryWithStoredProcedureAsync[TReturn](String storedProcedureName, IDictionary`2 parameters, IDictionary`2 outParameters) in C:\Users\Nasim Reza\Desktop\Final Project\aspnet-b11-nasim\src\DevSkill.Inventory.sln\DevSkill.Inventory.Infrastructure\Utilities\SqlUtility.cs:line 106
   at DevSkill.Inventory.Infrastructure.ApplicationUnitOfWork.GetServiceSalesSP(Int32 pageIndex, Int32 pageSize, String order, ServiceSaleSearchDto search) in C:\Users\Nasim Reza\Desktop\Final Project\aspnet-b11-nasim\src\DevSkill.Inventory.sln\DevSkill.Inventory.Infrastructure\ApplicationUnitOfWork.cs:line 215
   at DevSkill.Inventory.Application.Features.ServiceSales.Queries.GetServiceSalesSPQueryHandler.Handle(GetServiceSalesSPQuery request, CancellationToken cancellationToken) in C:\Users\Nasim Reza\Desktop\Final Project\aspnet-b11-nasim\src\DevSkill.Inventory.sln\DevSkill.Inventory.Application\Features\ServiceSales\Queries\GetServiceSalesSPQueryHandler.cs:line 24
   at DevSkill.Inventory.Web.Areas.Admin.Controllers.ServiceSalesController.GetServiceSalesJsonData(ServiceSaleListModel model) in C:\Users\Nasim Reza\Desktop\Final Project\aspnet-b11-nasim\src\DevSkill.Inventory.sln\DevSkill.Inventory.Web\Areas\Admin\Controllers\ServiceSalesController.cs:line 129
ClientConnectionId:f921f7af-010f-451d-963d-8311ea9be212
Error Number:201,State:4,Class:16
2025-06-19 22:41:19.424 +06:00 [ERR] Error loading service sales
Microsoft.Data.SqlClient.SqlException (0x80131904): Procedure or function 'GetServiceSales' expects parameter '@TotalCount', which was not supplied.
   at Microsoft.Data.SqlClient.SqlCommand.<>c.<ExecuteDbDataReaderAsync>b__195_0(Task`1 result)
   at System.Threading.Tasks.ContinuationResultTaskFromResultTask`2.InnerInvoke()
   at System.Threading.ExecutionContext.RunInternal(ExecutionContext executionContext, ContextCallback callback, Object state)
--- End of stack trace from previous location ---
   at System.Threading.ExecutionContext.RunInternal(ExecutionContext executionContext, ContextCallback callback, Object state)
   at System.Threading.Tasks.Task.ExecuteWithThreadLocal(Task& currentTaskSlot, Thread threadPoolThread)
--- End of stack trace from previous location ---
   at DevSkill.Inventory.Infrastructure.Utilities.SqlUtility.ExecuteQueryAsync[TReturn](DbCommand command) in C:\Users\Nasim Reza\Desktop\Final Project\aspnet-b11-nasim\src\DevSkill.Inventory.sln\DevSkill.Inventory.Infrastructure\Utilities\SqlUtility.cs:line 237
   at DevSkill.Inventory.Infrastructure.Utilities.SqlUtility.QueryWithStoredProcedureAsync[TReturn](String storedProcedureName, IDictionary`2 parameters, IDictionary`2 outParameters) in C:\Users\Nasim Reza\Desktop\Final Project\aspnet-b11-nasim\src\DevSkill.Inventory.sln\DevSkill.Inventory.Infrastructure\Utilities\SqlUtility.cs:line 100
   at DevSkill.Inventory.Infrastructure.Utilities.SqlUtility.QueryWithStoredProcedureAsync[TReturn](String storedProcedureName, IDictionary`2 parameters, IDictionary`2 outParameters) in C:\Users\Nasim Reza\Desktop\Final Project\aspnet-b11-nasim\src\DevSkill.Inventory.sln\DevSkill.Inventory.Infrastructure\Utilities\SqlUtility.cs:line 106
   at DevSkill.Inventory.Infrastructure.ApplicationUnitOfWork.GetServiceSalesSP(Int32 pageIndex, Int32 pageSize, String order, ServiceSaleSearchDto search) in C:\Users\Nasim Reza\Desktop\Final Project\aspnet-b11-nasim\src\DevSkill.Inventory.sln\DevSkill.Inventory.Infrastructure\ApplicationUnitOfWork.cs:line 215
   at DevSkill.Inventory.Application.Features.ServiceSales.Queries.GetServiceSalesSPQueryHandler.Handle(GetServiceSalesSPQuery request, CancellationToken cancellationToken) in C:\Users\Nasim Reza\Desktop\Final Project\aspnet-b11-nasim\src\DevSkill.Inventory.sln\DevSkill.Inventory.Application\Features\ServiceSales\Queries\GetServiceSalesSPQueryHandler.cs:line 24
   at DevSkill.Inventory.Web.Areas.Admin.Controllers.ServiceSalesController.GetServiceSalesJsonData(ServiceSaleListModel model) in C:\Users\Nasim Reza\Desktop\Final Project\aspnet-b11-nasim\src\DevSkill.Inventory.sln\DevSkill.Inventory.Web\Areas\Admin\Controllers\ServiceSalesController.cs:line 129
ClientConnectionId:f921f7af-010f-451d-963d-8311ea9be212
Error Number:201,State:4,Class:16
2025-06-19 22:41:19.801 +06:00 [ERR] Error loading service sales
Microsoft.Data.SqlClient.SqlException (0x80131904): Procedure or function 'GetServiceSales' expects parameter '@TotalCount', which was not supplied.
   at Microsoft.Data.SqlClient.SqlCommand.<>c.<ExecuteDbDataReaderAsync>b__195_0(Task`1 result)
   at System.Threading.Tasks.ContinuationResultTaskFromResultTask`2.InnerInvoke()
   at System.Threading.ExecutionContext.RunInternal(ExecutionContext executionContext, ContextCallback callback, Object state)
--- End of stack trace from previous location ---
   at System.Threading.ExecutionContext.RunInternal(ExecutionContext executionContext, ContextCallback callback, Object state)
   at System.Threading.Tasks.Task.ExecuteWithThreadLocal(Task& currentTaskSlot, Thread threadPoolThread)
--- End of stack trace from previous location ---
   at DevSkill.Inventory.Infrastructure.Utilities.SqlUtility.ExecuteQueryAsync[TReturn](DbCommand command) in C:\Users\Nasim Reza\Desktop\Final Project\aspnet-b11-nasim\src\DevSkill.Inventory.sln\DevSkill.Inventory.Infrastructure\Utilities\SqlUtility.cs:line 237
   at DevSkill.Inventory.Infrastructure.Utilities.SqlUtility.QueryWithStoredProcedureAsync[TReturn](String storedProcedureName, IDictionary`2 parameters, IDictionary`2 outParameters) in C:\Users\Nasim Reza\Desktop\Final Project\aspnet-b11-nasim\src\DevSkill.Inventory.sln\DevSkill.Inventory.Infrastructure\Utilities\SqlUtility.cs:line 100
   at DevSkill.Inventory.Infrastructure.Utilities.SqlUtility.QueryWithStoredProcedureAsync[TReturn](String storedProcedureName, IDictionary`2 parameters, IDictionary`2 outParameters) in C:\Users\Nasim Reza\Desktop\Final Project\aspnet-b11-nasim\src\DevSkill.Inventory.sln\DevSkill.Inventory.Infrastructure\Utilities\SqlUtility.cs:line 106
   at DevSkill.Inventory.Infrastructure.ApplicationUnitOfWork.GetServiceSalesSP(Int32 pageIndex, Int32 pageSize, String order, ServiceSaleSearchDto search) in C:\Users\Nasim Reza\Desktop\Final Project\aspnet-b11-nasim\src\DevSkill.Inventory.sln\DevSkill.Inventory.Infrastructure\ApplicationUnitOfWork.cs:line 215
   at DevSkill.Inventory.Application.Features.ServiceSales.Queries.GetServiceSalesSPQueryHandler.Handle(GetServiceSalesSPQuery request, CancellationToken cancellationToken) in C:\Users\Nasim Reza\Desktop\Final Project\aspnet-b11-nasim\src\DevSkill.Inventory.sln\DevSkill.Inventory.Application\Features\ServiceSales\Queries\GetServiceSalesSPQueryHandler.cs:line 24
   at DevSkill.Inventory.Web.Areas.Admin.Controllers.ServiceSalesController.GetServiceSalesJsonData(ServiceSaleListModel model) in C:\Users\Nasim Reza\Desktop\Final Project\aspnet-b11-nasim\src\DevSkill.Inventory.sln\DevSkill.Inventory.Web\Areas\Admin\Controllers\ServiceSalesController.cs:line 129
ClientConnectionId:f921f7af-010f-451d-963d-8311ea9be212
Error Number:201,State:4,Class:16
2025-06-19 22:41:21.277 +06:00 [ERR] Error loading quotations
AutoMapper.AutoMapperMappingException: Missing type map configuration or unsupported mapping.

Mapping types:
QuotationSearchModel -> QuotationSearchDto
DevSkill.Inventory.Web.Areas.Admin.Models.QuotationsModels.QuotationSearchModel -> DevSkill.Inventory.Domain.Dtos.QuotationSearchDto
   at lambda_method855(Closure, Object, QuotationSearchDto, ResolutionContext)
   at DevSkill.Inventory.Web.Areas.Admin.Controllers.QuotationsController.GetQuotationsJsonData(QuotationListModel model) in C:\Users\Nasim Reza\Desktop\Final Project\aspnet-b11-nasim\src\DevSkill.Inventory.sln\DevSkill.Inventory.Web\Areas\Admin\Controllers\QuotationsController.cs:line 37
2025-06-19 22:41:22.576 +06:00 [ERR] Error loading service sales
Microsoft.Data.SqlClient.SqlException (0x80131904): Procedure or function 'GetServiceSales' expects parameter '@TotalCount', which was not supplied.
   at Microsoft.Data.SqlClient.SqlCommand.<>c.<ExecuteDbDataReaderAsync>b__195_0(Task`1 result)
   at System.Threading.Tasks.ContinuationResultTaskFromResultTask`2.InnerInvoke()
   at System.Threading.ExecutionContext.RunInternal(ExecutionContext executionContext, ContextCallback callback, Object state)
--- End of stack trace from previous location ---
   at System.Threading.ExecutionContext.RunInternal(ExecutionContext executionContext, ContextCallback callback, Object state)
   at System.Threading.Tasks.Task.ExecuteWithThreadLocal(Task& currentTaskSlot, Thread threadPoolThread)
--- End of stack trace from previous location ---
   at DevSkill.Inventory.Infrastructure.Utilities.SqlUtility.ExecuteQueryAsync[TReturn](DbCommand command) in C:\Users\Nasim Reza\Desktop\Final Project\aspnet-b11-nasim\src\DevSkill.Inventory.sln\DevSkill.Inventory.Infrastructure\Utilities\SqlUtility.cs:line 237
   at DevSkill.Inventory.Infrastructure.Utilities.SqlUtility.QueryWithStoredProcedureAsync[TReturn](String storedProcedureName, IDictionary`2 parameters, IDictionary`2 outParameters) in C:\Users\Nasim Reza\Desktop\Final Project\aspnet-b11-nasim\src\DevSkill.Inventory.sln\DevSkill.Inventory.Infrastructure\Utilities\SqlUtility.cs:line 100
   at DevSkill.Inventory.Infrastructure.Utilities.SqlUtility.QueryWithStoredProcedureAsync[TReturn](String storedProcedureName, IDictionary`2 parameters, IDictionary`2 outParameters) in C:\Users\Nasim Reza\Desktop\Final Project\aspnet-b11-nasim\src\DevSkill.Inventory.sln\DevSkill.Inventory.Infrastructure\Utilities\SqlUtility.cs:line 106
   at DevSkill.Inventory.Infrastructure.ApplicationUnitOfWork.GetServiceSalesSP(Int32 pageIndex, Int32 pageSize, String order, ServiceSaleSearchDto search) in C:\Users\Nasim Reza\Desktop\Final Project\aspnet-b11-nasim\src\DevSkill.Inventory.sln\DevSkill.Inventory.Infrastructure\ApplicationUnitOfWork.cs:line 215
   at DevSkill.Inventory.Application.Features.ServiceSales.Queries.GetServiceSalesSPQueryHandler.Handle(GetServiceSalesSPQuery request, CancellationToken cancellationToken) in C:\Users\Nasim Reza\Desktop\Final Project\aspnet-b11-nasim\src\DevSkill.Inventory.sln\DevSkill.Inventory.Application\Features\ServiceSales\Queries\GetServiceSalesSPQueryHandler.cs:line 24
   at DevSkill.Inventory.Web.Areas.Admin.Controllers.ServiceSalesController.GetServiceSalesJsonData(ServiceSaleListModel model) in C:\Users\Nasim Reza\Desktop\Final Project\aspnet-b11-nasim\src\DevSkill.Inventory.sln\DevSkill.Inventory.Web\Areas\Admin\Controllers\ServiceSalesController.cs:line 129
ClientConnectionId:f921f7af-010f-451d-963d-8311ea9be212
Error Number:201,State:4,Class:16
2025-06-19 22:41:24.506 +06:00 [ERR] Error loading service sales
Microsoft.Data.SqlClient.SqlException (0x80131904): Procedure or function 'GetServiceSales' expects parameter '@TotalCount', which was not supplied.
   at Microsoft.Data.SqlClient.SqlCommand.<>c.<ExecuteDbDataReaderAsync>b__195_0(Task`1 result)
   at System.Threading.Tasks.ContinuationResultTaskFromResultTask`2.InnerInvoke()
   at System.Threading.ExecutionContext.RunInternal(ExecutionContext executionContext, ContextCallback callback, Object state)
--- End of stack trace from previous location ---
   at System.Threading.ExecutionContext.RunInternal(ExecutionContext executionContext, ContextCallback callback, Object state)
   at System.Threading.Tasks.Task.ExecuteWithThreadLocal(Task& currentTaskSlot, Thread threadPoolThread)
--- End of stack trace from previous location ---
   at DevSkill.Inventory.Infrastructure.Utilities.SqlUtility.ExecuteQueryAsync[TReturn](DbCommand command) in C:\Users\Nasim Reza\Desktop\Final Project\aspnet-b11-nasim\src\DevSkill.Inventory.sln\DevSkill.Inventory.Infrastructure\Utilities\SqlUtility.cs:line 237
   at DevSkill.Inventory.Infrastructure.Utilities.SqlUtility.QueryWithStoredProcedureAsync[TReturn](String storedProcedureName, IDictionary`2 parameters, IDictionary`2 outParameters) in C:\Users\Nasim Reza\Desktop\Final Project\aspnet-b11-nasim\src\DevSkill.Inventory.sln\DevSkill.Inventory.Infrastructure\Utilities\SqlUtility.cs:line 100
   at DevSkill.Inventory.Infrastructure.Utilities.SqlUtility.QueryWithStoredProcedureAsync[TReturn](String storedProcedureName, IDictionary`2 parameters, IDictionary`2 outParameters) in C:\Users\Nasim Reza\Desktop\Final Project\aspnet-b11-nasim\src\DevSkill.Inventory.sln\DevSkill.Inventory.Infrastructure\Utilities\SqlUtility.cs:line 106
   at DevSkill.Inventory.Infrastructure.ApplicationUnitOfWork.GetServiceSalesSP(Int32 pageIndex, Int32 pageSize, String order, ServiceSaleSearchDto search) in C:\Users\Nasim Reza\Desktop\Final Project\aspnet-b11-nasim\src\DevSkill.Inventory.sln\DevSkill.Inventory.Infrastructure\ApplicationUnitOfWork.cs:line 215
   at DevSkill.Inventory.Application.Features.ServiceSales.Queries.GetServiceSalesSPQueryHandler.Handle(GetServiceSalesSPQuery request, CancellationToken cancellationToken) in C:\Users\Nasim Reza\Desktop\Final Project\aspnet-b11-nasim\src\DevSkill.Inventory.sln\DevSkill.Inventory.Application\Features\ServiceSales\Queries\GetServiceSalesSPQueryHandler.cs:line 24
   at DevSkill.Inventory.Web.Areas.Admin.Controllers.ServiceSalesController.GetServiceSalesJsonData(ServiceSaleListModel model) in C:\Users\Nasim Reza\Desktop\Final Project\aspnet-b11-nasim\src\DevSkill.Inventory.sln\DevSkill.Inventory.Web\Areas\Admin\Controllers\ServiceSalesController.cs:line 129
ClientConnectionId:f921f7af-010f-451d-963d-8311ea9be212
Error Number:201,State:4,Class:16
2025-06-19 22:41:28.814 +06:00 [ERR] Error loading quotations
AutoMapper.AutoMapperMappingException: Missing type map configuration or unsupported mapping.

Mapping types:
QuotationSearchModel -> QuotationSearchDto
DevSkill.Inventory.Web.Areas.Admin.Models.QuotationsModels.QuotationSearchModel -> DevSkill.Inventory.Domain.Dtos.QuotationSearchDto
   at lambda_method855(Closure, Object, QuotationSearchDto, ResolutionContext)
   at DevSkill.Inventory.Web.Areas.Admin.Controllers.QuotationsController.GetQuotationsJsonData(QuotationListModel model) in C:\Users\Nasim Reza\Desktop\Final Project\aspnet-b11-nasim\src\DevSkill.Inventory.sln\DevSkill.Inventory.Web\Areas\Admin\Controllers\QuotationsController.cs:line 37
2025-06-19 22:41:29.873 +06:00 [ERR] Error loading quotations
AutoMapper.AutoMapperMappingException: Missing type map configuration or unsupported mapping.

Mapping types:
QuotationSearchModel -> QuotationSearchDto
DevSkill.Inventory.Web.Areas.Admin.Models.QuotationsModels.QuotationSearchModel -> DevSkill.Inventory.Domain.Dtos.QuotationSearchDto
   at lambda_method855(Closure, Object, QuotationSearchDto, ResolutionContext)
   at DevSkill.Inventory.Web.Areas.Admin.Controllers.QuotationsController.GetQuotationsJsonData(QuotationListModel model) in C:\Users\Nasim Reza\Desktop\Final Project\aspnet-b11-nasim\src\DevSkill.Inventory.sln\DevSkill.Inventory.Web\Areas\Admin\Controllers\QuotationsController.cs:line 37
2025-06-19 22:41:30.768 +06:00 [ERR] Error loading quotations
AutoMapper.AutoMapperMappingException: Missing type map configuration or unsupported mapping.

Mapping types:
QuotationSearchModel -> QuotationSearchDto
DevSkill.Inventory.Web.Areas.Admin.Models.QuotationsModels.QuotationSearchModel -> DevSkill.Inventory.Domain.Dtos.QuotationSearchDto
   at lambda_method855(Closure, Object, QuotationSearchDto, ResolutionContext)
   at DevSkill.Inventory.Web.Areas.Admin.Controllers.QuotationsController.GetQuotationsJsonData(QuotationListModel model) in C:\Users\Nasim Reza\Desktop\Final Project\aspnet-b11-nasim\src\DevSkill.Inventory.sln\DevSkill.Inventory.Web\Areas\Admin\Controllers\QuotationsController.cs:line 37
2025-06-19 22:41:31.000 +06:00 [ERR] Error loading quotations
AutoMapper.AutoMapperMappingException: Missing type map configuration or unsupported mapping.

Mapping types:
QuotationSearchModel -> QuotationSearchDto
DevSkill.Inventory.Web.Areas.Admin.Models.QuotationsModels.QuotationSearchModel -> DevSkill.Inventory.Domain.Dtos.QuotationSearchDto
   at lambda_method855(Closure, Object, QuotationSearchDto, ResolutionContext)
   at DevSkill.Inventory.Web.Areas.Admin.Controllers.QuotationsController.GetQuotationsJsonData(QuotationListModel model) in C:\Users\Nasim Reza\Desktop\Final Project\aspnet-b11-nasim\src\DevSkill.Inventory.sln\DevSkill.Inventory.Web\Areas\Admin\Controllers\QuotationsController.cs:line 37
2025-06-19 22:41:31.329 +06:00 [ERR] Error loading quotations
AutoMapper.AutoMapperMappingException: Missing type map configuration or unsupported mapping.

Mapping types:
QuotationSearchModel -> QuotationSearchDto
DevSkill.Inventory.Web.Areas.Admin.Models.QuotationsModels.QuotationSearchModel -> DevSkill.Inventory.Domain.Dtos.QuotationSearchDto
   at lambda_method855(Closure, Object, QuotationSearchDto, ResolutionContext)
   at DevSkill.Inventory.Web.Areas.Admin.Controllers.QuotationsController.GetQuotationsJsonData(QuotationListModel model) in C:\Users\Nasim Reza\Desktop\Final Project\aspnet-b11-nasim\src\DevSkill.Inventory.sln\DevSkill.Inventory.Web\Areas\Admin\Controllers\QuotationsController.cs:line 37
2025-06-19 22:41:38.394 +06:00 [ERR] Error loading service sales
Microsoft.Data.SqlClient.SqlException (0x80131904): Procedure or function 'GetServiceSales' expects parameter '@TotalCount', which was not supplied.
   at Microsoft.Data.SqlClient.SqlCommand.<>c.<ExecuteDbDataReaderAsync>b__195_0(Task`1 result)
   at System.Threading.Tasks.ContinuationResultTaskFromResultTask`2.InnerInvoke()
   at System.Threading.ExecutionContext.RunInternal(ExecutionContext executionContext, ContextCallback callback, Object state)
--- End of stack trace from previous location ---
   at System.Threading.ExecutionContext.RunInternal(ExecutionContext executionContext, ContextCallback callback, Object state)
   at System.Threading.Tasks.Task.ExecuteWithThreadLocal(Task& currentTaskSlot, Thread threadPoolThread)
--- End of stack trace from previous location ---
   at DevSkill.Inventory.Infrastructure.Utilities.SqlUtility.ExecuteQueryAsync[TReturn](DbCommand command) in C:\Users\Nasim Reza\Desktop\Final Project\aspnet-b11-nasim\src\DevSkill.Inventory.sln\DevSkill.Inventory.Infrastructure\Utilities\SqlUtility.cs:line 237
   at DevSkill.Inventory.Infrastructure.Utilities.SqlUtility.QueryWithStoredProcedureAsync[TReturn](String storedProcedureName, IDictionary`2 parameters, IDictionary`2 outParameters) in C:\Users\Nasim Reza\Desktop\Final Project\aspnet-b11-nasim\src\DevSkill.Inventory.sln\DevSkill.Inventory.Infrastructure\Utilities\SqlUtility.cs:line 100
   at DevSkill.Inventory.Infrastructure.Utilities.SqlUtility.QueryWithStoredProcedureAsync[TReturn](String storedProcedureName, IDictionary`2 parameters, IDictionary`2 outParameters) in C:\Users\Nasim Reza\Desktop\Final Project\aspnet-b11-nasim\src\DevSkill.Inventory.sln\DevSkill.Inventory.Infrastructure\Utilities\SqlUtility.cs:line 106
   at DevSkill.Inventory.Infrastructure.ApplicationUnitOfWork.GetServiceSalesSP(Int32 pageIndex, Int32 pageSize, String order, ServiceSaleSearchDto search) in C:\Users\Nasim Reza\Desktop\Final Project\aspnet-b11-nasim\src\DevSkill.Inventory.sln\DevSkill.Inventory.Infrastructure\ApplicationUnitOfWork.cs:line 215
   at DevSkill.Inventory.Application.Features.ServiceSales.Queries.GetServiceSalesSPQueryHandler.Handle(GetServiceSalesSPQuery request, CancellationToken cancellationToken) in C:\Users\Nasim Reza\Desktop\Final Project\aspnet-b11-nasim\src\DevSkill.Inventory.sln\DevSkill.Inventory.Application\Features\ServiceSales\Queries\GetServiceSalesSPQueryHandler.cs:line 24
   at DevSkill.Inventory.Web.Areas.Admin.Controllers.ServiceSalesController.GetServiceSalesJsonData(ServiceSaleListModel model) in C:\Users\Nasim Reza\Desktop\Final Project\aspnet-b11-nasim\src\DevSkill.Inventory.sln\DevSkill.Inventory.Web\Areas\Admin\Controllers\ServiceSalesController.cs:line 129
ClientConnectionId:f921f7af-010f-451d-963d-8311ea9be212
Error Number:201,State:4,Class:16
2025-06-19 22:41:38.903 +06:00 [ERR] Error loading quotations
AutoMapper.AutoMapperMappingException: Missing type map configuration or unsupported mapping.

Mapping types:
QuotationSearchModel -> QuotationSearchDto
DevSkill.Inventory.Web.Areas.Admin.Models.QuotationsModels.QuotationSearchModel -> DevSkill.Inventory.Domain.Dtos.QuotationSearchDto
   at lambda_method855(Closure, Object, QuotationSearchDto, ResolutionContext)
   at DevSkill.Inventory.Web.Areas.Admin.Controllers.QuotationsController.GetQuotationsJsonData(QuotationListModel model) in C:\Users\Nasim Reza\Desktop\Final Project\aspnet-b11-nasim\src\DevSkill.Inventory.sln\DevSkill.Inventory.Web\Areas\Admin\Controllers\QuotationsController.cs:line 37
2025-06-19 22:43:33.370 +06:00 [INF] Application Starting...17-jan
2025-06-19 22:43:33.393 +06:00 [INF] This is Nasim Reza Hridoy
2025-06-19 22:43:33.393 +06:00 [ERR] An error occurred while starting the application.
2025-06-19 22:43:33.919 +06:00 [FTL] Application crashed
Microsoft.Extensions.Hosting.HostAbortedException: The host was aborted.
   at Microsoft.Extensions.Hosting.HostFactoryResolver.HostingListener.ThrowHostAborted()
   at Microsoft.Extensions.Hosting.HostFactoryResolver.HostingListener.OnNext(KeyValuePair`2 value)
   at System.Diagnostics.DiagnosticListener.Write(String name, Object value)
   at Microsoft.Extensions.Hosting.HostBuilder.ResolveHost(IServiceProvider serviceProvider, DiagnosticListener diagnosticListener)
   at Microsoft.Extensions.Hosting.HostApplicationBuilder.Build()
   at Microsoft.AspNetCore.Builder.WebApplicationBuilder.Build()
   at Program.<Main>$(String[] args) in C:\Users\Nasim Reza\Desktop\Final Project\aspnet-b11-nasim\src\DevSkill.Inventory.sln\DevSkill.Inventory.Web\Program.cs:line 94
2025-06-19 22:44:19.161 +06:00 [INF] Application Starting...17-jan
2025-06-19 22:44:19.184 +06:00 [INF] This is Nasim Reza Hridoy
2025-06-19 22:44:19.184 +06:00 [ERR] An error occurred while starting the application.
2025-06-19 22:44:19.691 +06:00 [FTL] Application crashed
Microsoft.Extensions.Hosting.HostAbortedException: The host was aborted.
   at Microsoft.Extensions.Hosting.HostFactoryResolver.HostingListener.ThrowHostAborted()
   at Microsoft.Extensions.Hosting.HostFactoryResolver.HostingListener.OnNext(KeyValuePair`2 value)
   at System.Diagnostics.DiagnosticListener.Write(String name, Object value)
   at Microsoft.Extensions.Hosting.HostBuilder.ResolveHost(IServiceProvider serviceProvider, DiagnosticListener diagnosticListener)
   at Microsoft.Extensions.Hosting.HostApplicationBuilder.Build()
   at Microsoft.AspNetCore.Builder.WebApplicationBuilder.Build()
   at Program.<Main>$(String[] args) in C:\Users\Nasim Reza\Desktop\Final Project\aspnet-b11-nasim\src\DevSkill.Inventory.sln\DevSkill.Inventory.Web\Program.cs:line 94
2025-06-19 22:45:15.574 +06:00 [INF] Application Starting...17-jan
2025-06-19 22:45:15.597 +06:00 [INF] This is Nasim Reza Hridoy
2025-06-19 22:45:15.597 +06:00 [ERR] An error occurred while starting the application.
2025-06-19 22:45:16.122 +06:00 [FTL] Application crashed
Microsoft.Extensions.Hosting.HostAbortedException: The host was aborted.
   at Microsoft.Extensions.Hosting.HostFactoryResolver.HostingListener.ThrowHostAborted()
   at Microsoft.Extensions.Hosting.HostFactoryResolver.HostingListener.OnNext(KeyValuePair`2 value)
   at System.Diagnostics.DiagnosticListener.Write(String name, Object value)
   at Microsoft.Extensions.Hosting.HostBuilder.ResolveHost(IServiceProvider serviceProvider, DiagnosticListener diagnosticListener)
   at Microsoft.Extensions.Hosting.HostApplicationBuilder.Build()
   at Microsoft.AspNetCore.Builder.WebApplicationBuilder.Build()
   at Program.<Main>$(String[] args) in C:\Users\Nasim Reza\Desktop\Final Project\aspnet-b11-nasim\src\DevSkill.Inventory.sln\DevSkill.Inventory.Web\Program.cs:line 94
2025-06-19 22:48:59.379 +06:00 [INF] Application Starting...17-jan
2025-06-19 22:48:59.426 +06:00 [INF] This is Nasim Reza Hridoy
2025-06-19 22:48:59.426 +06:00 [ERR] An error occurred while starting the application.
2025-06-19 22:49:01.652 +06:00 [INF] This is Nasim Reza
2025-06-19 22:49:01.667 +06:00 [INF] This is a test log entry to verify database logging.
2025-06-19 22:49:09.275 +06:00 [ERR] Error loading quotations
AutoMapper.AutoMapperMappingException: Missing type map configuration or unsupported mapping.

Mapping types:
QuotationSearchModel -> QuotationSearchDto
DevSkill.Inventory.Web.Areas.Admin.Models.QuotationsModels.QuotationSearchModel -> DevSkill.Inventory.Domain.Dtos.QuotationSearchDto
   at lambda_method753(Closure, Object, QuotationSearchDto, ResolutionContext)
   at DevSkill.Inventory.Web.Areas.Admin.Controllers.QuotationsController.GetQuotationsJsonData(QuotationListModel model) in C:\Users\Nasim Reza\Desktop\Final Project\aspnet-b11-nasim\src\DevSkill.Inventory.sln\DevSkill.Inventory.Web\Areas\Admin\Controllers\QuotationsController.cs:line 37
2025-06-19 22:49:11.097 +06:00 [ERR] Error loading service sales
Microsoft.Data.SqlClient.SqlException (0x80131904): Procedure or function 'GetServiceSales' expects parameter '@TotalCount', which was not supplied.
   at Microsoft.Data.SqlClient.SqlCommand.<>c.<ExecuteDbDataReaderAsync>b__195_0(Task`1 result)
   at System.Threading.Tasks.ContinuationResultTaskFromResultTask`2.InnerInvoke()
   at System.Threading.ExecutionContext.RunInternal(ExecutionContext executionContext, ContextCallback callback, Object state)
--- End of stack trace from previous location ---
   at System.Threading.ExecutionContext.RunInternal(ExecutionContext executionContext, ContextCallback callback, Object state)
   at System.Threading.Tasks.Task.ExecuteWithThreadLocal(Task& currentTaskSlot, Thread threadPoolThread)
--- End of stack trace from previous location ---
   at DevSkill.Inventory.Infrastructure.Utilities.SqlUtility.ExecuteQueryAsync[TReturn](DbCommand command) in C:\Users\Nasim Reza\Desktop\Final Project\aspnet-b11-nasim\src\DevSkill.Inventory.sln\DevSkill.Inventory.Infrastructure\Utilities\SqlUtility.cs:line 237
   at DevSkill.Inventory.Infrastructure.Utilities.SqlUtility.QueryWithStoredProcedureAsync[TReturn](String storedProcedureName, IDictionary`2 parameters, IDictionary`2 outParameters) in C:\Users\Nasim Reza\Desktop\Final Project\aspnet-b11-nasim\src\DevSkill.Inventory.sln\DevSkill.Inventory.Infrastructure\Utilities\SqlUtility.cs:line 100
   at DevSkill.Inventory.Infrastructure.Utilities.SqlUtility.QueryWithStoredProcedureAsync[TReturn](String storedProcedureName, IDictionary`2 parameters, IDictionary`2 outParameters) in C:\Users\Nasim Reza\Desktop\Final Project\aspnet-b11-nasim\src\DevSkill.Inventory.sln\DevSkill.Inventory.Infrastructure\Utilities\SqlUtility.cs:line 106
   at DevSkill.Inventory.Infrastructure.ApplicationUnitOfWork.GetServiceSalesSP(Int32 pageIndex, Int32 pageSize, String order, ServiceSaleSearchDto search) in C:\Users\Nasim Reza\Desktop\Final Project\aspnet-b11-nasim\src\DevSkill.Inventory.sln\DevSkill.Inventory.Infrastructure\ApplicationUnitOfWork.cs:line 215
   at DevSkill.Inventory.Application.Features.ServiceSales.Queries.GetServiceSalesSPQueryHandler.Handle(GetServiceSalesSPQuery request, CancellationToken cancellationToken) in C:\Users\Nasim Reza\Desktop\Final Project\aspnet-b11-nasim\src\DevSkill.Inventory.sln\DevSkill.Inventory.Application\Features\ServiceSales\Queries\GetServiceSalesSPQueryHandler.cs:line 24
   at DevSkill.Inventory.Web.Areas.Admin.Controllers.ServiceSalesController.GetServiceSalesJsonData(ServiceSaleListModel model) in C:\Users\Nasim Reza\Desktop\Final Project\aspnet-b11-nasim\src\DevSkill.Inventory.sln\DevSkill.Inventory.Web\Areas\Admin\Controllers\ServiceSalesController.cs:line 129
ClientConnectionId:f5387b9e-dd2b-4219-ab34-2f5073881678
Error Number:201,State:4,Class:16
2025-06-19 22:49:13.710 +06:00 [ERR] Error loading service sales
Microsoft.Data.SqlClient.SqlException (0x80131904): Procedure or function 'GetServiceSales' expects parameter '@TotalCount', which was not supplied.
   at Microsoft.Data.SqlClient.SqlCommand.<>c.<ExecuteDbDataReaderAsync>b__195_0(Task`1 result)
   at System.Threading.Tasks.ContinuationResultTaskFromResultTask`2.InnerInvoke()
   at System.Threading.ExecutionContext.RunInternal(ExecutionContext executionContext, ContextCallback callback, Object state)
--- End of stack trace from previous location ---
   at System.Threading.ExecutionContext.RunInternal(ExecutionContext executionContext, ContextCallback callback, Object state)
   at System.Threading.Tasks.Task.ExecuteWithThreadLocal(Task& currentTaskSlot, Thread threadPoolThread)
--- End of stack trace from previous location ---
   at DevSkill.Inventory.Infrastructure.Utilities.SqlUtility.ExecuteQueryAsync[TReturn](DbCommand command) in C:\Users\Nasim Reza\Desktop\Final Project\aspnet-b11-nasim\src\DevSkill.Inventory.sln\DevSkill.Inventory.Infrastructure\Utilities\SqlUtility.cs:line 237
   at DevSkill.Inventory.Infrastructure.Utilities.SqlUtility.QueryWithStoredProcedureAsync[TReturn](String storedProcedureName, IDictionary`2 parameters, IDictionary`2 outParameters) in C:\Users\Nasim Reza\Desktop\Final Project\aspnet-b11-nasim\src\DevSkill.Inventory.sln\DevSkill.Inventory.Infrastructure\Utilities\SqlUtility.cs:line 100
   at DevSkill.Inventory.Infrastructure.Utilities.SqlUtility.QueryWithStoredProcedureAsync[TReturn](String storedProcedureName, IDictionary`2 parameters, IDictionary`2 outParameters) in C:\Users\Nasim Reza\Desktop\Final Project\aspnet-b11-nasim\src\DevSkill.Inventory.sln\DevSkill.Inventory.Infrastructure\Utilities\SqlUtility.cs:line 106
   at DevSkill.Inventory.Infrastructure.ApplicationUnitOfWork.GetServiceSalesSP(Int32 pageIndex, Int32 pageSize, String order, ServiceSaleSearchDto search) in C:\Users\Nasim Reza\Desktop\Final Project\aspnet-b11-nasim\src\DevSkill.Inventory.sln\DevSkill.Inventory.Infrastructure\ApplicationUnitOfWork.cs:line 215
   at DevSkill.Inventory.Application.Features.ServiceSales.Queries.GetServiceSalesSPQueryHandler.Handle(GetServiceSalesSPQuery request, CancellationToken cancellationToken) in C:\Users\Nasim Reza\Desktop\Final Project\aspnet-b11-nasim\src\DevSkill.Inventory.sln\DevSkill.Inventory.Application\Features\ServiceSales\Queries\GetServiceSalesSPQueryHandler.cs:line 24
   at DevSkill.Inventory.Web.Areas.Admin.Controllers.ServiceSalesController.GetServiceSalesJsonData(ServiceSaleListModel model) in C:\Users\Nasim Reza\Desktop\Final Project\aspnet-b11-nasim\src\DevSkill.Inventory.sln\DevSkill.Inventory.Web\Areas\Admin\Controllers\ServiceSalesController.cs:line 129
ClientConnectionId:f5387b9e-dd2b-4219-ab34-2f5073881678
Error Number:201,State:4,Class:16
2025-06-19 22:49:14.757 +06:00 [ERR] Error loading service data
AutoMapper.AutoMapperMappingException: Missing type map configuration or unsupported mapping.

Mapping types:
ServiceSearchModel -> ServiceSearchDto
DevSkill.Inventory.Web.Areas.Admin.Models.ServicesModels.ServiceSearchModel -> DevSkill.Inventory.Domain.Dtos.ServiceSearchDto
   at lambda_method801(Closure, Object, ServiceSearchDto, ResolutionContext)
   at DevSkill.Inventory.Web.Areas.Admin.Controllers.ServicesController.GetServicesJsonData(ServiceListModel model) in C:\Users\Nasim Reza\Desktop\Final Project\aspnet-b11-nasim\src\DevSkill.Inventory.sln\DevSkill.Inventory.Web\Areas\Admin\Controllers\ServicesController.cs:line 36
2025-06-19 22:49:16.003 +06:00 [ERR] Error loading service sales
Microsoft.Data.SqlClient.SqlException (0x80131904): Procedure or function 'GetServiceSales' expects parameter '@TotalCount', which was not supplied.
   at Microsoft.Data.SqlClient.SqlCommand.<>c.<ExecuteDbDataReaderAsync>b__195_0(Task`1 result)
   at System.Threading.Tasks.ContinuationResultTaskFromResultTask`2.InnerInvoke()
   at System.Threading.ExecutionContext.RunInternal(ExecutionContext executionContext, ContextCallback callback, Object state)
--- End of stack trace from previous location ---
   at System.Threading.ExecutionContext.RunInternal(ExecutionContext executionContext, ContextCallback callback, Object state)
   at System.Threading.Tasks.Task.ExecuteWithThreadLocal(Task& currentTaskSlot, Thread threadPoolThread)
--- End of stack trace from previous location ---
   at DevSkill.Inventory.Infrastructure.Utilities.SqlUtility.ExecuteQueryAsync[TReturn](DbCommand command) in C:\Users\Nasim Reza\Desktop\Final Project\aspnet-b11-nasim\src\DevSkill.Inventory.sln\DevSkill.Inventory.Infrastructure\Utilities\SqlUtility.cs:line 237
   at DevSkill.Inventory.Infrastructure.Utilities.SqlUtility.QueryWithStoredProcedureAsync[TReturn](String storedProcedureName, IDictionary`2 parameters, IDictionary`2 outParameters) in C:\Users\Nasim Reza\Desktop\Final Project\aspnet-b11-nasim\src\DevSkill.Inventory.sln\DevSkill.Inventory.Infrastructure\Utilities\SqlUtility.cs:line 100
   at DevSkill.Inventory.Infrastructure.Utilities.SqlUtility.QueryWithStoredProcedureAsync[TReturn](String storedProcedureName, IDictionary`2 parameters, IDictionary`2 outParameters) in C:\Users\Nasim Reza\Desktop\Final Project\aspnet-b11-nasim\src\DevSkill.Inventory.sln\DevSkill.Inventory.Infrastructure\Utilities\SqlUtility.cs:line 106
   at DevSkill.Inventory.Infrastructure.ApplicationUnitOfWork.GetServiceSalesSP(Int32 pageIndex, Int32 pageSize, String order, ServiceSaleSearchDto search) in C:\Users\Nasim Reza\Desktop\Final Project\aspnet-b11-nasim\src\DevSkill.Inventory.sln\DevSkill.Inventory.Infrastructure\ApplicationUnitOfWork.cs:line 215
   at DevSkill.Inventory.Application.Features.ServiceSales.Queries.GetServiceSalesSPQueryHandler.Handle(GetServiceSalesSPQuery request, CancellationToken cancellationToken) in C:\Users\Nasim Reza\Desktop\Final Project\aspnet-b11-nasim\src\DevSkill.Inventory.sln\DevSkill.Inventory.Application\Features\ServiceSales\Queries\GetServiceSalesSPQueryHandler.cs:line 24
   at DevSkill.Inventory.Web.Areas.Admin.Controllers.ServiceSalesController.GetServiceSalesJsonData(ServiceSaleListModel model) in C:\Users\Nasim Reza\Desktop\Final Project\aspnet-b11-nasim\src\DevSkill.Inventory.sln\DevSkill.Inventory.Web\Areas\Admin\Controllers\ServiceSalesController.cs:line 129
ClientConnectionId:f5387b9e-dd2b-4219-ab34-2f5073881678
Error Number:201,State:4,Class:16
2025-06-19 22:53:15.829 +06:00 [ERR] Error loading service sales
Microsoft.Data.SqlClient.SqlException (0x80131904): Procedure or function 'GetServiceSales' expects parameter '@TotalCount', which was not supplied.
   at Microsoft.Data.SqlClient.SqlCommand.<>c.<ExecuteDbDataReaderAsync>b__195_0(Task`1 result)
   at System.Threading.Tasks.ContinuationResultTaskFromResultTask`2.InnerInvoke()
   at System.Threading.ExecutionContext.RunInternal(ExecutionContext executionContext, ContextCallback callback, Object state)
--- End of stack trace from previous location ---
   at System.Threading.ExecutionContext.RunInternal(ExecutionContext executionContext, ContextCallback callback, Object state)
   at System.Threading.Tasks.Task.ExecuteWithThreadLocal(Task& currentTaskSlot, Thread threadPoolThread)
--- End of stack trace from previous location ---
   at DevSkill.Inventory.Infrastructure.Utilities.SqlUtility.ExecuteQueryAsync[TReturn](DbCommand command) in C:\Users\Nasim Reza\Desktop\Final Project\aspnet-b11-nasim\src\DevSkill.Inventory.sln\DevSkill.Inventory.Infrastructure\Utilities\SqlUtility.cs:line 237
   at DevSkill.Inventory.Infrastructure.Utilities.SqlUtility.QueryWithStoredProcedureAsync[TReturn](String storedProcedureName, IDictionary`2 parameters, IDictionary`2 outParameters) in C:\Users\Nasim Reza\Desktop\Final Project\aspnet-b11-nasim\src\DevSkill.Inventory.sln\DevSkill.Inventory.Infrastructure\Utilities\SqlUtility.cs:line 100
   at DevSkill.Inventory.Infrastructure.Utilities.SqlUtility.QueryWithStoredProcedureAsync[TReturn](String storedProcedureName, IDictionary`2 parameters, IDictionary`2 outParameters) in C:\Users\Nasim Reza\Desktop\Final Project\aspnet-b11-nasim\src\DevSkill.Inventory.sln\DevSkill.Inventory.Infrastructure\Utilities\SqlUtility.cs:line 106
   at DevSkill.Inventory.Infrastructure.ApplicationUnitOfWork.GetServiceSalesSP(Int32 pageIndex, Int32 pageSize, String order, ServiceSaleSearchDto search) in C:\Users\Nasim Reza\Desktop\Final Project\aspnet-b11-nasim\src\DevSkill.Inventory.sln\DevSkill.Inventory.Infrastructure\ApplicationUnitOfWork.cs:line 215
   at DevSkill.Inventory.Application.Features.ServiceSales.Queries.GetServiceSalesSPQueryHandler.Handle(GetServiceSalesSPQuery request, CancellationToken cancellationToken) in C:\Users\Nasim Reza\Desktop\Final Project\aspnet-b11-nasim\src\DevSkill.Inventory.sln\DevSkill.Inventory.Application\Features\ServiceSales\Queries\GetServiceSalesSPQueryHandler.cs:line 24
   at DevSkill.Inventory.Web.Areas.Admin.Controllers.ServiceSalesController.GetServiceSalesJsonData(ServiceSaleListModel model)
ClientConnectionId:f5387b9e-dd2b-4219-ab34-2f5073881678
Error Number:201,State:4,Class:16
2025-06-19 22:53:18.256 +06:00 [ERR] Error loading service sales
Microsoft.Data.SqlClient.SqlException (0x80131904): Procedure or function 'GetServiceSales' expects parameter '@TotalCount', which was not supplied.
   at Microsoft.Data.SqlClient.SqlCommand.<>c.<ExecuteDbDataReaderAsync>b__195_0(Task`1 result)
   at System.Threading.Tasks.ContinuationResultTaskFromResultTask`2.InnerInvoke()
   at System.Threading.ExecutionContext.RunInternal(ExecutionContext executionContext, ContextCallback callback, Object state)
--- End of stack trace from previous location ---
   at System.Threading.ExecutionContext.RunInternal(ExecutionContext executionContext, ContextCallback callback, Object state)
   at System.Threading.Tasks.Task.ExecuteWithThreadLocal(Task& currentTaskSlot, Thread threadPoolThread)
--- End of stack trace from previous location ---
   at DevSkill.Inventory.Infrastructure.Utilities.SqlUtility.ExecuteQueryAsync[TReturn](DbCommand command) in C:\Users\Nasim Reza\Desktop\Final Project\aspnet-b11-nasim\src\DevSkill.Inventory.sln\DevSkill.Inventory.Infrastructure\Utilities\SqlUtility.cs:line 237
   at DevSkill.Inventory.Infrastructure.Utilities.SqlUtility.QueryWithStoredProcedureAsync[TReturn](String storedProcedureName, IDictionary`2 parameters, IDictionary`2 outParameters) in C:\Users\Nasim Reza\Desktop\Final Project\aspnet-b11-nasim\src\DevSkill.Inventory.sln\DevSkill.Inventory.Infrastructure\Utilities\SqlUtility.cs:line 100
   at DevSkill.Inventory.Infrastructure.Utilities.SqlUtility.QueryWithStoredProcedureAsync[TReturn](String storedProcedureName, IDictionary`2 parameters, IDictionary`2 outParameters) in C:\Users\Nasim Reza\Desktop\Final Project\aspnet-b11-nasim\src\DevSkill.Inventory.sln\DevSkill.Inventory.Infrastructure\Utilities\SqlUtility.cs:line 106
   at DevSkill.Inventory.Infrastructure.ApplicationUnitOfWork.GetServiceSalesSP(Int32 pageIndex, Int32 pageSize, String order, ServiceSaleSearchDto search) in C:\Users\Nasim Reza\Desktop\Final Project\aspnet-b11-nasim\src\DevSkill.Inventory.sln\DevSkill.Inventory.Infrastructure\ApplicationUnitOfWork.cs:line 215
   at DevSkill.Inventory.Application.Features.ServiceSales.Queries.GetServiceSalesSPQueryHandler.Handle(GetServiceSalesSPQuery request, CancellationToken cancellationToken) in C:\Users\Nasim Reza\Desktop\Final Project\aspnet-b11-nasim\src\DevSkill.Inventory.sln\DevSkill.Inventory.Application\Features\ServiceSales\Queries\GetServiceSalesSPQueryHandler.cs:line 24
   at DevSkill.Inventory.Web.Areas.Admin.Controllers.ServiceSalesController.GetServiceSalesJsonData(ServiceSaleListModel model)
ClientConnectionId:f5387b9e-dd2b-4219-ab34-2f5073881678
Error Number:201,State:4,Class:16
2025-06-19 22:53:18.977 +06:00 [ERR] Error loading quotations
AutoMapper.AutoMapperMappingException: Missing type map configuration or unsupported mapping.

Mapping types:
QuotationSearchModel -> QuotationSearchDto
DevSkill.Inventory.Web.Areas.Admin.Models.QuotationsModels.QuotationSearchModel -> DevSkill.Inventory.Domain.Dtos.QuotationSearchDto
   at lambda_method753(Closure, Object, QuotationSearchDto, ResolutionContext)
   at DevSkill.Inventory.Web.Areas.Admin.Controllers.QuotationsController.GetQuotationsJsonData(QuotationListModel model)
2025-06-19 22:53:20.336 +06:00 [ERR] Error loading service sales
Microsoft.Data.SqlClient.SqlException (0x80131904): Procedure or function 'GetServiceSales' expects parameter '@TotalCount', which was not supplied.
   at Microsoft.Data.SqlClient.SqlCommand.<>c.<ExecuteDbDataReaderAsync>b__195_0(Task`1 result)
   at System.Threading.Tasks.ContinuationResultTaskFromResultTask`2.InnerInvoke()
   at System.Threading.ExecutionContext.RunInternal(ExecutionContext executionContext, ContextCallback callback, Object state)
--- End of stack trace from previous location ---
   at System.Threading.ExecutionContext.RunInternal(ExecutionContext executionContext, ContextCallback callback, Object state)
   at System.Threading.Tasks.Task.ExecuteWithThreadLocal(Task& currentTaskSlot, Thread threadPoolThread)
--- End of stack trace from previous location ---
   at DevSkill.Inventory.Infrastructure.Utilities.SqlUtility.ExecuteQueryAsync[TReturn](DbCommand command) in C:\Users\Nasim Reza\Desktop\Final Project\aspnet-b11-nasim\src\DevSkill.Inventory.sln\DevSkill.Inventory.Infrastructure\Utilities\SqlUtility.cs:line 237
   at DevSkill.Inventory.Infrastructure.Utilities.SqlUtility.QueryWithStoredProcedureAsync[TReturn](String storedProcedureName, IDictionary`2 parameters, IDictionary`2 outParameters) in C:\Users\Nasim Reza\Desktop\Final Project\aspnet-b11-nasim\src\DevSkill.Inventory.sln\DevSkill.Inventory.Infrastructure\Utilities\SqlUtility.cs:line 100
   at DevSkill.Inventory.Infrastructure.Utilities.SqlUtility.QueryWithStoredProcedureAsync[TReturn](String storedProcedureName, IDictionary`2 parameters, IDictionary`2 outParameters) in C:\Users\Nasim Reza\Desktop\Final Project\aspnet-b11-nasim\src\DevSkill.Inventory.sln\DevSkill.Inventory.Infrastructure\Utilities\SqlUtility.cs:line 106
   at DevSkill.Inventory.Infrastructure.ApplicationUnitOfWork.GetServiceSalesSP(Int32 pageIndex, Int32 pageSize, String order, ServiceSaleSearchDto search) in C:\Users\Nasim Reza\Desktop\Final Project\aspnet-b11-nasim\src\DevSkill.Inventory.sln\DevSkill.Inventory.Infrastructure\ApplicationUnitOfWork.cs:line 215
   at DevSkill.Inventory.Application.Features.ServiceSales.Queries.GetServiceSalesSPQueryHandler.Handle(GetServiceSalesSPQuery request, CancellationToken cancellationToken) in C:\Users\Nasim Reza\Desktop\Final Project\aspnet-b11-nasim\src\DevSkill.Inventory.sln\DevSkill.Inventory.Application\Features\ServiceSales\Queries\GetServiceSalesSPQueryHandler.cs:line 24
   at DevSkill.Inventory.Web.Areas.Admin.Controllers.ServiceSalesController.GetServiceSalesJsonData(ServiceSaleListModel model)
ClientConnectionId:f5387b9e-dd2b-4219-ab34-2f5073881678
Error Number:201,State:4,Class:16
2025-06-19 22:53:21.154 +06:00 [ERR] Error loading quotations
AutoMapper.AutoMapperMappingException: Missing type map configuration or unsupported mapping.

Mapping types:
QuotationSearchModel -> QuotationSearchDto
DevSkill.Inventory.Web.Areas.Admin.Models.QuotationsModels.QuotationSearchModel -> DevSkill.Inventory.Domain.Dtos.QuotationSearchDto
   at lambda_method753(Closure, Object, QuotationSearchDto, ResolutionContext)
   at DevSkill.Inventory.Web.Areas.Admin.Controllers.QuotationsController.GetQuotationsJsonData(QuotationListModel model)
2025-06-19 23:20:34.558 +06:00 [INF] Application Starting...17-jan
2025-06-19 23:20:34.596 +06:00 [INF] This is Nasim Reza Hridoy
2025-06-19 23:20:34.596 +06:00 [ERR] An error occurred while starting the application.
2025-06-19 23:20:37.582 +06:00 [INF] This is Nasim Reza
2025-06-19 23:20:37.599 +06:00 [INF] This is a test log entry to verify database logging.
2025-06-19 23:20:45.987 +06:00 [ERR] Error loading service data
AutoMapper.AutoMapperMappingException: Missing type map configuration or unsupported mapping.

Mapping types:
ServiceSearchModel -> ServiceSearchDto
DevSkill.Inventory.Web.Areas.Admin.Models.ServicesModels.ServiceSearchModel -> DevSkill.Inventory.Domain.Dtos.ServiceSearchDto
   at lambda_method754(Closure, Object, ServiceSearchDto, ResolutionContext)
   at DevSkill.Inventory.Web.Areas.Admin.Controllers.ServicesController.GetServicesJsonData(ServiceListModel model) in C:\Users\Nasim Reza\Desktop\Final Project\aspnet-b11-nasim\src\DevSkill.Inventory.sln\DevSkill.Inventory.Web\Areas\Admin\Controllers\ServicesController.cs:line 36
2025-06-19 23:20:47.348 +06:00 [ERR] Error loading service sales
Microsoft.Data.SqlClient.SqlException (0x80131904): Procedure or function 'GetServiceSales' expects parameter '@TotalCount', which was not supplied.
   at Microsoft.Data.SqlClient.SqlCommand.<>c.<ExecuteDbDataReaderAsync>b__195_0(Task`1 result)
   at System.Threading.Tasks.ContinuationResultTaskFromResultTask`2.InnerInvoke()
   at System.Threading.ExecutionContext.RunInternal(ExecutionContext executionContext, ContextCallback callback, Object state)
--- End of stack trace from previous location ---
   at System.Threading.ExecutionContext.RunInternal(ExecutionContext executionContext, ContextCallback callback, Object state)
   at System.Threading.Tasks.Task.ExecuteWithThreadLocal(Task& currentTaskSlot, Thread threadPoolThread)
--- End of stack trace from previous location ---
   at DevSkill.Inventory.Infrastructure.Utilities.SqlUtility.ExecuteQueryAsync[TReturn](DbCommand command) in C:\Users\Nasim Reza\Desktop\Final Project\aspnet-b11-nasim\src\DevSkill.Inventory.sln\DevSkill.Inventory.Infrastructure\Utilities\SqlUtility.cs:line 237
   at DevSkill.Inventory.Infrastructure.Utilities.SqlUtility.QueryWithStoredProcedureAsync[TReturn](String storedProcedureName, IDictionary`2 parameters, IDictionary`2 outParameters) in C:\Users\Nasim Reza\Desktop\Final Project\aspnet-b11-nasim\src\DevSkill.Inventory.sln\DevSkill.Inventory.Infrastructure\Utilities\SqlUtility.cs:line 100
   at DevSkill.Inventory.Infrastructure.Utilities.SqlUtility.QueryWithStoredProcedureAsync[TReturn](String storedProcedureName, IDictionary`2 parameters, IDictionary`2 outParameters) in C:\Users\Nasim Reza\Desktop\Final Project\aspnet-b11-nasim\src\DevSkill.Inventory.sln\DevSkill.Inventory.Infrastructure\Utilities\SqlUtility.cs:line 106
   at DevSkill.Inventory.Infrastructure.ApplicationUnitOfWork.GetServiceSalesSP(Int32 pageIndex, Int32 pageSize, String order, ServiceSaleSearchDto search) in C:\Users\Nasim Reza\Desktop\Final Project\aspnet-b11-nasim\src\DevSkill.Inventory.sln\DevSkill.Inventory.Infrastructure\ApplicationUnitOfWork.cs:line 215
   at DevSkill.Inventory.Application.Features.ServiceSales.Queries.GetServiceSalesSPQueryHandler.Handle(GetServiceSalesSPQuery request, CancellationToken cancellationToken) in C:\Users\Nasim Reza\Desktop\Final Project\aspnet-b11-nasim\src\DevSkill.Inventory.sln\DevSkill.Inventory.Application\Features\ServiceSales\Queries\GetServiceSalesSPQueryHandler.cs:line 25
   at DevSkill.Inventory.Web.Areas.Admin.Controllers.ServiceSalesController.GetServiceSalesJsonData(ServiceSaleListModel model) in C:\Users\Nasim Reza\Desktop\Final Project\aspnet-b11-nasim\src\DevSkill.Inventory.sln\DevSkill.Inventory.Web\Areas\Admin\Controllers\ServiceSalesController.cs:line 129
ClientConnectionId:66e1a44e-902c-420b-89aa-a96538098b83
Error Number:201,State:4,Class:16
2025-06-19 23:20:49.310 +06:00 [ERR] Error loading sales return data
Microsoft.Data.SqlClient.SqlException (0x80131904): Could not find stored procedure 'GetSalesReturns'.
   at Microsoft.Data.SqlClient.SqlCommand.<>c.<ExecuteDbDataReaderAsync>b__195_0(Task`1 result)
   at System.Threading.Tasks.ContinuationResultTaskFromResultTask`2.InnerInvoke()
   at System.Threading.ExecutionContext.RunInternal(ExecutionContext executionContext, ContextCallback callback, Object state)
--- End of stack trace from previous location ---
   at System.Threading.ExecutionContext.RunInternal(ExecutionContext executionContext, ContextCallback callback, Object state)
   at System.Threading.Tasks.Task.ExecuteWithThreadLocal(Task& currentTaskSlot, Thread threadPoolThread)
--- End of stack trace from previous location ---
   at DevSkill.Inventory.Infrastructure.Utilities.SqlUtility.ExecuteQueryAsync[TReturn](DbCommand command) in C:\Users\Nasim Reza\Desktop\Final Project\aspnet-b11-nasim\src\DevSkill.Inventory.sln\DevSkill.Inventory.Infrastructure\Utilities\SqlUtility.cs:line 237
   at DevSkill.Inventory.Infrastructure.Utilities.SqlUtility.QueryWithStoredProcedureAsync[TReturn](String storedProcedureName, IDictionary`2 parameters, IDictionary`2 outParameters) in C:\Users\Nasim Reza\Desktop\Final Project\aspnet-b11-nasim\src\DevSkill.Inventory.sln\DevSkill.Inventory.Infrastructure\Utilities\SqlUtility.cs:line 100
   at DevSkill.Inventory.Infrastructure.Utilities.SqlUtility.QueryWithStoredProcedureAsync[TReturn](String storedProcedureName, IDictionary`2 parameters, IDictionary`2 outParameters) in C:\Users\Nasim Reza\Desktop\Final Project\aspnet-b11-nasim\src\DevSkill.Inventory.sln\DevSkill.Inventory.Infrastructure\Utilities\SqlUtility.cs:line 106
   at DevSkill.Inventory.Infrastructure.ApplicationUnitOfWork.GetSalesReturnsSP(Int32 pageIndex, Int32 pageSize, String order, SalesReturnSearchDto search) in C:\Users\Nasim Reza\Desktop\Final Project\aspnet-b11-nasim\src\DevSkill.Inventory.sln\DevSkill.Inventory.Infrastructure\ApplicationUnitOfWork.cs:line 138
   at DevSkill.Inventory.Application.Features.SalesReturns.Queries.GetSalesReturnsSPQueryHandler.Handle(GetSalesReturnsSPQuery request, CancellationToken cancellationToken) in C:\Users\Nasim Reza\Desktop\Final Project\aspnet-b11-nasim\src\DevSkill.Inventory.sln\DevSkill.Inventory.Application\Features\SalesReturns\Queries\GetSalesReturnsQueryHandler.cs:line 23
   at DevSkill.Inventory.Web.Areas.Admin.Controllers.SalesController.GetSalesReturnsJsonData(SalesReturnListModel model) in C:\Users\Nasim Reza\Desktop\Final Project\aspnet-b11-nasim\src\DevSkill.Inventory.sln\DevSkill.Inventory.Web\Areas\Admin\Controllers\SalesController.cs:line 99
ClientConnectionId:66e1a44e-902c-420b-89aa-a96538098b83
Error Number:2812,State:62,Class:16
2025-06-19 23:20:50.561 +06:00 [ERR] Error loading purchase returns
Microsoft.Data.SqlClient.SqlException (0x80131904): Could not find stored procedure 'GetPurchaseReturns'.
   at Microsoft.Data.SqlClient.SqlCommand.<>c.<ExecuteDbDataReaderAsync>b__195_0(Task`1 result)
   at System.Threading.Tasks.ContinuationResultTaskFromResultTask`2.InnerInvoke()
   at System.Threading.ExecutionContext.RunInternal(ExecutionContext executionContext, ContextCallback callback, Object state)
--- End of stack trace from previous location ---
   at System.Threading.ExecutionContext.RunInternal(ExecutionContext executionContext, ContextCallback callback, Object state)
   at System.Threading.Tasks.Task.ExecuteWithThreadLocal(Task& currentTaskSlot, Thread threadPoolThread)
--- End of stack trace from previous location ---
   at DevSkill.Inventory.Infrastructure.Utilities.SqlUtility.ExecuteQueryAsync[TReturn](DbCommand command) in C:\Users\Nasim Reza\Desktop\Final Project\aspnet-b11-nasim\src\DevSkill.Inventory.sln\DevSkill.Inventory.Infrastructure\Utilities\SqlUtility.cs:line 237
   at DevSkill.Inventory.Infrastructure.Utilities.SqlUtility.QueryWithStoredProcedureAsync[TReturn](String storedProcedureName, IDictionary`2 parameters, IDictionary`2 outParameters) in C:\Users\Nasim Reza\Desktop\Final Project\aspnet-b11-nasim\src\DevSkill.Inventory.sln\DevSkill.Inventory.Infrastructure\Utilities\SqlUtility.cs:line 100
   at DevSkill.Inventory.Infrastructure.Utilities.SqlUtility.QueryWithStoredProcedureAsync[TReturn](String storedProcedureName, IDictionary`2 parameters, IDictionary`2 outParameters) in C:\Users\Nasim Reza\Desktop\Final Project\aspnet-b11-nasim\src\DevSkill.Inventory.sln\DevSkill.Inventory.Infrastructure\Utilities\SqlUtility.cs:line 106
   at DevSkill.Inventory.Infrastructure.ApplicationUnitOfWork.GetPurchaseReturnsSP(Int32 pageIndex, Int32 pageSize, String order, PurchaseReturnSearchDto search) in C:\Users\Nasim Reza\Desktop\Final Project\aspnet-b11-nasim\src\DevSkill.Inventory.sln\DevSkill.Inventory.Infrastructure\ApplicationUnitOfWork.cs:line 167
   at DevSkill.Inventory.Application.Features.PurchaseReturns.Queries.GetPurchaseReturnsSPQueryHandler.Handle(GetPurchaseReturnsSPQuery request, CancellationToken cancellationToken) in C:\Users\Nasim Reza\Desktop\Final Project\aspnet-b11-nasim\src\DevSkill.Inventory.sln\DevSkill.Inventory.Application\Features\PurchaseReturns\Queries\GetPurchaseReturnsSPQueryHandler.cs:line 23
   at DevSkill.Inventory.Web.Areas.Admin.Controllers.PurchasesController.GetPurchaseReturnsJsonData(PurchaseReturnListModel model) in C:\Users\Nasim Reza\Desktop\Final Project\aspnet-b11-nasim\src\DevSkill.Inventory.sln\DevSkill.Inventory.Web\Areas\Admin\Controllers\PurchasesController.cs:line 103
ClientConnectionId:66e1a44e-902c-420b-89aa-a96538098b83
Error Number:2812,State:62,Class:16
2025-06-19 23:20:51.367 +06:00 [ERR] Error loading service data
AutoMapper.AutoMapperMappingException: Missing type map configuration or unsupported mapping.

Mapping types:
ServiceSearchModel -> ServiceSearchDto
DevSkill.Inventory.Web.Areas.Admin.Models.ServicesModels.ServiceSearchModel -> DevSkill.Inventory.Domain.Dtos.ServiceSearchDto
   at lambda_method754(Closure, Object, ServiceSearchDto, ResolutionContext)
   at DevSkill.Inventory.Web.Areas.Admin.Controllers.ServicesController.GetServicesJsonData(ServiceListModel model) in C:\Users\Nasim Reza\Desktop\Final Project\aspnet-b11-nasim\src\DevSkill.Inventory.sln\DevSkill.Inventory.Web\Areas\Admin\Controllers\ServicesController.cs:line 36
2025-06-19 23:20:54.502 +06:00 [ERR] Error loading purchase returns
Microsoft.Data.SqlClient.SqlException (0x80131904): Could not find stored procedure 'GetPurchaseReturns'.
   at Microsoft.Data.SqlClient.SqlCommand.<>c.<ExecuteDbDataReaderAsync>b__195_0(Task`1 result)
   at System.Threading.Tasks.ContinuationResultTaskFromResultTask`2.InnerInvoke()
   at System.Threading.ExecutionContext.RunInternal(ExecutionContext executionContext, ContextCallback callback, Object state)
--- End of stack trace from previous location ---
   at System.Threading.ExecutionContext.RunInternal(ExecutionContext executionContext, ContextCallback callback, Object state)
   at System.Threading.Tasks.Task.ExecuteWithThreadLocal(Task& currentTaskSlot, Thread threadPoolThread)
--- End of stack trace from previous location ---
   at DevSkill.Inventory.Infrastructure.Utilities.SqlUtility.ExecuteQueryAsync[TReturn](DbCommand command) in C:\Users\Nasim Reza\Desktop\Final Project\aspnet-b11-nasim\src\DevSkill.Inventory.sln\DevSkill.Inventory.Infrastructure\Utilities\SqlUtility.cs:line 237
   at DevSkill.Inventory.Infrastructure.Utilities.SqlUtility.QueryWithStoredProcedureAsync[TReturn](String storedProcedureName, IDictionary`2 parameters, IDictionary`2 outParameters) in C:\Users\Nasim Reza\Desktop\Final Project\aspnet-b11-nasim\src\DevSkill.Inventory.sln\DevSkill.Inventory.Infrastructure\Utilities\SqlUtility.cs:line 100
   at DevSkill.Inventory.Infrastructure.Utilities.SqlUtility.QueryWithStoredProcedureAsync[TReturn](String storedProcedureName, IDictionary`2 parameters, IDictionary`2 outParameters) in C:\Users\Nasim Reza\Desktop\Final Project\aspnet-b11-nasim\src\DevSkill.Inventory.sln\DevSkill.Inventory.Infrastructure\Utilities\SqlUtility.cs:line 106
   at DevSkill.Inventory.Infrastructure.ApplicationUnitOfWork.GetPurchaseReturnsSP(Int32 pageIndex, Int32 pageSize, String order, PurchaseReturnSearchDto search) in C:\Users\Nasim Reza\Desktop\Final Project\aspnet-b11-nasim\src\DevSkill.Inventory.sln\DevSkill.Inventory.Infrastructure\ApplicationUnitOfWork.cs:line 167
   at DevSkill.Inventory.Application.Features.PurchaseReturns.Queries.GetPurchaseReturnsSPQueryHandler.Handle(GetPurchaseReturnsSPQuery request, CancellationToken cancellationToken) in C:\Users\Nasim Reza\Desktop\Final Project\aspnet-b11-nasim\src\DevSkill.Inventory.sln\DevSkill.Inventory.Application\Features\PurchaseReturns\Queries\GetPurchaseReturnsSPQueryHandler.cs:line 23
   at DevSkill.Inventory.Web.Areas.Admin.Controllers.PurchasesController.GetPurchaseReturnsJsonData(PurchaseReturnListModel model) in C:\Users\Nasim Reza\Desktop\Final Project\aspnet-b11-nasim\src\DevSkill.Inventory.sln\DevSkill.Inventory.Web\Areas\Admin\Controllers\PurchasesController.cs:line 103
ClientConnectionId:66e1a44e-902c-420b-89aa-a96538098b83
Error Number:2812,State:62,Class:16
2025-06-19 23:20:55.091 +06:00 [ERR] Error loading service data
AutoMapper.AutoMapperMappingException: Missing type map configuration or unsupported mapping.

Mapping types:
ServiceSearchModel -> ServiceSearchDto
DevSkill.Inventory.Web.Areas.Admin.Models.ServicesModels.ServiceSearchModel -> DevSkill.Inventory.Domain.Dtos.ServiceSearchDto
   at lambda_method754(Closure, Object, ServiceSearchDto, ResolutionContext)
   at DevSkill.Inventory.Web.Areas.Admin.Controllers.ServicesController.GetServicesJsonData(ServiceListModel model) in C:\Users\Nasim Reza\Desktop\Final Project\aspnet-b11-nasim\src\DevSkill.Inventory.sln\DevSkill.Inventory.Web\Areas\Admin\Controllers\ServicesController.cs:line 36
2025-06-19 23:25:24.007 +06:00 [ERR] Error loading service data
AutoMapper.AutoMapperMappingException: Missing type map configuration or unsupported mapping.

Mapping types:
ServiceSearchModel -> ServiceSearchDto
DevSkill.Inventory.Web.Areas.Admin.Models.ServicesModels.ServiceSearchModel -> DevSkill.Inventory.Domain.Dtos.ServiceSearchDto
   at lambda_method754(Closure, Object, ServiceSearchDto, ResolutionContext)
   at DevSkill.Inventory.Web.Areas.Admin.Controllers.ServicesController.GetServicesJsonData(ServiceListModel model) in C:\Users\Nasim Reza\Desktop\Final Project\aspnet-b11-nasim\src\DevSkill.Inventory.sln\DevSkill.Inventory.Web\Areas\Admin\Controllers\ServicesController.cs:line 36
2025-06-19 23:25:24.318 +06:00 [ERR] Error loading service data
AutoMapper.AutoMapperMappingException: Missing type map configuration or unsupported mapping.

Mapping types:
ServiceSearchModel -> ServiceSearchDto
DevSkill.Inventory.Web.Areas.Admin.Models.ServicesModels.ServiceSearchModel -> DevSkill.Inventory.Domain.Dtos.ServiceSearchDto
   at lambda_method754(Closure, Object, ServiceSearchDto, ResolutionContext)
   at DevSkill.Inventory.Web.Areas.Admin.Controllers.ServicesController.GetServicesJsonData(ServiceListModel model) in C:\Users\Nasim Reza\Desktop\Final Project\aspnet-b11-nasim\src\DevSkill.Inventory.sln\DevSkill.Inventory.Web\Areas\Admin\Controllers\ServicesController.cs:line 36
2025-06-19 23:25:24.849 +06:00 [ERR] Error loading service data
AutoMapper.AutoMapperMappingException: Missing type map configuration or unsupported mapping.

Mapping types:
ServiceSearchModel -> ServiceSearchDto
DevSkill.Inventory.Web.Areas.Admin.Models.ServicesModels.ServiceSearchModel -> DevSkill.Inventory.Domain.Dtos.ServiceSearchDto
   at lambda_method754(Closure, Object, ServiceSearchDto, ResolutionContext)
   at DevSkill.Inventory.Web.Areas.Admin.Controllers.ServicesController.GetServicesJsonData(ServiceListModel model) in C:\Users\Nasim Reza\Desktop\Final Project\aspnet-b11-nasim\src\DevSkill.Inventory.sln\DevSkill.Inventory.Web\Areas\Admin\Controllers\ServicesController.cs:line 36
2025-06-19 23:25:25.230 +06:00 [ERR] Error loading service data
AutoMapper.AutoMapperMappingException: Missing type map configuration or unsupported mapping.

Mapping types:
ServiceSearchModel -> ServiceSearchDto
DevSkill.Inventory.Web.Areas.Admin.Models.ServicesModels.ServiceSearchModel -> DevSkill.Inventory.Domain.Dtos.ServiceSearchDto
   at lambda_method754(Closure, Object, ServiceSearchDto, ResolutionContext)
   at DevSkill.Inventory.Web.Areas.Admin.Controllers.ServicesController.GetServicesJsonData(ServiceListModel model) in C:\Users\Nasim Reza\Desktop\Final Project\aspnet-b11-nasim\src\DevSkill.Inventory.sln\DevSkill.Inventory.Web\Areas\Admin\Controllers\ServicesController.cs:line 36
2025-06-19 23:25:25.596 +06:00 [ERR] Error loading service data
AutoMapper.AutoMapperMappingException: Missing type map configuration or unsupported mapping.

Mapping types:
ServiceSearchModel -> ServiceSearchDto
DevSkill.Inventory.Web.Areas.Admin.Models.ServicesModels.ServiceSearchModel -> DevSkill.Inventory.Domain.Dtos.ServiceSearchDto
   at lambda_method754(Closure, Object, ServiceSearchDto, ResolutionContext)
   at DevSkill.Inventory.Web.Areas.Admin.Controllers.ServicesController.GetServicesJsonData(ServiceListModel model) in C:\Users\Nasim Reza\Desktop\Final Project\aspnet-b11-nasim\src\DevSkill.Inventory.sln\DevSkill.Inventory.Web\Areas\Admin\Controllers\ServicesController.cs:line 36
2025-06-19 23:25:26.907 +06:00 [ERR] Error loading quotations
Microsoft.Data.SqlClient.SqlException (0x80131904): @FromDate is not a parameter for procedure GetQuotations.
   at Microsoft.Data.SqlClient.SqlCommand.<>c.<ExecuteDbDataReaderAsync>b__195_0(Task`1 result)
   at System.Threading.Tasks.ContinuationResultTaskFromResultTask`2.InnerInvoke()
   at System.Threading.ExecutionContext.RunInternal(ExecutionContext executionContext, ContextCallback callback, Object state)
--- End of stack trace from previous location ---
   at System.Threading.ExecutionContext.RunInternal(ExecutionContext executionContext, ContextCallback callback, Object state)
   at System.Threading.Tasks.Task.ExecuteWithThreadLocal(Task& currentTaskSlot, Thread threadPoolThread)
--- End of stack trace from previous location ---
   at DevSkill.Inventory.Infrastructure.Utilities.SqlUtility.ExecuteQueryAsync[TReturn](DbCommand command) in C:\Users\Nasim Reza\Desktop\Final Project\aspnet-b11-nasim\src\DevSkill.Inventory.sln\DevSkill.Inventory.Infrastructure\Utilities\SqlUtility.cs:line 237
   at DevSkill.Inventory.Infrastructure.Utilities.SqlUtility.QueryWithStoredProcedureAsync[TReturn](String storedProcedureName, IDictionary`2 parameters, IDictionary`2 outParameters) in C:\Users\Nasim Reza\Desktop\Final Project\aspnet-b11-nasim\src\DevSkill.Inventory.sln\DevSkill.Inventory.Infrastructure\Utilities\SqlUtility.cs:line 100
   at DevSkill.Inventory.Infrastructure.Utilities.SqlUtility.QueryWithStoredProcedureAsync[TReturn](String storedProcedureName, IDictionary`2 parameters, IDictionary`2 outParameters) in C:\Users\Nasim Reza\Desktop\Final Project\aspnet-b11-nasim\src\DevSkill.Inventory.sln\DevSkill.Inventory.Infrastructure\Utilities\SqlUtility.cs:line 106
   at DevSkill.Inventory.Infrastructure.ApplicationUnitOfWork.GetQuotationsSP(Int32 pageIndex, Int32 pageSize, String order, QuotationSearchDto search) in C:\Users\Nasim Reza\Desktop\Final Project\aspnet-b11-nasim\src\DevSkill.Inventory.sln\DevSkill.Inventory.Infrastructure\ApplicationUnitOfWork.cs:line 262
   at DevSkill.Inventory.Application.Features.Quotations.Queries.GetQuotationsSPQueryHandler.Handle(GetQuotationsSPQuery request, CancellationToken cancellationToken) in C:\Users\Nasim Reza\Desktop\Final Project\aspnet-b11-nasim\src\DevSkill.Inventory.sln\DevSkill.Inventory.Application\Features\Quotations\Queries\GetQuotationsSPQueryHandler.cs:line 23
   at DevSkill.Inventory.Web.Areas.Admin.Controllers.QuotationsController.GetQuotationsJsonData(QuotationListModel model) in C:\Users\Nasim Reza\Desktop\Final Project\aspnet-b11-nasim\src\DevSkill.Inventory.sln\DevSkill.Inventory.Web\Areas\Admin\Controllers\QuotationsController.cs:line 47
ClientConnectionId:66e1a44e-902c-420b-89aa-a96538098b83
Error Number:8145,State:1,Class:16
2025-06-19 23:25:28.179 +06:00 [ERR] Error loading service sales
Microsoft.Data.SqlClient.SqlException (0x80131904): Procedure or function 'GetServiceSales' expects parameter '@TotalCount', which was not supplied.
   at Microsoft.Data.SqlClient.SqlCommand.<>c.<ExecuteDbDataReaderAsync>b__195_0(Task`1 result)
   at System.Threading.Tasks.ContinuationResultTaskFromResultTask`2.InnerInvoke()
   at System.Threading.ExecutionContext.RunInternal(ExecutionContext executionContext, ContextCallback callback, Object state)
--- End of stack trace from previous location ---
   at System.Threading.ExecutionContext.RunInternal(ExecutionContext executionContext, ContextCallback callback, Object state)
   at System.Threading.Tasks.Task.ExecuteWithThreadLocal(Task& currentTaskSlot, Thread threadPoolThread)
--- End of stack trace from previous location ---
   at DevSkill.Inventory.Infrastructure.Utilities.SqlUtility.ExecuteQueryAsync[TReturn](DbCommand command) in C:\Users\Nasim Reza\Desktop\Final Project\aspnet-b11-nasim\src\DevSkill.Inventory.sln\DevSkill.Inventory.Infrastructure\Utilities\SqlUtility.cs:line 237
   at DevSkill.Inventory.Infrastructure.Utilities.SqlUtility.QueryWithStoredProcedureAsync[TReturn](String storedProcedureName, IDictionary`2 parameters, IDictionary`2 outParameters) in C:\Users\Nasim Reza\Desktop\Final Project\aspnet-b11-nasim\src\DevSkill.Inventory.sln\DevSkill.Inventory.Infrastructure\Utilities\SqlUtility.cs:line 100
   at DevSkill.Inventory.Infrastructure.Utilities.SqlUtility.QueryWithStoredProcedureAsync[TReturn](String storedProcedureName, IDictionary`2 parameters, IDictionary`2 outParameters) in C:\Users\Nasim Reza\Desktop\Final Project\aspnet-b11-nasim\src\DevSkill.Inventory.sln\DevSkill.Inventory.Infrastructure\Utilities\SqlUtility.cs:line 106
   at DevSkill.Inventory.Infrastructure.ApplicationUnitOfWork.GetServiceSalesSP(Int32 pageIndex, Int32 pageSize, String order, ServiceSaleSearchDto search) in C:\Users\Nasim Reza\Desktop\Final Project\aspnet-b11-nasim\src\DevSkill.Inventory.sln\DevSkill.Inventory.Infrastructure\ApplicationUnitOfWork.cs:line 215
   at DevSkill.Inventory.Application.Features.ServiceSales.Queries.GetServiceSalesSPQueryHandler.Handle(GetServiceSalesSPQuery request, CancellationToken cancellationToken) in C:\Users\Nasim Reza\Desktop\Final Project\aspnet-b11-nasim\src\DevSkill.Inventory.sln\DevSkill.Inventory.Application\Features\ServiceSales\Queries\GetServiceSalesSPQueryHandler.cs:line 25
   at DevSkill.Inventory.Web.Areas.Admin.Controllers.ServiceSalesController.GetServiceSalesJsonData(ServiceSaleListModel model) in C:\Users\Nasim Reza\Desktop\Final Project\aspnet-b11-nasim\src\DevSkill.Inventory.sln\DevSkill.Inventory.Web\Areas\Admin\Controllers\ServiceSalesController.cs:line 129
ClientConnectionId:66e1a44e-902c-420b-89aa-a96538098b83
Error Number:201,State:4,Class:16
2025-06-19 23:25:28.981 +06:00 [ERR] Error loading service data
AutoMapper.AutoMapperMappingException: Missing type map configuration or unsupported mapping.

Mapping types:
ServiceSearchModel -> ServiceSearchDto
DevSkill.Inventory.Web.Areas.Admin.Models.ServicesModels.ServiceSearchModel -> DevSkill.Inventory.Domain.Dtos.ServiceSearchDto
   at lambda_method754(Closure, Object, ServiceSearchDto, ResolutionContext)
   at DevSkill.Inventory.Web.Areas.Admin.Controllers.ServicesController.GetServicesJsonData(ServiceListModel model) in C:\Users\Nasim Reza\Desktop\Final Project\aspnet-b11-nasim\src\DevSkill.Inventory.sln\DevSkill.Inventory.Web\Areas\Admin\Controllers\ServicesController.cs:line 36
2025-06-19 23:25:30.085 +06:00 [ERR] Error loading service sales
Microsoft.Data.SqlClient.SqlException (0x80131904): Procedure or function 'GetServiceSales' expects parameter '@TotalCount', which was not supplied.
   at Microsoft.Data.SqlClient.SqlCommand.<>c.<ExecuteDbDataReaderAsync>b__195_0(Task`1 result)
   at System.Threading.Tasks.ContinuationResultTaskFromResultTask`2.InnerInvoke()
   at System.Threading.ExecutionContext.RunInternal(ExecutionContext executionContext, ContextCallback callback, Object state)
--- End of stack trace from previous location ---
   at System.Threading.ExecutionContext.RunInternal(ExecutionContext executionContext, ContextCallback callback, Object state)
   at System.Threading.Tasks.Task.ExecuteWithThreadLocal(Task& currentTaskSlot, Thread threadPoolThread)
--- End of stack trace from previous location ---
   at DevSkill.Inventory.Infrastructure.Utilities.SqlUtility.ExecuteQueryAsync[TReturn](DbCommand command) in C:\Users\Nasim Reza\Desktop\Final Project\aspnet-b11-nasim\src\DevSkill.Inventory.sln\DevSkill.Inventory.Infrastructure\Utilities\SqlUtility.cs:line 237
   at DevSkill.Inventory.Infrastructure.Utilities.SqlUtility.QueryWithStoredProcedureAsync[TReturn](String storedProcedureName, IDictionary`2 parameters, IDictionary`2 outParameters) in C:\Users\Nasim Reza\Desktop\Final Project\aspnet-b11-nasim\src\DevSkill.Inventory.sln\DevSkill.Inventory.Infrastructure\Utilities\SqlUtility.cs:line 100
   at DevSkill.Inventory.Infrastructure.Utilities.SqlUtility.QueryWithStoredProcedureAsync[TReturn](String storedProcedureName, IDictionary`2 parameters, IDictionary`2 outParameters) in C:\Users\Nasim Reza\Desktop\Final Project\aspnet-b11-nasim\src\DevSkill.Inventory.sln\DevSkill.Inventory.Infrastructure\Utilities\SqlUtility.cs:line 106
   at DevSkill.Inventory.Infrastructure.ApplicationUnitOfWork.GetServiceSalesSP(Int32 pageIndex, Int32 pageSize, String order, ServiceSaleSearchDto search) in C:\Users\Nasim Reza\Desktop\Final Project\aspnet-b11-nasim\src\DevSkill.Inventory.sln\DevSkill.Inventory.Infrastructure\ApplicationUnitOfWork.cs:line 215
   at DevSkill.Inventory.Application.Features.ServiceSales.Queries.GetServiceSalesSPQueryHandler.Handle(GetServiceSalesSPQuery request, CancellationToken cancellationToken) in C:\Users\Nasim Reza\Desktop\Final Project\aspnet-b11-nasim\src\DevSkill.Inventory.sln\DevSkill.Inventory.Application\Features\ServiceSales\Queries\GetServiceSalesSPQueryHandler.cs:line 25
   at DevSkill.Inventory.Web.Areas.Admin.Controllers.ServiceSalesController.GetServiceSalesJsonData(ServiceSaleListModel model) in C:\Users\Nasim Reza\Desktop\Final Project\aspnet-b11-nasim\src\DevSkill.Inventory.sln\DevSkill.Inventory.Web\Areas\Admin\Controllers\ServiceSalesController.cs:line 129
ClientConnectionId:66e1a44e-902c-420b-89aa-a96538098b83
Error Number:201,State:4,Class:16
2025-06-19 23:25:30.560 +06:00 [ERR] Error loading service sales
Microsoft.Data.SqlClient.SqlException (0x80131904): Procedure or function 'GetServiceSales' expects parameter '@TotalCount', which was not supplied.
   at Microsoft.Data.SqlClient.SqlCommand.<>c.<ExecuteDbDataReaderAsync>b__195_0(Task`1 result)
   at System.Threading.Tasks.ContinuationResultTaskFromResultTask`2.InnerInvoke()
   at System.Threading.ExecutionContext.RunInternal(ExecutionContext executionContext, ContextCallback callback, Object state)
--- End of stack trace from previous location ---
   at System.Threading.ExecutionContext.RunInternal(ExecutionContext executionContext, ContextCallback callback, Object state)
   at System.Threading.Tasks.Task.ExecuteWithThreadLocal(Task& currentTaskSlot, Thread threadPoolThread)
--- End of stack trace from previous location ---
   at DevSkill.Inventory.Infrastructure.Utilities.SqlUtility.ExecuteQueryAsync[TReturn](DbCommand command) in C:\Users\Nasim Reza\Desktop\Final Project\aspnet-b11-nasim\src\DevSkill.Inventory.sln\DevSkill.Inventory.Infrastructure\Utilities\SqlUtility.cs:line 237
   at DevSkill.Inventory.Infrastructure.Utilities.SqlUtility.QueryWithStoredProcedureAsync[TReturn](String storedProcedureName, IDictionary`2 parameters, IDictionary`2 outParameters) in C:\Users\Nasim Reza\Desktop\Final Project\aspnet-b11-nasim\src\DevSkill.Inventory.sln\DevSkill.Inventory.Infrastructure\Utilities\SqlUtility.cs:line 100
   at DevSkill.Inventory.Infrastructure.Utilities.SqlUtility.QueryWithStoredProcedureAsync[TReturn](String storedProcedureName, IDictionary`2 parameters, IDictionary`2 outParameters) in C:\Users\Nasim Reza\Desktop\Final Project\aspnet-b11-nasim\src\DevSkill.Inventory.sln\DevSkill.Inventory.Infrastructure\Utilities\SqlUtility.cs:line 106
   at DevSkill.Inventory.Infrastructure.ApplicationUnitOfWork.GetServiceSalesSP(Int32 pageIndex, Int32 pageSize, String order, ServiceSaleSearchDto search) in C:\Users\Nasim Reza\Desktop\Final Project\aspnet-b11-nasim\src\DevSkill.Inventory.sln\DevSkill.Inventory.Infrastructure\ApplicationUnitOfWork.cs:line 215
   at DevSkill.Inventory.Application.Features.ServiceSales.Queries.GetServiceSalesSPQueryHandler.Handle(GetServiceSalesSPQuery request, CancellationToken cancellationToken) in C:\Users\Nasim Reza\Desktop\Final Project\aspnet-b11-nasim\src\DevSkill.Inventory.sln\DevSkill.Inventory.Application\Features\ServiceSales\Queries\GetServiceSalesSPQueryHandler.cs:line 25
   at DevSkill.Inventory.Web.Areas.Admin.Controllers.ServiceSalesController.GetServiceSalesJsonData(ServiceSaleListModel model) in C:\Users\Nasim Reza\Desktop\Final Project\aspnet-b11-nasim\src\DevSkill.Inventory.sln\DevSkill.Inventory.Web\Areas\Admin\Controllers\ServiceSalesController.cs:line 129
ClientConnectionId:66e1a44e-902c-420b-89aa-a96538098b83
Error Number:201,State:4,Class:16
2025-06-19 23:25:30.944 +06:00 [ERR] Error loading quotations
Microsoft.Data.SqlClient.SqlException (0x80131904): @FromDate is not a parameter for procedure GetQuotations.
   at Microsoft.Data.SqlClient.SqlCommand.<>c.<ExecuteDbDataReaderAsync>b__195_0(Task`1 result)
   at System.Threading.Tasks.ContinuationResultTaskFromResultTask`2.InnerInvoke()
   at System.Threading.ExecutionContext.RunInternal(ExecutionContext executionContext, ContextCallback callback, Object state)
--- End of stack trace from previous location ---
   at System.Threading.ExecutionContext.RunInternal(ExecutionContext executionContext, ContextCallback callback, Object state)
   at System.Threading.Tasks.Task.ExecuteWithThreadLocal(Task& currentTaskSlot, Thread threadPoolThread)
--- End of stack trace from previous location ---
   at DevSkill.Inventory.Infrastructure.Utilities.SqlUtility.ExecuteQueryAsync[TReturn](DbCommand command) in C:\Users\Nasim Reza\Desktop\Final Project\aspnet-b11-nasim\src\DevSkill.Inventory.sln\DevSkill.Inventory.Infrastructure\Utilities\SqlUtility.cs:line 237
   at DevSkill.Inventory.Infrastructure.Utilities.SqlUtility.QueryWithStoredProcedureAsync[TReturn](String storedProcedureName, IDictionary`2 parameters, IDictionary`2 outParameters) in C:\Users\Nasim Reza\Desktop\Final Project\aspnet-b11-nasim\src\DevSkill.Inventory.sln\DevSkill.Inventory.Infrastructure\Utilities\SqlUtility.cs:line 100
   at DevSkill.Inventory.Infrastructure.Utilities.SqlUtility.QueryWithStoredProcedureAsync[TReturn](String storedProcedureName, IDictionary`2 parameters, IDictionary`2 outParameters) in C:\Users\Nasim Reza\Desktop\Final Project\aspnet-b11-nasim\src\DevSkill.Inventory.sln\DevSkill.Inventory.Infrastructure\Utilities\SqlUtility.cs:line 106
   at DevSkill.Inventory.Infrastructure.ApplicationUnitOfWork.GetQuotationsSP(Int32 pageIndex, Int32 pageSize, String order, QuotationSearchDto search) in C:\Users\Nasim Reza\Desktop\Final Project\aspnet-b11-nasim\src\DevSkill.Inventory.sln\DevSkill.Inventory.Infrastructure\ApplicationUnitOfWork.cs:line 262
   at DevSkill.Inventory.Application.Features.Quotations.Queries.GetQuotationsSPQueryHandler.Handle(GetQuotationsSPQuery request, CancellationToken cancellationToken) in C:\Users\Nasim Reza\Desktop\Final Project\aspnet-b11-nasim\src\DevSkill.Inventory.sln\DevSkill.Inventory.Application\Features\Quotations\Queries\GetQuotationsSPQueryHandler.cs:line 23
   at DevSkill.Inventory.Web.Areas.Admin.Controllers.QuotationsController.GetQuotationsJsonData(QuotationListModel model) in C:\Users\Nasim Reza\Desktop\Final Project\aspnet-b11-nasim\src\DevSkill.Inventory.sln\DevSkill.Inventory.Web\Areas\Admin\Controllers\QuotationsController.cs:line 47
ClientConnectionId:66e1a44e-902c-420b-89aa-a96538098b83
Error Number:8145,State:1,Class:16
2025-06-19 23:34:19.505 +06:00 [INF] Application Starting...17-jan
2025-06-19 23:34:19.564 +06:00 [INF] This is Nasim Reza Hridoy
2025-06-19 23:34:19.564 +06:00 [ERR] An error occurred while starting the application.
2025-06-19 23:34:24.721 +06:00 [INF] This is Nasim Reza
2025-06-19 23:34:24.743 +06:00 [INF] This is a test log entry to verify database logging.
2025-06-19 23:34:33.297 +06:00 [ERR] Error loading quotations
Microsoft.Data.SqlClient.SqlException (0x80131904): @FromDate is not a parameter for procedure GetQuotations.
   at Microsoft.Data.SqlClient.SqlCommand.<>c.<ExecuteDbDataReaderAsync>b__195_0(Task`1 result)
   at System.Threading.Tasks.ContinuationResultTaskFromResultTask`2.InnerInvoke()
   at System.Threading.ExecutionContext.RunInternal(ExecutionContext executionContext, ContextCallback callback, Object state)
--- End of stack trace from previous location ---
   at System.Threading.ExecutionContext.RunInternal(ExecutionContext executionContext, ContextCallback callback, Object state)
   at System.Threading.Tasks.Task.ExecuteWithThreadLocal(Task& currentTaskSlot, Thread threadPoolThread)
--- End of stack trace from previous location ---
   at DevSkill.Inventory.Infrastructure.Utilities.SqlUtility.ExecuteQueryAsync[TReturn](DbCommand command) in C:\Users\Nasim Reza\Desktop\Final Project\aspnet-b11-nasim\src\DevSkill.Inventory.sln\DevSkill.Inventory.Infrastructure\Utilities\SqlUtility.cs:line 237
   at DevSkill.Inventory.Infrastructure.Utilities.SqlUtility.QueryWithStoredProcedureAsync[TReturn](String storedProcedureName, IDictionary`2 parameters, IDictionary`2 outParameters) in C:\Users\Nasim Reza\Desktop\Final Project\aspnet-b11-nasim\src\DevSkill.Inventory.sln\DevSkill.Inventory.Infrastructure\Utilities\SqlUtility.cs:line 100
   at DevSkill.Inventory.Infrastructure.Utilities.SqlUtility.QueryWithStoredProcedureAsync[TReturn](String storedProcedureName, IDictionary`2 parameters, IDictionary`2 outParameters) in C:\Users\Nasim Reza\Desktop\Final Project\aspnet-b11-nasim\src\DevSkill.Inventory.sln\DevSkill.Inventory.Infrastructure\Utilities\SqlUtility.cs:line 106
   at DevSkill.Inventory.Infrastructure.ApplicationUnitOfWork.GetQuotationsSP(Int32 pageIndex, Int32 pageSize, String order, QuotationSearchDto search) in C:\Users\Nasim Reza\Desktop\Final Project\aspnet-b11-nasim\src\DevSkill.Inventory.sln\DevSkill.Inventory.Infrastructure\ApplicationUnitOfWork.cs:line 262
   at DevSkill.Inventory.Application.Features.Quotations.Queries.GetQuotationsSPQueryHandler.Handle(GetQuotationsSPQuery request, CancellationToken cancellationToken) in C:\Users\Nasim Reza\Desktop\Final Project\aspnet-b11-nasim\src\DevSkill.Inventory.sln\DevSkill.Inventory.Application\Features\Quotations\Queries\GetQuotationsSPQueryHandler.cs:line 23
   at DevSkill.Inventory.Web.Areas.Admin.Controllers.QuotationsController.GetQuotationsJsonData(QuotationListModel model) in C:\Users\Nasim Reza\Desktop\Final Project\aspnet-b11-nasim\src\DevSkill.Inventory.sln\DevSkill.Inventory.Web\Areas\Admin\Controllers\QuotationsController.cs:line 47
ClientConnectionId:11c6001d-d637-4573-996b-920c03d5e33b
Error Number:8145,State:1,Class:16
2025-06-19 23:34:34.580 +06:00 [ERR] Error loading service sales
Microsoft.Data.SqlClient.SqlException (0x80131904): Procedure or function 'GetServiceSales' expects parameter '@TotalCount', which was not supplied.
   at Microsoft.Data.SqlClient.SqlCommand.<>c.<ExecuteDbDataReaderAsync>b__195_0(Task`1 result)
   at System.Threading.Tasks.ContinuationResultTaskFromResultTask`2.InnerInvoke()
   at System.Threading.ExecutionContext.RunInternal(ExecutionContext executionContext, ContextCallback callback, Object state)
--- End of stack trace from previous location ---
   at System.Threading.ExecutionContext.RunInternal(ExecutionContext executionContext, ContextCallback callback, Object state)
   at System.Threading.Tasks.Task.ExecuteWithThreadLocal(Task& currentTaskSlot, Thread threadPoolThread)
--- End of stack trace from previous location ---
   at DevSkill.Inventory.Infrastructure.Utilities.SqlUtility.ExecuteQueryAsync[TReturn](DbCommand command) in C:\Users\Nasim Reza\Desktop\Final Project\aspnet-b11-nasim\src\DevSkill.Inventory.sln\DevSkill.Inventory.Infrastructure\Utilities\SqlUtility.cs:line 237
   at DevSkill.Inventory.Infrastructure.Utilities.SqlUtility.QueryWithStoredProcedureAsync[TReturn](String storedProcedureName, IDictionary`2 parameters, IDictionary`2 outParameters) in C:\Users\Nasim Reza\Desktop\Final Project\aspnet-b11-nasim\src\DevSkill.Inventory.sln\DevSkill.Inventory.Infrastructure\Utilities\SqlUtility.cs:line 100
   at DevSkill.Inventory.Infrastructure.Utilities.SqlUtility.QueryWithStoredProcedureAsync[TReturn](String storedProcedureName, IDictionary`2 parameters, IDictionary`2 outParameters) in C:\Users\Nasim Reza\Desktop\Final Project\aspnet-b11-nasim\src\DevSkill.Inventory.sln\DevSkill.Inventory.Infrastructure\Utilities\SqlUtility.cs:line 106
   at DevSkill.Inventory.Infrastructure.ApplicationUnitOfWork.GetServiceSalesSP(Int32 pageIndex, Int32 pageSize, String order, ServiceSaleSearchDto search) in C:\Users\Nasim Reza\Desktop\Final Project\aspnet-b11-nasim\src\DevSkill.Inventory.sln\DevSkill.Inventory.Infrastructure\ApplicationUnitOfWork.cs:line 215
   at DevSkill.Inventory.Application.Features.ServiceSales.Queries.GetServiceSalesSPQueryHandler.Handle(GetServiceSalesSPQuery request, CancellationToken cancellationToken) in C:\Users\Nasim Reza\Desktop\Final Project\aspnet-b11-nasim\src\DevSkill.Inventory.sln\DevSkill.Inventory.Application\Features\ServiceSales\Queries\GetServiceSalesSPQueryHandler.cs:line 25
   at DevSkill.Inventory.Web.Areas.Admin.Controllers.ServiceSalesController.GetServiceSalesJsonData(ServiceSaleListModel model) in C:\Users\Nasim Reza\Desktop\Final Project\aspnet-b11-nasim\src\DevSkill.Inventory.sln\DevSkill.Inventory.Web\Areas\Admin\Controllers\ServiceSalesController.cs:line 129
ClientConnectionId:11c6001d-d637-4573-996b-920c03d5e33b
Error Number:201,State:4,Class:16
2025-06-19 23:34:36.000 +06:00 [ERR] Error loading service data
AutoMapper.AutoMapperMappingException: Missing type map configuration or unsupported mapping.

Mapping types:
ServiceSearchModel -> ServiceSearchDto
DevSkill.Inventory.Web.Areas.Admin.Models.ServicesModels.ServiceSearchModel -> DevSkill.Inventory.Domain.Dtos.ServiceSearchDto
   at lambda_method807(Closure, Object, ServiceSearchDto, ResolutionContext)
   at DevSkill.Inventory.Web.Areas.Admin.Controllers.ServicesController.GetServicesJsonData(ServiceListModel model) in C:\Users\Nasim Reza\Desktop\Final Project\aspnet-b11-nasim\src\DevSkill.Inventory.sln\DevSkill.Inventory.Web\Areas\Admin\Controllers\ServicesController.cs:line 36
2025-06-19 23:34:37.136 +06:00 [ERR] Error loading purchase returns
Microsoft.Data.SqlClient.SqlException (0x80131904): Could not find stored procedure 'GetPurchaseReturns'.
   at Microsoft.Data.SqlClient.SqlCommand.<>c.<ExecuteDbDataReaderAsync>b__195_0(Task`1 result)
   at System.Threading.Tasks.ContinuationResultTaskFromResultTask`2.InnerInvoke()
   at System.Threading.ExecutionContext.RunInternal(ExecutionContext executionContext, ContextCallback callback, Object state)
--- End of stack trace from previous location ---
   at System.Threading.ExecutionContext.RunInternal(ExecutionContext executionContext, ContextCallback callback, Object state)
   at System.Threading.Tasks.Task.ExecuteWithThreadLocal(Task& currentTaskSlot, Thread threadPoolThread)
--- End of stack trace from previous location ---
   at DevSkill.Inventory.Infrastructure.Utilities.SqlUtility.ExecuteQueryAsync[TReturn](DbCommand command) in C:\Users\Nasim Reza\Desktop\Final Project\aspnet-b11-nasim\src\DevSkill.Inventory.sln\DevSkill.Inventory.Infrastructure\Utilities\SqlUtility.cs:line 237
   at DevSkill.Inventory.Infrastructure.Utilities.SqlUtility.QueryWithStoredProcedureAsync[TReturn](String storedProcedureName, IDictionary`2 parameters, IDictionary`2 outParameters) in C:\Users\Nasim Reza\Desktop\Final Project\aspnet-b11-nasim\src\DevSkill.Inventory.sln\DevSkill.Inventory.Infrastructure\Utilities\SqlUtility.cs:line 100
   at DevSkill.Inventory.Infrastructure.Utilities.SqlUtility.QueryWithStoredProcedureAsync[TReturn](String storedProcedureName, IDictionary`2 parameters, IDictionary`2 outParameters) in C:\Users\Nasim Reza\Desktop\Final Project\aspnet-b11-nasim\src\DevSkill.Inventory.sln\DevSkill.Inventory.Infrastructure\Utilities\SqlUtility.cs:line 106
   at DevSkill.Inventory.Infrastructure.ApplicationUnitOfWork.GetPurchaseReturnsSP(Int32 pageIndex, Int32 pageSize, String order, PurchaseReturnSearchDto search) in C:\Users\Nasim Reza\Desktop\Final Project\aspnet-b11-nasim\src\DevSkill.Inventory.sln\DevSkill.Inventory.Infrastructure\ApplicationUnitOfWork.cs:line 167
   at DevSkill.Inventory.Application.Features.PurchaseReturns.Queries.GetPurchaseReturnsSPQueryHandler.Handle(GetPurchaseReturnsSPQuery request, CancellationToken cancellationToken) in C:\Users\Nasim Reza\Desktop\Final Project\aspnet-b11-nasim\src\DevSkill.Inventory.sln\DevSkill.Inventory.Application\Features\PurchaseReturns\Queries\GetPurchaseReturnsSPQueryHandler.cs:line 23
   at DevSkill.Inventory.Web.Areas.Admin.Controllers.PurchasesController.GetPurchaseReturnsJsonData(PurchaseReturnListModel model) in C:\Users\Nasim Reza\Desktop\Final Project\aspnet-b11-nasim\src\DevSkill.Inventory.sln\DevSkill.Inventory.Web\Areas\Admin\Controllers\PurchasesController.cs:line 103
ClientConnectionId:11c6001d-d637-4573-996b-920c03d5e33b
Error Number:2812,State:62,Class:16
2025-06-19 23:34:37.863 +06:00 [ERR] Error loading sales return data
Microsoft.Data.SqlClient.SqlException (0x80131904): Could not find stored procedure 'GetSalesReturns'.
   at Microsoft.Data.SqlClient.SqlCommand.<>c.<ExecuteDbDataReaderAsync>b__195_0(Task`1 result)
   at System.Threading.Tasks.ContinuationResultTaskFromResultTask`2.InnerInvoke()
   at System.Threading.ExecutionContext.RunInternal(ExecutionContext executionContext, ContextCallback callback, Object state)
--- End of stack trace from previous location ---
   at System.Threading.ExecutionContext.RunInternal(ExecutionContext executionContext, ContextCallback callback, Object state)
   at System.Threading.Tasks.Task.ExecuteWithThreadLocal(Task& currentTaskSlot, Thread threadPoolThread)
--- End of stack trace from previous location ---
   at DevSkill.Inventory.Infrastructure.Utilities.SqlUtility.ExecuteQueryAsync[TReturn](DbCommand command) in C:\Users\Nasim Reza\Desktop\Final Project\aspnet-b11-nasim\src\DevSkill.Inventory.sln\DevSkill.Inventory.Infrastructure\Utilities\SqlUtility.cs:line 237
   at DevSkill.Inventory.Infrastructure.Utilities.SqlUtility.QueryWithStoredProcedureAsync[TReturn](String storedProcedureName, IDictionary`2 parameters, IDictionary`2 outParameters) in C:\Users\Nasim Reza\Desktop\Final Project\aspnet-b11-nasim\src\DevSkill.Inventory.sln\DevSkill.Inventory.Infrastructure\Utilities\SqlUtility.cs:line 100
   at DevSkill.Inventory.Infrastructure.Utilities.SqlUtility.QueryWithStoredProcedureAsync[TReturn](String storedProcedureName, IDictionary`2 parameters, IDictionary`2 outParameters) in C:\Users\Nasim Reza\Desktop\Final Project\aspnet-b11-nasim\src\DevSkill.Inventory.sln\DevSkill.Inventory.Infrastructure\Utilities\SqlUtility.cs:line 106
   at DevSkill.Inventory.Infrastructure.ApplicationUnitOfWork.GetSalesReturnsSP(Int32 pageIndex, Int32 pageSize, String order, SalesReturnSearchDto search) in C:\Users\Nasim Reza\Desktop\Final Project\aspnet-b11-nasim\src\DevSkill.Inventory.sln\DevSkill.Inventory.Infrastructure\ApplicationUnitOfWork.cs:line 138
   at DevSkill.Inventory.Application.Features.SalesReturns.Queries.GetSalesReturnsSPQueryHandler.Handle(GetSalesReturnsSPQuery request, CancellationToken cancellationToken) in C:\Users\Nasim Reza\Desktop\Final Project\aspnet-b11-nasim\src\DevSkill.Inventory.sln\DevSkill.Inventory.Application\Features\SalesReturns\Queries\GetSalesReturnsQueryHandler.cs:line 23
   at DevSkill.Inventory.Web.Areas.Admin.Controllers.SalesController.GetSalesReturnsJsonData(SalesReturnListModel model) in C:\Users\Nasim Reza\Desktop\Final Project\aspnet-b11-nasim\src\DevSkill.Inventory.sln\DevSkill.Inventory.Web\Areas\Admin\Controllers\SalesController.cs:line 99
ClientConnectionId:11c6001d-d637-4573-996b-920c03d5e33b
Error Number:2812,State:62,Class:16
2025-06-19 23:34:38.556 +06:00 [ERR] Error loading sales
Microsoft.Data.SqlClient.SqlException (0x80131904): Could not find stored procedure 'GetSales'.
   at Microsoft.Data.SqlClient.SqlCommand.<>c.<ExecuteDbDataReaderAsync>b__195_0(Task`1 result)
   at System.Threading.Tasks.ContinuationResultTaskFromResultTask`2.InnerInvoke()
   at System.Threading.ExecutionContext.RunInternal(ExecutionContext executionContext, ContextCallback callback, Object state)
--- End of stack trace from previous location ---
   at System.Threading.ExecutionContext.RunInternal(ExecutionContext executionContext, ContextCallback callback, Object state)
   at System.Threading.Tasks.Task.ExecuteWithThreadLocal(Task& currentTaskSlot, Thread threadPoolThread)
--- End of stack trace from previous location ---
   at DevSkill.Inventory.Infrastructure.Utilities.SqlUtility.ExecuteQueryAsync[TReturn](DbCommand command) in C:\Users\Nasim Reza\Desktop\Final Project\aspnet-b11-nasim\src\DevSkill.Inventory.sln\DevSkill.Inventory.Infrastructure\Utilities\SqlUtility.cs:line 237
   at DevSkill.Inventory.Infrastructure.Utilities.SqlUtility.QueryWithStoredProcedureAsync[TReturn](String storedProcedureName, IDictionary`2 parameters, IDictionary`2 outParameters) in C:\Users\Nasim Reza\Desktop\Final Project\aspnet-b11-nasim\src\DevSkill.Inventory.sln\DevSkill.Inventory.Infrastructure\Utilities\SqlUtility.cs:line 100
   at DevSkill.Inventory.Infrastructure.Utilities.SqlUtility.QueryWithStoredProcedureAsync[TReturn](String storedProcedureName, IDictionary`2 parameters, IDictionary`2 outParameters) in C:\Users\Nasim Reza\Desktop\Final Project\aspnet-b11-nasim\src\DevSkill.Inventory.sln\DevSkill.Inventory.Infrastructure\Utilities\SqlUtility.cs:line 106
   at DevSkill.Inventory.Infrastructure.ApplicationUnitOfWork.GetSalesSP(Int32 pageIndex, Int32 pageSize, String orderBy, SaleSearchDto search) in C:\Users\Nasim Reza\Desktop\Final Project\aspnet-b11-nasim\src\DevSkill.Inventory.sln\DevSkill.Inventory.Infrastructure\ApplicationUnitOfWork.cs:line 111
   at DevSkill.Inventory.Application.Features.Sales.Queries.GetSalesSPQueryHandler.Handle(GetSalesSPQuery request, CancellationToken cancellationToken) in C:\Users\Nasim Reza\Desktop\Final Project\aspnet-b11-nasim\src\DevSkill.Inventory.sln\DevSkill.Inventory.Application\Features\Sales\Queries\GetSalesSPQueryHandler.cs:line 23
   at DevSkill.Inventory.Web.Areas.Admin.Controllers.SalesController.GetSalesJsonData(SalesListModel model) in C:\Users\Nasim Reza\Desktop\Final Project\aspnet-b11-nasim\src\DevSkill.Inventory.sln\DevSkill.Inventory.Web\Areas\Admin\Controllers\SalesController.cs:line 51
ClientConnectionId:11c6001d-d637-4573-996b-920c03d5e33b
Error Number:2812,State:62,Class:16
2025-06-19 23:34:39.963 +06:00 [ERR] Error loading purchases
Microsoft.Data.SqlClient.SqlException (0x80131904): Could not find stored procedure 'GetPurchases'.
   at Microsoft.Data.SqlClient.SqlCommand.<>c.<ExecuteDbDataReaderAsync>b__195_0(Task`1 result)
   at System.Threading.Tasks.ContinuationResultTaskFromResultTask`2.InnerInvoke()
   at System.Threading.ExecutionContext.RunInternal(ExecutionContext executionContext, ContextCallback callback, Object state)
--- End of stack trace from previous location ---
   at System.Threading.ExecutionContext.RunInternal(ExecutionContext executionContext, ContextCallback callback, Object state)
   at System.Threading.Tasks.Task.ExecuteWithThreadLocal(Task& currentTaskSlot, Thread threadPoolThread)
--- End of stack trace from previous location ---
   at DevSkill.Inventory.Infrastructure.Utilities.SqlUtility.ExecuteQueryAsync[TReturn](DbCommand command) in C:\Users\Nasim Reza\Desktop\Final Project\aspnet-b11-nasim\src\DevSkill.Inventory.sln\DevSkill.Inventory.Infrastructure\Utilities\SqlUtility.cs:line 237
   at DevSkill.Inventory.Infrastructure.Utilities.SqlUtility.QueryWithStoredProcedureAsync[TReturn](String storedProcedureName, IDictionary`2 parameters, IDictionary`2 outParameters) in C:\Users\Nasim Reza\Desktop\Final Project\aspnet-b11-nasim\src\DevSkill.Inventory.sln\DevSkill.Inventory.Infrastructure\Utilities\SqlUtility.cs:line 100
   at DevSkill.Inventory.Infrastructure.Utilities.SqlUtility.QueryWithStoredProcedureAsync[TReturn](String storedProcedureName, IDictionary`2 parameters, IDictionary`2 outParameters) in C:\Users\Nasim Reza\Desktop\Final Project\aspnet-b11-nasim\src\DevSkill.Inventory.sln\DevSkill.Inventory.Infrastructure\Utilities\SqlUtility.cs:line 106
   at DevSkill.Inventory.Infrastructure.ApplicationUnitOfWork.GetPurchasesSP(Int32 pageIndex, Int32 pageSize, String orderBy, PurchaseSearchDto search) in C:\Users\Nasim Reza\Desktop\Final Project\aspnet-b11-nasim\src\DevSkill.Inventory.sln\DevSkill.Inventory.Infrastructure\ApplicationUnitOfWork.cs:line 83
   at DevSkill.Inventory.Application.Features.Purchases.Queries.GetPurchasesSPQueryHandler.Handle(GetPurchasesSPQuery request, CancellationToken cancellationToken) in C:\Users\Nasim Reza\Desktop\Final Project\aspnet-b11-nasim\src\DevSkill.Inventory.sln\DevSkill.Inventory.Application\Features\Purchases\Queries\GetPurchasesSPQueryHandler.cs:line 22
   at DevSkill.Inventory.Web.Areas.Admin.Controllers.PurchasesController.GetPurchasesJsonData(PurchaseListModel model) in C:\Users\Nasim Reza\Desktop\Final Project\aspnet-b11-nasim\src\DevSkill.Inventory.sln\DevSkill.Inventory.Web\Areas\Admin\Controllers\PurchasesController.cs:line 55
ClientConnectionId:11c6001d-d637-4573-996b-920c03d5e33b
Error Number:2812,State:62,Class:16
2025-06-19 23:34:46.498 +06:00 [ERR] Error loading purchase returns
Microsoft.Data.SqlClient.SqlException (0x80131904): Could not find stored procedure 'GetPurchaseReturns'.
   at Microsoft.Data.SqlClient.SqlCommand.<>c.<ExecuteDbDataReaderAsync>b__195_0(Task`1 result)
   at System.Threading.Tasks.ContinuationResultTaskFromResultTask`2.InnerInvoke()
   at System.Threading.ExecutionContext.RunInternal(ExecutionContext executionContext, ContextCallback callback, Object state)
--- End of stack trace from previous location ---
   at System.Threading.ExecutionContext.RunInternal(ExecutionContext executionContext, ContextCallback callback, Object state)
   at System.Threading.Tasks.Task.ExecuteWithThreadLocal(Task& currentTaskSlot, Thread threadPoolThread)
--- End of stack trace from previous location ---
   at DevSkill.Inventory.Infrastructure.Utilities.SqlUtility.ExecuteQueryAsync[TReturn](DbCommand command) in C:\Users\Nasim Reza\Desktop\Final Project\aspnet-b11-nasim\src\DevSkill.Inventory.sln\DevSkill.Inventory.Infrastructure\Utilities\SqlUtility.cs:line 237
   at DevSkill.Inventory.Infrastructure.Utilities.SqlUtility.QueryWithStoredProcedureAsync[TReturn](String storedProcedureName, IDictionary`2 parameters, IDictionary`2 outParameters) in C:\Users\Nasim Reza\Desktop\Final Project\aspnet-b11-nasim\src\DevSkill.Inventory.sln\DevSkill.Inventory.Infrastructure\Utilities\SqlUtility.cs:line 100
   at DevSkill.Inventory.Infrastructure.Utilities.SqlUtility.QueryWithStoredProcedureAsync[TReturn](String storedProcedureName, IDictionary`2 parameters, IDictionary`2 outParameters) in C:\Users\Nasim Reza\Desktop\Final Project\aspnet-b11-nasim\src\DevSkill.Inventory.sln\DevSkill.Inventory.Infrastructure\Utilities\SqlUtility.cs:line 106
   at DevSkill.Inventory.Infrastructure.ApplicationUnitOfWork.GetPurchaseReturnsSP(Int32 pageIndex, Int32 pageSize, String order, PurchaseReturnSearchDto search) in C:\Users\Nasim Reza\Desktop\Final Project\aspnet-b11-nasim\src\DevSkill.Inventory.sln\DevSkill.Inventory.Infrastructure\ApplicationUnitOfWork.cs:line 167
   at DevSkill.Inventory.Application.Features.PurchaseReturns.Queries.GetPurchaseReturnsSPQueryHandler.Handle(GetPurchaseReturnsSPQuery request, CancellationToken cancellationToken) in C:\Users\Nasim Reza\Desktop\Final Project\aspnet-b11-nasim\src\DevSkill.Inventory.sln\DevSkill.Inventory.Application\Features\PurchaseReturns\Queries\GetPurchaseReturnsSPQueryHandler.cs:line 23
   at DevSkill.Inventory.Web.Areas.Admin.Controllers.PurchasesController.GetPurchaseReturnsJsonData(PurchaseReturnListModel model) in C:\Users\Nasim Reza\Desktop\Final Project\aspnet-b11-nasim\src\DevSkill.Inventory.sln\DevSkill.Inventory.Web\Areas\Admin\Controllers\PurchasesController.cs:line 103
ClientConnectionId:11c6001d-d637-4573-996b-920c03d5e33b
Error Number:2812,State:62,Class:16
2025-06-19 23:35:01.040 +06:00 [ERR] Error loading service sales
Microsoft.Data.SqlClient.SqlException (0x80131904): Procedure or function 'GetServiceSales' expects parameter '@TotalCount', which was not supplied.
   at Microsoft.Data.SqlClient.SqlCommand.<>c.<ExecuteDbDataReaderAsync>b__195_0(Task`1 result)
   at System.Threading.Tasks.ContinuationResultTaskFromResultTask`2.InnerInvoke()
   at System.Threading.ExecutionContext.RunInternal(ExecutionContext executionContext, ContextCallback callback, Object state)
--- End of stack trace from previous location ---
   at System.Threading.ExecutionContext.RunInternal(ExecutionContext executionContext, ContextCallback callback, Object state)
   at System.Threading.Tasks.Task.ExecuteWithThreadLocal(Task& currentTaskSlot, Thread threadPoolThread)
--- End of stack trace from previous location ---
   at DevSkill.Inventory.Infrastructure.Utilities.SqlUtility.ExecuteQueryAsync[TReturn](DbCommand command) in C:\Users\Nasim Reza\Desktop\Final Project\aspnet-b11-nasim\src\DevSkill.Inventory.sln\DevSkill.Inventory.Infrastructure\Utilities\SqlUtility.cs:line 237
   at DevSkill.Inventory.Infrastructure.Utilities.SqlUtility.QueryWithStoredProcedureAsync[TReturn](String storedProcedureName, IDictionary`2 parameters, IDictionary`2 outParameters) in C:\Users\Nasim Reza\Desktop\Final Project\aspnet-b11-nasim\src\DevSkill.Inventory.sln\DevSkill.Inventory.Infrastructure\Utilities\SqlUtility.cs:line 100
   at DevSkill.Inventory.Infrastructure.Utilities.SqlUtility.QueryWithStoredProcedureAsync[TReturn](String storedProcedureName, IDictionary`2 parameters, IDictionary`2 outParameters) in C:\Users\Nasim Reza\Desktop\Final Project\aspnet-b11-nasim\src\DevSkill.Inventory.sln\DevSkill.Inventory.Infrastructure\Utilities\SqlUtility.cs:line 106
   at DevSkill.Inventory.Infrastructure.ApplicationUnitOfWork.GetServiceSalesSP(Int32 pageIndex, Int32 pageSize, String order, ServiceSaleSearchDto search) in C:\Users\Nasim Reza\Desktop\Final Project\aspnet-b11-nasim\src\DevSkill.Inventory.sln\DevSkill.Inventory.Infrastructure\ApplicationUnitOfWork.cs:line 215
   at DevSkill.Inventory.Application.Features.ServiceSales.Queries.GetServiceSalesSPQueryHandler.Handle(GetServiceSalesSPQuery request, CancellationToken cancellationToken) in C:\Users\Nasim Reza\Desktop\Final Project\aspnet-b11-nasim\src\DevSkill.Inventory.sln\DevSkill.Inventory.Application\Features\ServiceSales\Queries\GetServiceSalesSPQueryHandler.cs:line 25
   at DevSkill.Inventory.Web.Areas.Admin.Controllers.ServiceSalesController.GetServiceSalesJsonData(ServiceSaleListModel model) in C:\Users\Nasim Reza\Desktop\Final Project\aspnet-b11-nasim\src\DevSkill.Inventory.sln\DevSkill.Inventory.Web\Areas\Admin\Controllers\ServiceSalesController.cs:line 129
ClientConnectionId:11c6001d-d637-4573-996b-920c03d5e33b
Error Number:201,State:4,Class:16
2025-06-19 23:35:01.442 +06:00 [ERR] Error loading quotations
Microsoft.Data.SqlClient.SqlException (0x80131904): @FromDate is not a parameter for procedure GetQuotations.
   at Microsoft.Data.SqlClient.SqlCommand.<>c.<ExecuteDbDataReaderAsync>b__195_0(Task`1 result)
   at System.Threading.Tasks.ContinuationResultTaskFromResultTask`2.InnerInvoke()
   at System.Threading.ExecutionContext.RunInternal(ExecutionContext executionContext, ContextCallback callback, Object state)
--- End of stack trace from previous location ---
   at System.Threading.ExecutionContext.RunInternal(ExecutionContext executionContext, ContextCallback callback, Object state)
   at System.Threading.Tasks.Task.ExecuteWithThreadLocal(Task& currentTaskSlot, Thread threadPoolThread)
--- End of stack trace from previous location ---
   at DevSkill.Inventory.Infrastructure.Utilities.SqlUtility.ExecuteQueryAsync[TReturn](DbCommand command) in C:\Users\Nasim Reza\Desktop\Final Project\aspnet-b11-nasim\src\DevSkill.Inventory.sln\DevSkill.Inventory.Infrastructure\Utilities\SqlUtility.cs:line 237
   at DevSkill.Inventory.Infrastructure.Utilities.SqlUtility.QueryWithStoredProcedureAsync[TReturn](String storedProcedureName, IDictionary`2 parameters, IDictionary`2 outParameters) in C:\Users\Nasim Reza\Desktop\Final Project\aspnet-b11-nasim\src\DevSkill.Inventory.sln\DevSkill.Inventory.Infrastructure\Utilities\SqlUtility.cs:line 100
   at DevSkill.Inventory.Infrastructure.Utilities.SqlUtility.QueryWithStoredProcedureAsync[TReturn](String storedProcedureName, IDictionary`2 parameters, IDictionary`2 outParameters) in C:\Users\Nasim Reza\Desktop\Final Project\aspnet-b11-nasim\src\DevSkill.Inventory.sln\DevSkill.Inventory.Infrastructure\Utilities\SqlUtility.cs:line 106
   at DevSkill.Inventory.Infrastructure.ApplicationUnitOfWork.GetQuotationsSP(Int32 pageIndex, Int32 pageSize, String order, QuotationSearchDto search) in C:\Users\Nasim Reza\Desktop\Final Project\aspnet-b11-nasim\src\DevSkill.Inventory.sln\DevSkill.Inventory.Infrastructure\ApplicationUnitOfWork.cs:line 262
   at DevSkill.Inventory.Application.Features.Quotations.Queries.GetQuotationsSPQueryHandler.Handle(GetQuotationsSPQuery request, CancellationToken cancellationToken) in C:\Users\Nasim Reza\Desktop\Final Project\aspnet-b11-nasim\src\DevSkill.Inventory.sln\DevSkill.Inventory.Application\Features\Quotations\Queries\GetQuotationsSPQueryHandler.cs:line 23
   at DevSkill.Inventory.Web.Areas.Admin.Controllers.QuotationsController.GetQuotationsJsonData(QuotationListModel model) in C:\Users\Nasim Reza\Desktop\Final Project\aspnet-b11-nasim\src\DevSkill.Inventory.sln\DevSkill.Inventory.Web\Areas\Admin\Controllers\QuotationsController.cs:line 47
ClientConnectionId:11c6001d-d637-4573-996b-920c03d5e33b
Error Number:8145,State:1,Class:16
2025-06-19 23:35:13.397 +06:00 [ERR] Error loading quotations
Microsoft.Data.SqlClient.SqlException (0x80131904): @FromDate is not a parameter for procedure GetQuotations.
   at Microsoft.Data.SqlClient.SqlCommand.<>c.<ExecuteDbDataReaderAsync>b__195_0(Task`1 result)
   at System.Threading.Tasks.ContinuationResultTaskFromResultTask`2.InnerInvoke()
   at System.Threading.ExecutionContext.RunInternal(ExecutionContext executionContext, ContextCallback callback, Object state)
--- End of stack trace from previous location ---
   at System.Threading.ExecutionContext.RunInternal(ExecutionContext executionContext, ContextCallback callback, Object state)
   at System.Threading.Tasks.Task.ExecuteWithThreadLocal(Task& currentTaskSlot, Thread threadPoolThread)
--- End of stack trace from previous location ---
   at DevSkill.Inventory.Infrastructure.Utilities.SqlUtility.ExecuteQueryAsync[TReturn](DbCommand command) in C:\Users\Nasim Reza\Desktop\Final Project\aspnet-b11-nasim\src\DevSkill.Inventory.sln\DevSkill.Inventory.Infrastructure\Utilities\SqlUtility.cs:line 237
   at DevSkill.Inventory.Infrastructure.Utilities.SqlUtility.QueryWithStoredProcedureAsync[TReturn](String storedProcedureName, IDictionary`2 parameters, IDictionary`2 outParameters) in C:\Users\Nasim Reza\Desktop\Final Project\aspnet-b11-nasim\src\DevSkill.Inventory.sln\DevSkill.Inventory.Infrastructure\Utilities\SqlUtility.cs:line 100
   at DevSkill.Inventory.Infrastructure.Utilities.SqlUtility.QueryWithStoredProcedureAsync[TReturn](String storedProcedureName, IDictionary`2 parameters, IDictionary`2 outParameters) in C:\Users\Nasim Reza\Desktop\Final Project\aspnet-b11-nasim\src\DevSkill.Inventory.sln\DevSkill.Inventory.Infrastructure\Utilities\SqlUtility.cs:line 106
   at DevSkill.Inventory.Infrastructure.ApplicationUnitOfWork.GetQuotationsSP(Int32 pageIndex, Int32 pageSize, String order, QuotationSearchDto search) in C:\Users\Nasim Reza\Desktop\Final Project\aspnet-b11-nasim\src\DevSkill.Inventory.sln\DevSkill.Inventory.Infrastructure\ApplicationUnitOfWork.cs:line 262
   at DevSkill.Inventory.Application.Features.Quotations.Queries.GetQuotationsSPQueryHandler.Handle(GetQuotationsSPQuery request, CancellationToken cancellationToken) in C:\Users\Nasim Reza\Desktop\Final Project\aspnet-b11-nasim\src\DevSkill.Inventory.sln\DevSkill.Inventory.Application\Features\Quotations\Queries\GetQuotationsSPQueryHandler.cs:line 23
   at DevSkill.Inventory.Web.Areas.Admin.Controllers.QuotationsController.GetQuotationsJsonData(QuotationListModel model) in C:\Users\Nasim Reza\Desktop\Final Project\aspnet-b11-nasim\src\DevSkill.Inventory.sln\DevSkill.Inventory.Web\Areas\Admin\Controllers\QuotationsController.cs:line 47
ClientConnectionId:11c6001d-d637-4573-996b-920c03d5e33b
Error Number:8145,State:1,Class:16
2025-06-19 23:35:17.717 +06:00 [ERR] Error loading quotations
Microsoft.Data.SqlClient.SqlException (0x80131904): @FromDate is not a parameter for procedure GetQuotations.
   at Microsoft.Data.SqlClient.SqlCommand.<>c.<ExecuteDbDataReaderAsync>b__195_0(Task`1 result)
   at System.Threading.Tasks.ContinuationResultTaskFromResultTask`2.InnerInvoke()
   at System.Threading.ExecutionContext.RunInternal(ExecutionContext executionContext, ContextCallback callback, Object state)
--- End of stack trace from previous location ---
   at System.Threading.ExecutionContext.RunInternal(ExecutionContext executionContext, ContextCallback callback, Object state)
   at System.Threading.Tasks.Task.ExecuteWithThreadLocal(Task& currentTaskSlot, Thread threadPoolThread)
--- End of stack trace from previous location ---
   at DevSkill.Inventory.Infrastructure.Utilities.SqlUtility.ExecuteQueryAsync[TReturn](DbCommand command) in C:\Users\Nasim Reza\Desktop\Final Project\aspnet-b11-nasim\src\DevSkill.Inventory.sln\DevSkill.Inventory.Infrastructure\Utilities\SqlUtility.cs:line 237
   at DevSkill.Inventory.Infrastructure.Utilities.SqlUtility.QueryWithStoredProcedureAsync[TReturn](String storedProcedureName, IDictionary`2 parameters, IDictionary`2 outParameters) in C:\Users\Nasim Reza\Desktop\Final Project\aspnet-b11-nasim\src\DevSkill.Inventory.sln\DevSkill.Inventory.Infrastructure\Utilities\SqlUtility.cs:line 100
   at DevSkill.Inventory.Infrastructure.Utilities.SqlUtility.QueryWithStoredProcedureAsync[TReturn](String storedProcedureName, IDictionary`2 parameters, IDictionary`2 outParameters) in C:\Users\Nasim Reza\Desktop\Final Project\aspnet-b11-nasim\src\DevSkill.Inventory.sln\DevSkill.Inventory.Infrastructure\Utilities\SqlUtility.cs:line 106
   at DevSkill.Inventory.Infrastructure.ApplicationUnitOfWork.GetQuotationsSP(Int32 pageIndex, Int32 pageSize, String order, QuotationSearchDto search) in C:\Users\Nasim Reza\Desktop\Final Project\aspnet-b11-nasim\src\DevSkill.Inventory.sln\DevSkill.Inventory.Infrastructure\ApplicationUnitOfWork.cs:line 262
   at DevSkill.Inventory.Application.Features.Quotations.Queries.GetQuotationsSPQueryHandler.Handle(GetQuotationsSPQuery request, CancellationToken cancellationToken) in C:\Users\Nasim Reza\Desktop\Final Project\aspnet-b11-nasim\src\DevSkill.Inventory.sln\DevSkill.Inventory.Application\Features\Quotations\Queries\GetQuotationsSPQueryHandler.cs:line 23
   at DevSkill.Inventory.Web.Areas.Admin.Controllers.QuotationsController.GetQuotationsJsonData(QuotationListModel model) in C:\Users\Nasim Reza\Desktop\Final Project\aspnet-b11-nasim\src\DevSkill.Inventory.sln\DevSkill.Inventory.Web\Areas\Admin\Controllers\QuotationsController.cs:line 47
ClientConnectionId:11c6001d-d637-4573-996b-920c03d5e33b
Error Number:8145,State:1,Class:16
2025-06-19 23:35:23.669 +06:00 [ERR] Error loading quotations
Microsoft.Data.SqlClient.SqlException (0x80131904): @FromDate is not a parameter for procedure GetQuotations.
   at Microsoft.Data.SqlClient.SqlCommand.<>c.<ExecuteDbDataReaderAsync>b__195_0(Task`1 result)
   at System.Threading.Tasks.ContinuationResultTaskFromResultTask`2.InnerInvoke()
   at System.Threading.ExecutionContext.RunInternal(ExecutionContext executionContext, ContextCallback callback, Object state)
--- End of stack trace from previous location ---
   at System.Threading.ExecutionContext.RunInternal(ExecutionContext executionContext, ContextCallback callback, Object state)
   at System.Threading.Tasks.Task.ExecuteWithThreadLocal(Task& currentTaskSlot, Thread threadPoolThread)
--- End of stack trace from previous location ---
   at DevSkill.Inventory.Infrastructure.Utilities.SqlUtility.ExecuteQueryAsync[TReturn](DbCommand command) in C:\Users\Nasim Reza\Desktop\Final Project\aspnet-b11-nasim\src\DevSkill.Inventory.sln\DevSkill.Inventory.Infrastructure\Utilities\SqlUtility.cs:line 237
   at DevSkill.Inventory.Infrastructure.Utilities.SqlUtility.QueryWithStoredProcedureAsync[TReturn](String storedProcedureName, IDictionary`2 parameters, IDictionary`2 outParameters) in C:\Users\Nasim Reza\Desktop\Final Project\aspnet-b11-nasim\src\DevSkill.Inventory.sln\DevSkill.Inventory.Infrastructure\Utilities\SqlUtility.cs:line 100
   at DevSkill.Inventory.Infrastructure.Utilities.SqlUtility.QueryWithStoredProcedureAsync[TReturn](String storedProcedureName, IDictionary`2 parameters, IDictionary`2 outParameters) in C:\Users\Nasim Reza\Desktop\Final Project\aspnet-b11-nasim\src\DevSkill.Inventory.sln\DevSkill.Inventory.Infrastructure\Utilities\SqlUtility.cs:line 106
   at DevSkill.Inventory.Infrastructure.ApplicationUnitOfWork.GetQuotationsSP(Int32 pageIndex, Int32 pageSize, String order, QuotationSearchDto search) in C:\Users\Nasim Reza\Desktop\Final Project\aspnet-b11-nasim\src\DevSkill.Inventory.sln\DevSkill.Inventory.Infrastructure\ApplicationUnitOfWork.cs:line 262
   at DevSkill.Inventory.Application.Features.Quotations.Queries.GetQuotationsSPQueryHandler.Handle(GetQuotationsSPQuery request, CancellationToken cancellationToken) in C:\Users\Nasim Reza\Desktop\Final Project\aspnet-b11-nasim\src\DevSkill.Inventory.sln\DevSkill.Inventory.Application\Features\Quotations\Queries\GetQuotationsSPQueryHandler.cs:line 23
   at DevSkill.Inventory.Web.Areas.Admin.Controllers.QuotationsController.GetQuotationsJsonData(QuotationListModel model) in C:\Users\Nasim Reza\Desktop\Final Project\aspnet-b11-nasim\src\DevSkill.Inventory.sln\DevSkill.Inventory.Web\Areas\Admin\Controllers\QuotationsController.cs:line 47
ClientConnectionId:11c6001d-d637-4573-996b-920c03d5e33b
Error Number:8145,State:1,Class:16
2025-06-19 23:37:08.554 +06:00 [INF] Application Starting...17-jan
2025-06-19 23:37:08.587 +06:00 [INF] This is Nasim Reza Hridoy
2025-06-19 23:37:08.588 +06:00 [ERR] An error occurred while starting the application.
2025-06-19 23:37:10.753 +06:00 [INF] This is Nasim Reza
2025-06-19 23:37:10.768 +06:00 [INF] This is a test log entry to verify database logging.
2025-06-19 23:41:51.136 +06:00 [INF] Application Starting...17-jan
2025-06-19 23:41:51.171 +06:00 [INF] This is Nasim Reza Hridoy
2025-06-19 23:41:51.171 +06:00 [ERR] An error occurred while starting the application.
2025-06-19 23:41:53.786 +06:00 [INF] This is Nasim Reza
2025-06-19 23:41:53.804 +06:00 [INF] This is a test log entry to verify database logging.
2025-06-19 23:42:01.360 +06:00 [ERR] Error loading quotations
Microsoft.Data.SqlClient.SqlException (0x80131904): @FromDate is not a parameter for procedure GetQuotations.
   at Microsoft.Data.SqlClient.SqlCommand.<>c.<ExecuteDbDataReaderAsync>b__195_0(Task`1 result)
   at System.Threading.Tasks.ContinuationResultTaskFromResultTask`2.InnerInvoke()
   at System.Threading.ExecutionContext.RunInternal(ExecutionContext executionContext, ContextCallback callback, Object state)
--- End of stack trace from previous location ---
   at System.Threading.ExecutionContext.RunInternal(ExecutionContext executionContext, ContextCallback callback, Object state)
   at System.Threading.Tasks.Task.ExecuteWithThreadLocal(Task& currentTaskSlot, Thread threadPoolThread)
--- End of stack trace from previous location ---
   at DevSkill.Inventory.Infrastructure.Utilities.SqlUtility.ExecuteQueryAsync[TReturn](DbCommand command) in C:\Users\Nasim Reza\Desktop\Final Project\aspnet-b11-nasim\src\DevSkill.Inventory.sln\DevSkill.Inventory.Infrastructure\Utilities\SqlUtility.cs:line 237
   at DevSkill.Inventory.Infrastructure.Utilities.SqlUtility.QueryWithStoredProcedureAsync[TReturn](String storedProcedureName, IDictionary`2 parameters, IDictionary`2 outParameters) in C:\Users\Nasim Reza\Desktop\Final Project\aspnet-b11-nasim\src\DevSkill.Inventory.sln\DevSkill.Inventory.Infrastructure\Utilities\SqlUtility.cs:line 100
   at DevSkill.Inventory.Infrastructure.Utilities.SqlUtility.QueryWithStoredProcedureAsync[TReturn](String storedProcedureName, IDictionary`2 parameters, IDictionary`2 outParameters) in C:\Users\Nasim Reza\Desktop\Final Project\aspnet-b11-nasim\src\DevSkill.Inventory.sln\DevSkill.Inventory.Infrastructure\Utilities\SqlUtility.cs:line 106
   at DevSkill.Inventory.Infrastructure.ApplicationUnitOfWork.GetQuotationsSP(Int32 pageIndex, Int32 pageSize, String order, QuotationSearchDto search) in C:\Users\Nasim Reza\Desktop\Final Project\aspnet-b11-nasim\src\DevSkill.Inventory.sln\DevSkill.Inventory.Infrastructure\ApplicationUnitOfWork.cs:line 267
   at DevSkill.Inventory.Application.Features.Quotations.Queries.GetQuotationsSPQueryHandler.Handle(GetQuotationsSPQuery request, CancellationToken cancellationToken) in C:\Users\Nasim Reza\Desktop\Final Project\aspnet-b11-nasim\src\DevSkill.Inventory.sln\DevSkill.Inventory.Application\Features\Quotations\Queries\GetQuotationsSPQueryHandler.cs:line 23
   at DevSkill.Inventory.Web.Areas.Admin.Controllers.QuotationsController.GetQuotationsJsonData(QuotationListModel model) in C:\Users\Nasim Reza\Desktop\Final Project\aspnet-b11-nasim\src\DevSkill.Inventory.sln\DevSkill.Inventory.Web\Areas\Admin\Controllers\QuotationsController.cs:line 47
ClientConnectionId:7dae36be-6db4-475f-9cab-dcd738e46d17
Error Number:8145,State:1,Class:16
2025-06-19 23:42:09.824 +06:00 [ERR] Error loading service sales
Microsoft.Data.SqlClient.SqlException (0x80131904): Procedure or function 'GetServiceSales' expects parameter '@TotalCount', which was not supplied.
   at Microsoft.Data.SqlClient.SqlCommand.<>c.<ExecuteDbDataReaderAsync>b__195_0(Task`1 result)
   at System.Threading.Tasks.ContinuationResultTaskFromResultTask`2.InnerInvoke()
   at System.Threading.ExecutionContext.RunInternal(ExecutionContext executionContext, ContextCallback callback, Object state)
--- End of stack trace from previous location ---
   at System.Threading.ExecutionContext.RunInternal(ExecutionContext executionContext, ContextCallback callback, Object state)
   at System.Threading.Tasks.Task.ExecuteWithThreadLocal(Task& currentTaskSlot, Thread threadPoolThread)
--- End of stack trace from previous location ---
   at DevSkill.Inventory.Infrastructure.Utilities.SqlUtility.ExecuteQueryAsync[TReturn](DbCommand command) in C:\Users\Nasim Reza\Desktop\Final Project\aspnet-b11-nasim\src\DevSkill.Inventory.sln\DevSkill.Inventory.Infrastructure\Utilities\SqlUtility.cs:line 237
   at DevSkill.Inventory.Infrastructure.Utilities.SqlUtility.QueryWithStoredProcedureAsync[TReturn](String storedProcedureName, IDictionary`2 parameters, IDictionary`2 outParameters) in C:\Users\Nasim Reza\Desktop\Final Project\aspnet-b11-nasim\src\DevSkill.Inventory.sln\DevSkill.Inventory.Infrastructure\Utilities\SqlUtility.cs:line 100
   at DevSkill.Inventory.Infrastructure.Utilities.SqlUtility.QueryWithStoredProcedureAsync[TReturn](String storedProcedureName, IDictionary`2 parameters, IDictionary`2 outParameters) in C:\Users\Nasim Reza\Desktop\Final Project\aspnet-b11-nasim\src\DevSkill.Inventory.sln\DevSkill.Inventory.Infrastructure\Utilities\SqlUtility.cs:line 106
   at DevSkill.Inventory.Infrastructure.ApplicationUnitOfWork.GetServiceSalesSP(Int32 pageIndex, Int32 pageSize, String order, ServiceSaleSearchDto search) in C:\Users\Nasim Reza\Desktop\Final Project\aspnet-b11-nasim\src\DevSkill.Inventory.sln\DevSkill.Inventory.Infrastructure\ApplicationUnitOfWork.cs:line 220
   at DevSkill.Inventory.Application.Features.ServiceSales.Queries.GetServiceSalesSPQueryHandler.Handle(GetServiceSalesSPQuery request, CancellationToken cancellationToken) in C:\Users\Nasim Reza\Desktop\Final Project\aspnet-b11-nasim\src\DevSkill.Inventory.sln\DevSkill.Inventory.Application\Features\ServiceSales\Queries\GetServiceSalesSPQueryHandler.cs:line 25
   at DevSkill.Inventory.Web.Areas.Admin.Controllers.ServiceSalesController.GetServiceSalesJsonData(ServiceSaleListModel model) in C:\Users\Nasim Reza\Desktop\Final Project\aspnet-b11-nasim\src\DevSkill.Inventory.sln\DevSkill.Inventory.Web\Areas\Admin\Controllers\ServiceSalesController.cs:line 129
ClientConnectionId:7dae36be-6db4-475f-9cab-dcd738e46d17
Error Number:201,State:4,Class:16
2025-06-19 23:42:17.445 +06:00 [ERR] Error loading service data
AutoMapper.AutoMapperMappingException: Missing type map configuration or unsupported mapping.

Mapping types:
ServiceSearchModel -> ServiceSearchDto
DevSkill.Inventory.Web.Areas.Admin.Models.ServicesModels.ServiceSearchModel -> DevSkill.Inventory.Domain.Dtos.ServiceSearchDto
   at lambda_method803(Closure, Object, ServiceSearchDto, ResolutionContext)
   at DevSkill.Inventory.Web.Areas.Admin.Controllers.ServicesController.GetServicesJsonData(ServiceListModel model) in C:\Users\Nasim Reza\Desktop\Final Project\aspnet-b11-nasim\src\DevSkill.Inventory.sln\DevSkill.Inventory.Web\Areas\Admin\Controllers\ServicesController.cs:line 36
2025-06-19 23:42:18.531 +06:00 [ERR] Error loading service data
AutoMapper.AutoMapperMappingException: Missing type map configuration or unsupported mapping.

Mapping types:
ServiceSearchModel -> ServiceSearchDto
DevSkill.Inventory.Web.Areas.Admin.Models.ServicesModels.ServiceSearchModel -> DevSkill.Inventory.Domain.Dtos.ServiceSearchDto
   at lambda_method803(Closure, Object, ServiceSearchDto, ResolutionContext)
   at DevSkill.Inventory.Web.Areas.Admin.Controllers.ServicesController.GetServicesJsonData(ServiceListModel model) in C:\Users\Nasim Reza\Desktop\Final Project\aspnet-b11-nasim\src\DevSkill.Inventory.sln\DevSkill.Inventory.Web\Areas\Admin\Controllers\ServicesController.cs:line 36
2025-06-19 23:42:20.368 +06:00 [ERR] Error loading service data
AutoMapper.AutoMapperMappingException: Missing type map configuration or unsupported mapping.

Mapping types:
ServiceSearchModel -> ServiceSearchDto
DevSkill.Inventory.Web.Areas.Admin.Models.ServicesModels.ServiceSearchModel -> DevSkill.Inventory.Domain.Dtos.ServiceSearchDto
   at lambda_method803(Closure, Object, ServiceSearchDto, ResolutionContext)
   at DevSkill.Inventory.Web.Areas.Admin.Controllers.ServicesController.GetServicesJsonData(ServiceListModel model) in C:\Users\Nasim Reza\Desktop\Final Project\aspnet-b11-nasim\src\DevSkill.Inventory.sln\DevSkill.Inventory.Web\Areas\Admin\Controllers\ServicesController.cs:line 36
2025-06-19 23:42:30.669 +06:00 [INF] Application Starting...17-jan
2025-06-19 23:42:30.703 +06:00 [INF] This is Nasim Reza Hridoy
2025-06-19 23:42:30.703 +06:00 [ERR] An error occurred while starting the application.
2025-06-19 23:42:33.200 +06:00 [INF] This is Nasim Reza
2025-06-19 23:42:33.216 +06:00 [INF] This is a test log entry to verify database logging.
2025-06-19 23:42:41.814 +06:00 [ERR] Error loading service data
AutoMapper.AutoMapperMappingException: Missing type map configuration or unsupported mapping.

Mapping types:
ServiceSearchModel -> ServiceSearchDto
DevSkill.Inventory.Web.Areas.Admin.Models.ServicesModels.ServiceSearchModel -> DevSkill.Inventory.Domain.Dtos.ServiceSearchDto
   at lambda_method795(Closure, Object, ServiceSearchDto, ResolutionContext)
   at DevSkill.Inventory.Web.Areas.Admin.Controllers.ServicesController.GetServicesJsonData(ServiceListModel model) in C:\Users\Nasim Reza\Desktop\Final Project\aspnet-b11-nasim\src\DevSkill.Inventory.sln\DevSkill.Inventory.Web\Areas\Admin\Controllers\ServicesController.cs:line 36
2025-06-19 23:42:43.138 +06:00 [ERR] Error loading service sales
Microsoft.Data.SqlClient.SqlException (0x80131904): Procedure or function 'GetServiceSales' expects parameter '@TotalCount', which was not supplied.
   at Microsoft.Data.SqlClient.SqlCommand.<>c.<ExecuteDbDataReaderAsync>b__195_0(Task`1 result)
   at System.Threading.Tasks.ContinuationResultTaskFromResultTask`2.InnerInvoke()
   at System.Threading.ExecutionContext.RunInternal(ExecutionContext executionContext, ContextCallback callback, Object state)
--- End of stack trace from previous location ---
   at System.Threading.ExecutionContext.RunInternal(ExecutionContext executionContext, ContextCallback callback, Object state)
   at System.Threading.Tasks.Task.ExecuteWithThreadLocal(Task& currentTaskSlot, Thread threadPoolThread)
--- End of stack trace from previous location ---
   at DevSkill.Inventory.Infrastructure.Utilities.SqlUtility.ExecuteQueryAsync[TReturn](DbCommand command) in C:\Users\Nasim Reza\Desktop\Final Project\aspnet-b11-nasim\src\DevSkill.Inventory.sln\DevSkill.Inventory.Infrastructure\Utilities\SqlUtility.cs:line 237
   at DevSkill.Inventory.Infrastructure.Utilities.SqlUtility.QueryWithStoredProcedureAsync[TReturn](String storedProcedureName, IDictionary`2 parameters, IDictionary`2 outParameters) in C:\Users\Nasim Reza\Desktop\Final Project\aspnet-b11-nasim\src\DevSkill.Inventory.sln\DevSkill.Inventory.Infrastructure\Utilities\SqlUtility.cs:line 100
   at DevSkill.Inventory.Infrastructure.Utilities.SqlUtility.QueryWithStoredProcedureAsync[TReturn](String storedProcedureName, IDictionary`2 parameters, IDictionary`2 outParameters) in C:\Users\Nasim Reza\Desktop\Final Project\aspnet-b11-nasim\src\DevSkill.Inventory.sln\DevSkill.Inventory.Infrastructure\Utilities\SqlUtility.cs:line 106
   at DevSkill.Inventory.Infrastructure.ApplicationUnitOfWork.GetServiceSalesSP(Int32 pageIndex, Int32 pageSize, String order, ServiceSaleSearchDto search) in C:\Users\Nasim Reza\Desktop\Final Project\aspnet-b11-nasim\src\DevSkill.Inventory.sln\DevSkill.Inventory.Infrastructure\ApplicationUnitOfWork.cs:line 220
   at DevSkill.Inventory.Application.Features.ServiceSales.Queries.GetServiceSalesSPQueryHandler.Handle(GetServiceSalesSPQuery request, CancellationToken cancellationToken) in C:\Users\Nasim Reza\Desktop\Final Project\aspnet-b11-nasim\src\DevSkill.Inventory.sln\DevSkill.Inventory.Application\Features\ServiceSales\Queries\GetServiceSalesSPQueryHandler.cs:line 25
   at DevSkill.Inventory.Web.Areas.Admin.Controllers.ServiceSalesController.GetServiceSalesJsonData(ServiceSaleListModel model) in C:\Users\Nasim Reza\Desktop\Final Project\aspnet-b11-nasim\src\DevSkill.Inventory.sln\DevSkill.Inventory.Web\Areas\Admin\Controllers\ServiceSalesController.cs:line 129
ClientConnectionId:7568eeab-a2d2-4478-b1db-1c8077fa5733
Error Number:201,State:4,Class:16
2025-06-19 23:42:44.212 +06:00 [ERR] Error loading quotations
Microsoft.Data.SqlClient.SqlException (0x80131904): @FromDate is not a parameter for procedure GetQuotations.
   at Microsoft.Data.SqlClient.SqlCommand.<>c.<ExecuteDbDataReaderAsync>b__195_0(Task`1 result)
   at System.Threading.Tasks.ContinuationResultTaskFromResultTask`2.InnerInvoke()
   at System.Threading.ExecutionContext.RunInternal(ExecutionContext executionContext, ContextCallback callback, Object state)
--- End of stack trace from previous location ---
   at System.Threading.ExecutionContext.RunInternal(ExecutionContext executionContext, ContextCallback callback, Object state)
   at System.Threading.Tasks.Task.ExecuteWithThreadLocal(Task& currentTaskSlot, Thread threadPoolThread)
--- End of stack trace from previous location ---
   at DevSkill.Inventory.Infrastructure.Utilities.SqlUtility.ExecuteQueryAsync[TReturn](DbCommand command) in C:\Users\Nasim Reza\Desktop\Final Project\aspnet-b11-nasim\src\DevSkill.Inventory.sln\DevSkill.Inventory.Infrastructure\Utilities\SqlUtility.cs:line 237
   at DevSkill.Inventory.Infrastructure.Utilities.SqlUtility.QueryWithStoredProcedureAsync[TReturn](String storedProcedureName, IDictionary`2 parameters, IDictionary`2 outParameters) in C:\Users\Nasim Reza\Desktop\Final Project\aspnet-b11-nasim\src\DevSkill.Inventory.sln\DevSkill.Inventory.Infrastructure\Utilities\SqlUtility.cs:line 100
   at DevSkill.Inventory.Infrastructure.Utilities.SqlUtility.QueryWithStoredProcedureAsync[TReturn](String storedProcedureName, IDictionary`2 parameters, IDictionary`2 outParameters) in C:\Users\Nasim Reza\Desktop\Final Project\aspnet-b11-nasim\src\DevSkill.Inventory.sln\DevSkill.Inventory.Infrastructure\Utilities\SqlUtility.cs:line 106
   at DevSkill.Inventory.Infrastructure.ApplicationUnitOfWork.GetQuotationsSP(Int32 pageIndex, Int32 pageSize, String order, QuotationSearchDto search) in C:\Users\Nasim Reza\Desktop\Final Project\aspnet-b11-nasim\src\DevSkill.Inventory.sln\DevSkill.Inventory.Infrastructure\ApplicationUnitOfWork.cs:line 267
   at DevSkill.Inventory.Application.Features.Quotations.Queries.GetQuotationsSPQueryHandler.Handle(GetQuotationsSPQuery request, CancellationToken cancellationToken) in C:\Users\Nasim Reza\Desktop\Final Project\aspnet-b11-nasim\src\DevSkill.Inventory.sln\DevSkill.Inventory.Application\Features\Quotations\Queries\GetQuotationsSPQueryHandler.cs:line 23
   at DevSkill.Inventory.Web.Areas.Admin.Controllers.QuotationsController.GetQuotationsJsonData(QuotationListModel model) in C:\Users\Nasim Reza\Desktop\Final Project\aspnet-b11-nasim\src\DevSkill.Inventory.sln\DevSkill.Inventory.Web\Areas\Admin\Controllers\QuotationsController.cs:line 47
ClientConnectionId:7568eeab-a2d2-4478-b1db-1c8077fa5733
Error Number:8145,State:1,Class:16
2025-06-19 23:42:45.313 +06:00 [ERR] Error loading service sales
Microsoft.Data.SqlClient.SqlException (0x80131904): Procedure or function 'GetServiceSales' expects parameter '@TotalCount', which was not supplied.
   at Microsoft.Data.SqlClient.SqlCommand.<>c.<ExecuteDbDataReaderAsync>b__195_0(Task`1 result)
   at System.Threading.Tasks.ContinuationResultTaskFromResultTask`2.InnerInvoke()
   at System.Threading.ExecutionContext.RunInternal(ExecutionContext executionContext, ContextCallback callback, Object state)
--- End of stack trace from previous location ---
   at System.Threading.ExecutionContext.RunInternal(ExecutionContext executionContext, ContextCallback callback, Object state)
   at System.Threading.Tasks.Task.ExecuteWithThreadLocal(Task& currentTaskSlot, Thread threadPoolThread)
--- End of stack trace from previous location ---
   at DevSkill.Inventory.Infrastructure.Utilities.SqlUtility.ExecuteQueryAsync[TReturn](DbCommand command) in C:\Users\Nasim Reza\Desktop\Final Project\aspnet-b11-nasim\src\DevSkill.Inventory.sln\DevSkill.Inventory.Infrastructure\Utilities\SqlUtility.cs:line 237
   at DevSkill.Inventory.Infrastructure.Utilities.SqlUtility.QueryWithStoredProcedureAsync[TReturn](String storedProcedureName, IDictionary`2 parameters, IDictionary`2 outParameters) in C:\Users\Nasim Reza\Desktop\Final Project\aspnet-b11-nasim\src\DevSkill.Inventory.sln\DevSkill.Inventory.Infrastructure\Utilities\SqlUtility.cs:line 100
   at DevSkill.Inventory.Infrastructure.Utilities.SqlUtility.QueryWithStoredProcedureAsync[TReturn](String storedProcedureName, IDictionary`2 parameters, IDictionary`2 outParameters) in C:\Users\Nasim Reza\Desktop\Final Project\aspnet-b11-nasim\src\DevSkill.Inventory.sln\DevSkill.Inventory.Infrastructure\Utilities\SqlUtility.cs:line 106
   at DevSkill.Inventory.Infrastructure.ApplicationUnitOfWork.GetServiceSalesSP(Int32 pageIndex, Int32 pageSize, String order, ServiceSaleSearchDto search) in C:\Users\Nasim Reza\Desktop\Final Project\aspnet-b11-nasim\src\DevSkill.Inventory.sln\DevSkill.Inventory.Infrastructure\ApplicationUnitOfWork.cs:line 220
   at DevSkill.Inventory.Application.Features.ServiceSales.Queries.GetServiceSalesSPQueryHandler.Handle(GetServiceSalesSPQuery request, CancellationToken cancellationToken) in C:\Users\Nasim Reza\Desktop\Final Project\aspnet-b11-nasim\src\DevSkill.Inventory.sln\DevSkill.Inventory.Application\Features\ServiceSales\Queries\GetServiceSalesSPQueryHandler.cs:line 25
   at DevSkill.Inventory.Web.Areas.Admin.Controllers.ServiceSalesController.GetServiceSalesJsonData(ServiceSaleListModel model) in C:\Users\Nasim Reza\Desktop\Final Project\aspnet-b11-nasim\src\DevSkill.Inventory.sln\DevSkill.Inventory.Web\Areas\Admin\Controllers\ServiceSalesController.cs:line 129
ClientConnectionId:7568eeab-a2d2-4478-b1db-1c8077fa5733
Error Number:201,State:4,Class:16
2025-06-19 23:43:11.200 +06:00 [ERR] Error loading service sales
Microsoft.Data.SqlClient.SqlException (0x80131904): Procedure or function 'GetServiceSales' expects parameter '@TotalCount', which was not supplied.
   at Microsoft.Data.SqlClient.SqlCommand.<>c.<ExecuteDbDataReaderAsync>b__195_0(Task`1 result)
   at System.Threading.Tasks.ContinuationResultTaskFromResultTask`2.InnerInvoke()
   at System.Threading.ExecutionContext.RunInternal(ExecutionContext executionContext, ContextCallback callback, Object state)
--- End of stack trace from previous location ---
   at System.Threading.ExecutionContext.RunInternal(ExecutionContext executionContext, ContextCallback callback, Object state)
   at System.Threading.Tasks.Task.ExecuteWithThreadLocal(Task& currentTaskSlot, Thread threadPoolThread)
--- End of stack trace from previous location ---
   at DevSkill.Inventory.Infrastructure.Utilities.SqlUtility.ExecuteQueryAsync[TReturn](DbCommand command) in C:\Users\Nasim Reza\Desktop\Final Project\aspnet-b11-nasim\src\DevSkill.Inventory.sln\DevSkill.Inventory.Infrastructure\Utilities\SqlUtility.cs:line 237
   at DevSkill.Inventory.Infrastructure.Utilities.SqlUtility.QueryWithStoredProcedureAsync[TReturn](String storedProcedureName, IDictionary`2 parameters, IDictionary`2 outParameters) in C:\Users\Nasim Reza\Desktop\Final Project\aspnet-b11-nasim\src\DevSkill.Inventory.sln\DevSkill.Inventory.Infrastructure\Utilities\SqlUtility.cs:line 100
   at DevSkill.Inventory.Infrastructure.Utilities.SqlUtility.QueryWithStoredProcedureAsync[TReturn](String storedProcedureName, IDictionary`2 parameters, IDictionary`2 outParameters) in C:\Users\Nasim Reza\Desktop\Final Project\aspnet-b11-nasim\src\DevSkill.Inventory.sln\DevSkill.Inventory.Infrastructure\Utilities\SqlUtility.cs:line 106
   at DevSkill.Inventory.Infrastructure.ApplicationUnitOfWork.GetServiceSalesSP(Int32 pageIndex, Int32 pageSize, String order, ServiceSaleSearchDto search) in C:\Users\Nasim Reza\Desktop\Final Project\aspnet-b11-nasim\src\DevSkill.Inventory.sln\DevSkill.Inventory.Infrastructure\ApplicationUnitOfWork.cs:line 220
   at DevSkill.Inventory.Application.Features.ServiceSales.Queries.GetServiceSalesSPQueryHandler.Handle(GetServiceSalesSPQuery request, CancellationToken cancellationToken) in C:\Users\Nasim Reza\Desktop\Final Project\aspnet-b11-nasim\src\DevSkill.Inventory.sln\DevSkill.Inventory.Application\Features\ServiceSales\Queries\GetServiceSalesSPQueryHandler.cs:line 25
   at DevSkill.Inventory.Web.Areas.Admin.Controllers.ServiceSalesController.GetServiceSalesJsonData(ServiceSaleListModel model) in C:\Users\Nasim Reza\Desktop\Final Project\aspnet-b11-nasim\src\DevSkill.Inventory.sln\DevSkill.Inventory.Web\Areas\Admin\Controllers\ServiceSalesController.cs:line 129
ClientConnectionId:7568eeab-a2d2-4478-b1db-1c8077fa5733
Error Number:201,State:4,Class:16
2025-06-19 23:44:06.466 +06:00 [INF] Application Starting...17-jan
2025-06-19 23:44:06.500 +06:00 [INF] This is Nasim Reza Hridoy
2025-06-19 23:44:06.500 +06:00 [ERR] An error occurred while starting the application.
2025-06-19 23:44:08.977 +06:00 [INF] This is Nasim Reza
2025-06-19 23:44:08.995 +06:00 [INF] This is a test log entry to verify database logging.
2025-06-19 23:44:18.972 +06:00 [ERR] Error loading sales return data
Microsoft.Data.SqlClient.SqlException (0x80131904): Could not find stored procedure 'GetSalesReturns'.
   at Microsoft.Data.SqlClient.SqlCommand.<>c.<ExecuteDbDataReaderAsync>b__195_0(Task`1 result)
   at System.Threading.Tasks.ContinuationResultTaskFromResultTask`2.InnerInvoke()
   at System.Threading.ExecutionContext.RunInternal(ExecutionContext executionContext, ContextCallback callback, Object state)
--- End of stack trace from previous location ---
   at System.Threading.ExecutionContext.RunInternal(ExecutionContext executionContext, ContextCallback callback, Object state)
   at System.Threading.Tasks.Task.ExecuteWithThreadLocal(Task& currentTaskSlot, Thread threadPoolThread)
--- End of stack trace from previous location ---
   at DevSkill.Inventory.Infrastructure.Utilities.SqlUtility.ExecuteQueryAsync[TReturn](DbCommand command) in C:\Users\Nasim Reza\Desktop\Final Project\aspnet-b11-nasim\src\DevSkill.Inventory.sln\DevSkill.Inventory.Infrastructure\Utilities\SqlUtility.cs:line 237
   at DevSkill.Inventory.Infrastructure.Utilities.SqlUtility.QueryWithStoredProcedureAsync[TReturn](String storedProcedureName, IDictionary`2 parameters, IDictionary`2 outParameters) in C:\Users\Nasim Reza\Desktop\Final Project\aspnet-b11-nasim\src\DevSkill.Inventory.sln\DevSkill.Inventory.Infrastructure\Utilities\SqlUtility.cs:line 100
   at DevSkill.Inventory.Infrastructure.Utilities.SqlUtility.QueryWithStoredProcedureAsync[TReturn](String storedProcedureName, IDictionary`2 parameters, IDictionary`2 outParameters) in C:\Users\Nasim Reza\Desktop\Final Project\aspnet-b11-nasim\src\DevSkill.Inventory.sln\DevSkill.Inventory.Infrastructure\Utilities\SqlUtility.cs:line 106
   at DevSkill.Inventory.Infrastructure.ApplicationUnitOfWork.GetSalesReturnsSP(Int32 pageIndex, Int32 pageSize, String order, SalesReturnSearchDto search) in C:\Users\Nasim Reza\Desktop\Final Project\aspnet-b11-nasim\src\DevSkill.Inventory.sln\DevSkill.Inventory.Infrastructure\ApplicationUnitOfWork.cs:line 143
   at DevSkill.Inventory.Application.Features.SalesReturns.Queries.GetSalesReturnsSPQueryHandler.Handle(GetSalesReturnsSPQuery request, CancellationToken cancellationToken) in C:\Users\Nasim Reza\Desktop\Final Project\aspnet-b11-nasim\src\DevSkill.Inventory.sln\DevSkill.Inventory.Application\Features\SalesReturns\Queries\GetSalesReturnsQueryHandler.cs:line 23
   at DevSkill.Inventory.Web.Areas.Admin.Controllers.SalesController.GetSalesReturnsJsonData(SalesReturnListModel model) in C:\Users\Nasim Reza\Desktop\Final Project\aspnet-b11-nasim\src\DevSkill.Inventory.sln\DevSkill.Inventory.Web\Areas\Admin\Controllers\SalesController.cs:line 99
ClientConnectionId:34e36075-f5a9-4f6e-9664-c17c89823017
Error Number:2812,State:62,Class:16
2025-06-19 23:44:20.517 +06:00 [ERR] Error loading purchase returns
Microsoft.Data.SqlClient.SqlException (0x80131904): Could not find stored procedure 'GetPurchaseReturns'.
   at Microsoft.Data.SqlClient.SqlCommand.<>c.<ExecuteDbDataReaderAsync>b__195_0(Task`1 result)
   at System.Threading.Tasks.ContinuationResultTaskFromResultTask`2.InnerInvoke()
   at System.Threading.ExecutionContext.RunInternal(ExecutionContext executionContext, ContextCallback callback, Object state)
--- End of stack trace from previous location ---
   at System.Threading.ExecutionContext.RunInternal(ExecutionContext executionContext, ContextCallback callback, Object state)
   at System.Threading.Tasks.Task.ExecuteWithThreadLocal(Task& currentTaskSlot, Thread threadPoolThread)
--- End of stack trace from previous location ---
   at DevSkill.Inventory.Infrastructure.Utilities.SqlUtility.ExecuteQueryAsync[TReturn](DbCommand command) in C:\Users\Nasim Reza\Desktop\Final Project\aspnet-b11-nasim\src\DevSkill.Inventory.sln\DevSkill.Inventory.Infrastructure\Utilities\SqlUtility.cs:line 237
   at DevSkill.Inventory.Infrastructure.Utilities.SqlUtility.QueryWithStoredProcedureAsync[TReturn](String storedProcedureName, IDictionary`2 parameters, IDictionary`2 outParameters) in C:\Users\Nasim Reza\Desktop\Final Project\aspnet-b11-nasim\src\DevSkill.Inventory.sln\DevSkill.Inventory.Infrastructure\Utilities\SqlUtility.cs:line 100
   at DevSkill.Inventory.Infrastructure.Utilities.SqlUtility.QueryWithStoredProcedureAsync[TReturn](String storedProcedureName, IDictionary`2 parameters, IDictionary`2 outParameters) in C:\Users\Nasim Reza\Desktop\Final Project\aspnet-b11-nasim\src\DevSkill.Inventory.sln\DevSkill.Inventory.Infrastructure\Utilities\SqlUtility.cs:line 106
   at DevSkill.Inventory.Infrastructure.ApplicationUnitOfWork.GetPurchaseReturnsSP(Int32 pageIndex, Int32 pageSize, String order, PurchaseReturnSearchDto search) in C:\Users\Nasim Reza\Desktop\Final Project\aspnet-b11-nasim\src\DevSkill.Inventory.sln\DevSkill.Inventory.Infrastructure\ApplicationUnitOfWork.cs:line 172
   at DevSkill.Inventory.Application.Features.PurchaseReturns.Queries.GetPurchaseReturnsSPQueryHandler.Handle(GetPurchaseReturnsSPQuery request, CancellationToken cancellationToken) in C:\Users\Nasim Reza\Desktop\Final Project\aspnet-b11-nasim\src\DevSkill.Inventory.sln\DevSkill.Inventory.Application\Features\PurchaseReturns\Queries\GetPurchaseReturnsSPQueryHandler.cs:line 23
   at DevSkill.Inventory.Web.Areas.Admin.Controllers.PurchasesController.GetPurchaseReturnsJsonData(PurchaseReturnListModel model) in C:\Users\Nasim Reza\Desktop\Final Project\aspnet-b11-nasim\src\DevSkill.Inventory.sln\DevSkill.Inventory.Web\Areas\Admin\Controllers\PurchasesController.cs:line 103
ClientConnectionId:34e36075-f5a9-4f6e-9664-c17c89823017
Error Number:2812,State:62,Class:16
2025-06-19 23:44:21.619 +06:00 [ERR] Error loading service data
AutoMapper.AutoMapperMappingException: Missing type map configuration or unsupported mapping.

Mapping types:
ServiceSearchModel -> ServiceSearchDto
DevSkill.Inventory.Web.Areas.Admin.Models.ServicesModels.ServiceSearchModel -> DevSkill.Inventory.Domain.Dtos.ServiceSearchDto
   at lambda_method804(Closure, Object, ServiceSearchDto, ResolutionContext)
   at DevSkill.Inventory.Web.Areas.Admin.Controllers.ServicesController.GetServicesJsonData(ServiceListModel model) in C:\Users\Nasim Reza\Desktop\Final Project\aspnet-b11-nasim\src\DevSkill.Inventory.sln\DevSkill.Inventory.Web\Areas\Admin\Controllers\ServicesController.cs:line 36
2025-06-19 23:44:22.390 +06:00 [ERR] Error loading service data
AutoMapper.AutoMapperMappingException: Missing type map configuration or unsupported mapping.

Mapping types:
ServiceSearchModel -> ServiceSearchDto
DevSkill.Inventory.Web.Areas.Admin.Models.ServicesModels.ServiceSearchModel -> DevSkill.Inventory.Domain.Dtos.ServiceSearchDto
   at lambda_method804(Closure, Object, ServiceSearchDto, ResolutionContext)
   at DevSkill.Inventory.Web.Areas.Admin.Controllers.ServicesController.GetServicesJsonData(ServiceListModel model) in C:\Users\Nasim Reza\Desktop\Final Project\aspnet-b11-nasim\src\DevSkill.Inventory.sln\DevSkill.Inventory.Web\Areas\Admin\Controllers\ServicesController.cs:line 36
2025-06-19 23:44:23.408 +06:00 [ERR] Error loading service sales
Microsoft.Data.SqlClient.SqlException (0x80131904): Procedure or function 'GetServiceSales' expects parameter '@TotalCount', which was not supplied.
   at Microsoft.Data.SqlClient.SqlCommand.<>c.<ExecuteDbDataReaderAsync>b__195_0(Task`1 result)
   at System.Threading.Tasks.ContinuationResultTaskFromResultTask`2.InnerInvoke()
   at System.Threading.ExecutionContext.RunInternal(ExecutionContext executionContext, ContextCallback callback, Object state)
--- End of stack trace from previous location ---
   at System.Threading.ExecutionContext.RunInternal(ExecutionContext executionContext, ContextCallback callback, Object state)
   at System.Threading.Tasks.Task.ExecuteWithThreadLocal(Task& currentTaskSlot, Thread threadPoolThread)
--- End of stack trace from previous location ---
   at DevSkill.Inventory.Infrastructure.Utilities.SqlUtility.ExecuteQueryAsync[TReturn](DbCommand command) in C:\Users\Nasim Reza\Desktop\Final Project\aspnet-b11-nasim\src\DevSkill.Inventory.sln\DevSkill.Inventory.Infrastructure\Utilities\SqlUtility.cs:line 237
   at DevSkill.Inventory.Infrastructure.Utilities.SqlUtility.QueryWithStoredProcedureAsync[TReturn](String storedProcedureName, IDictionary`2 parameters, IDictionary`2 outParameters) in C:\Users\Nasim Reza\Desktop\Final Project\aspnet-b11-nasim\src\DevSkill.Inventory.sln\DevSkill.Inventory.Infrastructure\Utilities\SqlUtility.cs:line 100
   at DevSkill.Inventory.Infrastructure.Utilities.SqlUtility.QueryWithStoredProcedureAsync[TReturn](String storedProcedureName, IDictionary`2 parameters, IDictionary`2 outParameters) in C:\Users\Nasim Reza\Desktop\Final Project\aspnet-b11-nasim\src\DevSkill.Inventory.sln\DevSkill.Inventory.Infrastructure\Utilities\SqlUtility.cs:line 106
   at DevSkill.Inventory.Infrastructure.ApplicationUnitOfWork.GetServiceSalesSP(Int32 pageIndex, Int32 pageSize, String order, ServiceSaleSearchDto search) in C:\Users\Nasim Reza\Desktop\Final Project\aspnet-b11-nasim\src\DevSkill.Inventory.sln\DevSkill.Inventory.Infrastructure\ApplicationUnitOfWork.cs:line 220
   at DevSkill.Inventory.Application.Features.ServiceSales.Queries.GetServiceSalesSPQueryHandler.Handle(GetServiceSalesSPQuery request, CancellationToken cancellationToken) in C:\Users\Nasim Reza\Desktop\Final Project\aspnet-b11-nasim\src\DevSkill.Inventory.sln\DevSkill.Inventory.Application\Features\ServiceSales\Queries\GetServiceSalesSPQueryHandler.cs:line 25
   at DevSkill.Inventory.Web.Areas.Admin.Controllers.ServiceSalesController.GetServiceSalesJsonData(ServiceSaleListModel model) in C:\Users\Nasim Reza\Desktop\Final Project\aspnet-b11-nasim\src\DevSkill.Inventory.sln\DevSkill.Inventory.Web\Areas\Admin\Controllers\ServiceSalesController.cs:line 129
ClientConnectionId:34e36075-f5a9-4f6e-9664-c17c89823017
Error Number:201,State:4,Class:16
2025-06-19 23:44:24.903 +06:00 [ERR] Error loading quotations
Microsoft.Data.SqlClient.SqlException (0x80131904): @FromDate is not a parameter for procedure GetQuotations.
   at Microsoft.Data.SqlClient.SqlCommand.<>c.<ExecuteDbDataReaderAsync>b__195_0(Task`1 result)
   at System.Threading.Tasks.ContinuationResultTaskFromResultTask`2.InnerInvoke()
   at System.Threading.ExecutionContext.RunInternal(ExecutionContext executionContext, ContextCallback callback, Object state)
--- End of stack trace from previous location ---
   at System.Threading.ExecutionContext.RunInternal(ExecutionContext executionContext, ContextCallback callback, Object state)
   at System.Threading.Tasks.Task.ExecuteWithThreadLocal(Task& currentTaskSlot, Thread threadPoolThread)
--- End of stack trace from previous location ---
   at DevSkill.Inventory.Infrastructure.Utilities.SqlUtility.ExecuteQueryAsync[TReturn](DbCommand command) in C:\Users\Nasim Reza\Desktop\Final Project\aspnet-b11-nasim\src\DevSkill.Inventory.sln\DevSkill.Inventory.Infrastructure\Utilities\SqlUtility.cs:line 237
   at DevSkill.Inventory.Infrastructure.Utilities.SqlUtility.QueryWithStoredProcedureAsync[TReturn](String storedProcedureName, IDictionary`2 parameters, IDictionary`2 outParameters) in C:\Users\Nasim Reza\Desktop\Final Project\aspnet-b11-nasim\src\DevSkill.Inventory.sln\DevSkill.Inventory.Infrastructure\Utilities\SqlUtility.cs:line 100
   at DevSkill.Inventory.Infrastructure.Utilities.SqlUtility.QueryWithStoredProcedureAsync[TReturn](String storedProcedureName, IDictionary`2 parameters, IDictionary`2 outParameters) in C:\Users\Nasim Reza\Desktop\Final Project\aspnet-b11-nasim\src\DevSkill.Inventory.sln\DevSkill.Inventory.Infrastructure\Utilities\SqlUtility.cs:line 106
   at DevSkill.Inventory.Infrastructure.ApplicationUnitOfWork.GetQuotationsSP(Int32 pageIndex, Int32 pageSize, String order, QuotationSearchDto search) in C:\Users\Nasim Reza\Desktop\Final Project\aspnet-b11-nasim\src\DevSkill.Inventory.sln\DevSkill.Inventory.Infrastructure\ApplicationUnitOfWork.cs:line 267
   at DevSkill.Inventory.Application.Features.Quotations.Queries.GetQuotationsSPQueryHandler.Handle(GetQuotationsSPQuery request, CancellationToken cancellationToken) in C:\Users\Nasim Reza\Desktop\Final Project\aspnet-b11-nasim\src\DevSkill.Inventory.sln\DevSkill.Inventory.Application\Features\Quotations\Queries\GetQuotationsSPQueryHandler.cs:line 23
   at DevSkill.Inventory.Web.Areas.Admin.Controllers.QuotationsController.GetQuotationsJsonData(QuotationListModel model) in C:\Users\Nasim Reza\Desktop\Final Project\aspnet-b11-nasim\src\DevSkill.Inventory.sln\DevSkill.Inventory.Web\Areas\Admin\Controllers\QuotationsController.cs:line 47
ClientConnectionId:34e36075-f5a9-4f6e-9664-c17c89823017
Error Number:8145,State:1,Class:16
2025-06-19 23:44:26.170 +06:00 [ERR] Error loading service sales
Microsoft.Data.SqlClient.SqlException (0x80131904): Procedure or function 'GetServiceSales' expects parameter '@TotalCount', which was not supplied.
   at Microsoft.Data.SqlClient.SqlCommand.<>c.<ExecuteDbDataReaderAsync>b__195_0(Task`1 result)
   at System.Threading.Tasks.ContinuationResultTaskFromResultTask`2.InnerInvoke()
   at System.Threading.ExecutionContext.RunInternal(ExecutionContext executionContext, ContextCallback callback, Object state)
--- End of stack trace from previous location ---
   at System.Threading.ExecutionContext.RunInternal(ExecutionContext executionContext, ContextCallback callback, Object state)
   at System.Threading.Tasks.Task.ExecuteWithThreadLocal(Task& currentTaskSlot, Thread threadPoolThread)
--- End of stack trace from previous location ---
   at DevSkill.Inventory.Infrastructure.Utilities.SqlUtility.ExecuteQueryAsync[TReturn](DbCommand command) in C:\Users\Nasim Reza\Desktop\Final Project\aspnet-b11-nasim\src\DevSkill.Inventory.sln\DevSkill.Inventory.Infrastructure\Utilities\SqlUtility.cs:line 237
   at DevSkill.Inventory.Infrastructure.Utilities.SqlUtility.QueryWithStoredProcedureAsync[TReturn](String storedProcedureName, IDictionary`2 parameters, IDictionary`2 outParameters) in C:\Users\Nasim Reza\Desktop\Final Project\aspnet-b11-nasim\src\DevSkill.Inventory.sln\DevSkill.Inventory.Infrastructure\Utilities\SqlUtility.cs:line 100
   at DevSkill.Inventory.Infrastructure.Utilities.SqlUtility.QueryWithStoredProcedureAsync[TReturn](String storedProcedureName, IDictionary`2 parameters, IDictionary`2 outParameters) in C:\Users\Nasim Reza\Desktop\Final Project\aspnet-b11-nasim\src\DevSkill.Inventory.sln\DevSkill.Inventory.Infrastructure\Utilities\SqlUtility.cs:line 106
   at DevSkill.Inventory.Infrastructure.ApplicationUnitOfWork.GetServiceSalesSP(Int32 pageIndex, Int32 pageSize, String order, ServiceSaleSearchDto search) in C:\Users\Nasim Reza\Desktop\Final Project\aspnet-b11-nasim\src\DevSkill.Inventory.sln\DevSkill.Inventory.Infrastructure\ApplicationUnitOfWork.cs:line 220
   at DevSkill.Inventory.Application.Features.ServiceSales.Queries.GetServiceSalesSPQueryHandler.Handle(GetServiceSalesSPQuery request, CancellationToken cancellationToken) in C:\Users\Nasim Reza\Desktop\Final Project\aspnet-b11-nasim\src\DevSkill.Inventory.sln\DevSkill.Inventory.Application\Features\ServiceSales\Queries\GetServiceSalesSPQueryHandler.cs:line 25
   at DevSkill.Inventory.Web.Areas.Admin.Controllers.ServiceSalesController.GetServiceSalesJsonData(ServiceSaleListModel model) in C:\Users\Nasim Reza\Desktop\Final Project\aspnet-b11-nasim\src\DevSkill.Inventory.sln\DevSkill.Inventory.Web\Areas\Admin\Controllers\ServiceSalesController.cs:line 129
ClientConnectionId:34e36075-f5a9-4f6e-9664-c17c89823017
Error Number:201,State:4,Class:16
2025-06-19 23:44:26.407 +06:00 [ERR] Error loading service data
AutoMapper.AutoMapperMappingException: Missing type map configuration or unsupported mapping.

Mapping types:
ServiceSearchModel -> ServiceSearchDto
DevSkill.Inventory.Web.Areas.Admin.Models.ServicesModels.ServiceSearchModel -> DevSkill.Inventory.Domain.Dtos.ServiceSearchDto
   at lambda_method804(Closure, Object, ServiceSearchDto, ResolutionContext)
   at DevSkill.Inventory.Web.Areas.Admin.Controllers.ServicesController.GetServicesJsonData(ServiceListModel model) in C:\Users\Nasim Reza\Desktop\Final Project\aspnet-b11-nasim\src\DevSkill.Inventory.sln\DevSkill.Inventory.Web\Areas\Admin\Controllers\ServicesController.cs:line 36
2025-06-19 23:44:26.918 +06:00 [ERR] Error loading sales return data
Microsoft.Data.SqlClient.SqlException (0x80131904): Could not find stored procedure 'GetSalesReturns'.
   at Microsoft.Data.SqlClient.SqlCommand.<>c.<ExecuteDbDataReaderAsync>b__195_0(Task`1 result)
   at System.Threading.Tasks.ContinuationResultTaskFromResultTask`2.InnerInvoke()
   at System.Threading.ExecutionContext.RunInternal(ExecutionContext executionContext, ContextCallback callback, Object state)
--- End of stack trace from previous location ---
   at System.Threading.ExecutionContext.RunInternal(ExecutionContext executionContext, ContextCallback callback, Object state)
   at System.Threading.Tasks.Task.ExecuteWithThreadLocal(Task& currentTaskSlot, Thread threadPoolThread)
--- End of stack trace from previous location ---
   at DevSkill.Inventory.Infrastructure.Utilities.SqlUtility.ExecuteQueryAsync[TReturn](DbCommand command) in C:\Users\Nasim Reza\Desktop\Final Project\aspnet-b11-nasim\src\DevSkill.Inventory.sln\DevSkill.Inventory.Infrastructure\Utilities\SqlUtility.cs:line 237
   at DevSkill.Inventory.Infrastructure.Utilities.SqlUtility.QueryWithStoredProcedureAsync[TReturn](String storedProcedureName, IDictionary`2 parameters, IDictionary`2 outParameters) in C:\Users\Nasim Reza\Desktop\Final Project\aspnet-b11-nasim\src\DevSkill.Inventory.sln\DevSkill.Inventory.Infrastructure\Utilities\SqlUtility.cs:line 100
   at DevSkill.Inventory.Infrastructure.Utilities.SqlUtility.QueryWithStoredProcedureAsync[TReturn](String storedProcedureName, IDictionary`2 parameters, IDictionary`2 outParameters) in C:\Users\Nasim Reza\Desktop\Final Project\aspnet-b11-nasim\src\DevSkill.Inventory.sln\DevSkill.Inventory.Infrastructure\Utilities\SqlUtility.cs:line 106
   at DevSkill.Inventory.Infrastructure.ApplicationUnitOfWork.GetSalesReturnsSP(Int32 pageIndex, Int32 pageSize, String order, SalesReturnSearchDto search) in C:\Users\Nasim Reza\Desktop\Final Project\aspnet-b11-nasim\src\DevSkill.Inventory.sln\DevSkill.Inventory.Infrastructure\ApplicationUnitOfWork.cs:line 143
   at DevSkill.Inventory.Application.Features.SalesReturns.Queries.GetSalesReturnsSPQueryHandler.Handle(GetSalesReturnsSPQuery request, CancellationToken cancellationToken) in C:\Users\Nasim Reza\Desktop\Final Project\aspnet-b11-nasim\src\DevSkill.Inventory.sln\DevSkill.Inventory.Application\Features\SalesReturns\Queries\GetSalesReturnsQueryHandler.cs:line 23
   at DevSkill.Inventory.Web.Areas.Admin.Controllers.SalesController.GetSalesReturnsJsonData(SalesReturnListModel model) in C:\Users\Nasim Reza\Desktop\Final Project\aspnet-b11-nasim\src\DevSkill.Inventory.sln\DevSkill.Inventory.Web\Areas\Admin\Controllers\SalesController.cs:line 99
ClientConnectionId:34e36075-f5a9-4f6e-9664-c17c89823017
Error Number:2812,State:62,Class:16
2025-06-19 23:44:27.489 +06:00 [ERR] Error loading purchase returns
Microsoft.Data.SqlClient.SqlException (0x80131904): Could not find stored procedure 'GetPurchaseReturns'.
   at Microsoft.Data.SqlClient.SqlCommand.<>c.<ExecuteDbDataReaderAsync>b__195_0(Task`1 result)
   at System.Threading.Tasks.ContinuationResultTaskFromResultTask`2.InnerInvoke()
   at System.Threading.ExecutionContext.RunInternal(ExecutionContext executionContext, ContextCallback callback, Object state)
--- End of stack trace from previous location ---
   at System.Threading.ExecutionContext.RunInternal(ExecutionContext executionContext, ContextCallback callback, Object state)
   at System.Threading.Tasks.Task.ExecuteWithThreadLocal(Task& currentTaskSlot, Thread threadPoolThread)
--- End of stack trace from previous location ---
   at DevSkill.Inventory.Infrastructure.Utilities.SqlUtility.ExecuteQueryAsync[TReturn](DbCommand command) in C:\Users\Nasim Reza\Desktop\Final Project\aspnet-b11-nasim\src\DevSkill.Inventory.sln\DevSkill.Inventory.Infrastructure\Utilities\SqlUtility.cs:line 237
   at DevSkill.Inventory.Infrastructure.Utilities.SqlUtility.QueryWithStoredProcedureAsync[TReturn](String storedProcedureName, IDictionary`2 parameters, IDictionary`2 outParameters) in C:\Users\Nasim Reza\Desktop\Final Project\aspnet-b11-nasim\src\DevSkill.Inventory.sln\DevSkill.Inventory.Infrastructure\Utilities\SqlUtility.cs:line 100
   at DevSkill.Inventory.Infrastructure.Utilities.SqlUtility.QueryWithStoredProcedureAsync[TReturn](String storedProcedureName, IDictionary`2 parameters, IDictionary`2 outParameters) in C:\Users\Nasim Reza\Desktop\Final Project\aspnet-b11-nasim\src\DevSkill.Inventory.sln\DevSkill.Inventory.Infrastructure\Utilities\SqlUtility.cs:line 106
   at DevSkill.Inventory.Infrastructure.ApplicationUnitOfWork.GetPurchaseReturnsSP(Int32 pageIndex, Int32 pageSize, String order, PurchaseReturnSearchDto search) in C:\Users\Nasim Reza\Desktop\Final Project\aspnet-b11-nasim\src\DevSkill.Inventory.sln\DevSkill.Inventory.Infrastructure\ApplicationUnitOfWork.cs:line 172
   at DevSkill.Inventory.Application.Features.PurchaseReturns.Queries.GetPurchaseReturnsSPQueryHandler.Handle(GetPurchaseReturnsSPQuery request, CancellationToken cancellationToken) in C:\Users\Nasim Reza\Desktop\Final Project\aspnet-b11-nasim\src\DevSkill.Inventory.sln\DevSkill.Inventory.Application\Features\PurchaseReturns\Queries\GetPurchaseReturnsSPQueryHandler.cs:line 23
   at DevSkill.Inventory.Web.Areas.Admin.Controllers.PurchasesController.GetPurchaseReturnsJsonData(PurchaseReturnListModel model) in C:\Users\Nasim Reza\Desktop\Final Project\aspnet-b11-nasim\src\DevSkill.Inventory.sln\DevSkill.Inventory.Web\Areas\Admin\Controllers\PurchasesController.cs:line 103
ClientConnectionId:34e36075-f5a9-4f6e-9664-c17c89823017
Error Number:2812,State:62,Class:16
2025-06-19 23:44:27.805 +06:00 [ERR] Error loading service data
AutoMapper.AutoMapperMappingException: Missing type map configuration or unsupported mapping.

Mapping types:
ServiceSearchModel -> ServiceSearchDto
DevSkill.Inventory.Web.Areas.Admin.Models.ServicesModels.ServiceSearchModel -> DevSkill.Inventory.Domain.Dtos.ServiceSearchDto
   at lambda_method804(Closure, Object, ServiceSearchDto, ResolutionContext)
   at DevSkill.Inventory.Web.Areas.Admin.Controllers.ServicesController.GetServicesJsonData(ServiceListModel model) in C:\Users\Nasim Reza\Desktop\Final Project\aspnet-b11-nasim\src\DevSkill.Inventory.sln\DevSkill.Inventory.Web\Areas\Admin\Controllers\ServicesController.cs:line 36
2025-06-19 23:44:28.407 +06:00 [ERR] Error loading service sales
Microsoft.Data.SqlClient.SqlException (0x80131904): Procedure or function 'GetServiceSales' expects parameter '@TotalCount', which was not supplied.
   at Microsoft.Data.SqlClient.SqlCommand.<>c.<ExecuteDbDataReaderAsync>b__195_0(Task`1 result)
   at System.Threading.Tasks.ContinuationResultTaskFromResultTask`2.InnerInvoke()
   at System.Threading.ExecutionContext.RunInternal(ExecutionContext executionContext, ContextCallback callback, Object state)
--- End of stack trace from previous location ---
   at System.Threading.ExecutionContext.RunInternal(ExecutionContext executionContext, ContextCallback callback, Object state)
   at System.Threading.Tasks.Task.ExecuteWithThreadLocal(Task& currentTaskSlot, Thread threadPoolThread)
--- End of stack trace from previous location ---
   at DevSkill.Inventory.Infrastructure.Utilities.SqlUtility.ExecuteQueryAsync[TReturn](DbCommand command) in C:\Users\Nasim Reza\Desktop\Final Project\aspnet-b11-nasim\src\DevSkill.Inventory.sln\DevSkill.Inventory.Infrastructure\Utilities\SqlUtility.cs:line 237
   at DevSkill.Inventory.Infrastructure.Utilities.SqlUtility.QueryWithStoredProcedureAsync[TReturn](String storedProcedureName, IDictionary`2 parameters, IDictionary`2 outParameters) in C:\Users\Nasim Reza\Desktop\Final Project\aspnet-b11-nasim\src\DevSkill.Inventory.sln\DevSkill.Inventory.Infrastructure\Utilities\SqlUtility.cs:line 100
   at DevSkill.Inventory.Infrastructure.Utilities.SqlUtility.QueryWithStoredProcedureAsync[TReturn](String storedProcedureName, IDictionary`2 parameters, IDictionary`2 outParameters) in C:\Users\Nasim Reza\Desktop\Final Project\aspnet-b11-nasim\src\DevSkill.Inventory.sln\DevSkill.Inventory.Infrastructure\Utilities\SqlUtility.cs:line 106
   at DevSkill.Inventory.Infrastructure.ApplicationUnitOfWork.GetServiceSalesSP(Int32 pageIndex, Int32 pageSize, String order, ServiceSaleSearchDto search) in C:\Users\Nasim Reza\Desktop\Final Project\aspnet-b11-nasim\src\DevSkill.Inventory.sln\DevSkill.Inventory.Infrastructure\ApplicationUnitOfWork.cs:line 220
   at DevSkill.Inventory.Application.Features.ServiceSales.Queries.GetServiceSalesSPQueryHandler.Handle(GetServiceSalesSPQuery request, CancellationToken cancellationToken) in C:\Users\Nasim Reza\Desktop\Final Project\aspnet-b11-nasim\src\DevSkill.Inventory.sln\DevSkill.Inventory.Application\Features\ServiceSales\Queries\GetServiceSalesSPQueryHandler.cs:line 25
   at DevSkill.Inventory.Web.Areas.Admin.Controllers.ServiceSalesController.GetServiceSalesJsonData(ServiceSaleListModel model) in C:\Users\Nasim Reza\Desktop\Final Project\aspnet-b11-nasim\src\DevSkill.Inventory.sln\DevSkill.Inventory.Web\Areas\Admin\Controllers\ServiceSalesController.cs:line 129
ClientConnectionId:34e36075-f5a9-4f6e-9664-c17c89823017
Error Number:201,State:4,Class:16
2025-06-19 23:44:29.713 +06:00 [ERR] Error loading quotations
Microsoft.Data.SqlClient.SqlException (0x80131904): @FromDate is not a parameter for procedure GetQuotations.
   at Microsoft.Data.SqlClient.SqlCommand.<>c.<ExecuteDbDataReaderAsync>b__195_0(Task`1 result)
   at System.Threading.Tasks.ContinuationResultTaskFromResultTask`2.InnerInvoke()
   at System.Threading.ExecutionContext.RunInternal(ExecutionContext executionContext, ContextCallback callback, Object state)
--- End of stack trace from previous location ---
   at System.Threading.ExecutionContext.RunInternal(ExecutionContext executionContext, ContextCallback callback, Object state)
   at System.Threading.Tasks.Task.ExecuteWithThreadLocal(Task& currentTaskSlot, Thread threadPoolThread)
--- End of stack trace from previous location ---
   at DevSkill.Inventory.Infrastructure.Utilities.SqlUtility.ExecuteQueryAsync[TReturn](DbCommand command) in C:\Users\Nasim Reza\Desktop\Final Project\aspnet-b11-nasim\src\DevSkill.Inventory.sln\DevSkill.Inventory.Infrastructure\Utilities\SqlUtility.cs:line 237
   at DevSkill.Inventory.Infrastructure.Utilities.SqlUtility.QueryWithStoredProcedureAsync[TReturn](String storedProcedureName, IDictionary`2 parameters, IDictionary`2 outParameters) in C:\Users\Nasim Reza\Desktop\Final Project\aspnet-b11-nasim\src\DevSkill.Inventory.sln\DevSkill.Inventory.Infrastructure\Utilities\SqlUtility.cs:line 100
   at DevSkill.Inventory.Infrastructure.Utilities.SqlUtility.QueryWithStoredProcedureAsync[TReturn](String storedProcedureName, IDictionary`2 parameters, IDictionary`2 outParameters) in C:\Users\Nasim Reza\Desktop\Final Project\aspnet-b11-nasim\src\DevSkill.Inventory.sln\DevSkill.Inventory.Infrastructure\Utilities\SqlUtility.cs:line 106
   at DevSkill.Inventory.Infrastructure.ApplicationUnitOfWork.GetQuotationsSP(Int32 pageIndex, Int32 pageSize, String order, QuotationSearchDto search) in C:\Users\Nasim Reza\Desktop\Final Project\aspnet-b11-nasim\src\DevSkill.Inventory.sln\DevSkill.Inventory.Infrastructure\ApplicationUnitOfWork.cs:line 267
   at DevSkill.Inventory.Application.Features.Quotations.Queries.GetQuotationsSPQueryHandler.Handle(GetQuotationsSPQuery request, CancellationToken cancellationToken) in C:\Users\Nasim Reza\Desktop\Final Project\aspnet-b11-nasim\src\DevSkill.Inventory.sln\DevSkill.Inventory.Application\Features\Quotations\Queries\GetQuotationsSPQueryHandler.cs:line 23
   at DevSkill.Inventory.Web.Areas.Admin.Controllers.QuotationsController.GetQuotationsJsonData(QuotationListModel model) in C:\Users\Nasim Reza\Desktop\Final Project\aspnet-b11-nasim\src\DevSkill.Inventory.sln\DevSkill.Inventory.Web\Areas\Admin\Controllers\QuotationsController.cs:line 47
ClientConnectionId:34e36075-f5a9-4f6e-9664-c17c89823017
Error Number:8145,State:1,Class:16
2025-06-19 23:46:58.335 +06:00 [INF] Application Starting...17-jan
2025-06-19 23:46:58.375 +06:00 [INF] This is Nasim Reza Hridoy
2025-06-19 23:46:58.375 +06:00 [ERR] An error occurred while starting the application.
2025-06-19 23:47:00.677 +06:00 [INF] This is Nasim Reza
2025-06-19 23:47:00.693 +06:00 [INF] This is a test log entry to verify database logging.
2025-06-19 23:47:08.286 +06:00 [ERR] Error loading quotations
Microsoft.Data.SqlClient.SqlException (0x80131904): @FromDate is not a parameter for procedure GetQuotations.
   at Microsoft.Data.SqlClient.SqlCommand.<>c.<ExecuteDbDataReaderAsync>b__195_0(Task`1 result)
   at System.Threading.Tasks.ContinuationResultTaskFromResultTask`2.InnerInvoke()
   at System.Threading.ExecutionContext.RunInternal(ExecutionContext executionContext, ContextCallback callback, Object state)
--- End of stack trace from previous location ---
   at System.Threading.ExecutionContext.RunInternal(ExecutionContext executionContext, ContextCallback callback, Object state)
   at System.Threading.Tasks.Task.ExecuteWithThreadLocal(Task& currentTaskSlot, Thread threadPoolThread)
--- End of stack trace from previous location ---
   at DevSkill.Inventory.Infrastructure.Utilities.SqlUtility.ExecuteQueryAsync[TReturn](DbCommand command) in C:\Users\Nasim Reza\Desktop\Final Project\aspnet-b11-nasim\src\DevSkill.Inventory.sln\DevSkill.Inventory.Infrastructure\Utilities\SqlUtility.cs:line 237
   at DevSkill.Inventory.Infrastructure.Utilities.SqlUtility.QueryWithStoredProcedureAsync[TReturn](String storedProcedureName, IDictionary`2 parameters, IDictionary`2 outParameters) in C:\Users\Nasim Reza\Desktop\Final Project\aspnet-b11-nasim\src\DevSkill.Inventory.sln\DevSkill.Inventory.Infrastructure\Utilities\SqlUtility.cs:line 100
   at DevSkill.Inventory.Infrastructure.Utilities.SqlUtility.QueryWithStoredProcedureAsync[TReturn](String storedProcedureName, IDictionary`2 parameters, IDictionary`2 outParameters) in C:\Users\Nasim Reza\Desktop\Final Project\aspnet-b11-nasim\src\DevSkill.Inventory.sln\DevSkill.Inventory.Infrastructure\Utilities\SqlUtility.cs:line 106
   at DevSkill.Inventory.Infrastructure.ApplicationUnitOfWork.GetQuotationsSP(Int32 pageIndex, Int32 pageSize, String order, QuotationSearchDto search) in C:\Users\Nasim Reza\Desktop\Final Project\aspnet-b11-nasim\src\DevSkill.Inventory.sln\DevSkill.Inventory.Infrastructure\ApplicationUnitOfWork.cs:line 267
   at DevSkill.Inventory.Application.Features.Quotations.Queries.GetQuotationsSPQueryHandler.Handle(GetQuotationsSPQuery request, CancellationToken cancellationToken) in C:\Users\Nasim Reza\Desktop\Final Project\aspnet-b11-nasim\src\DevSkill.Inventory.sln\DevSkill.Inventory.Application\Features\Quotations\Queries\GetQuotationsSPQueryHandler.cs:line 23
   at DevSkill.Inventory.Web.Areas.Admin.Controllers.QuotationsController.GetQuotationsJsonData(QuotationListModel model) in C:\Users\Nasim Reza\Desktop\Final Project\aspnet-b11-nasim\src\DevSkill.Inventory.sln\DevSkill.Inventory.Web\Areas\Admin\Controllers\QuotationsController.cs:line 47
ClientConnectionId:d9f4f4c0-d785-47c4-99b6-418c23f5e4da
Error Number:8145,State:1,Class:16
2025-06-19 23:47:09.473 +06:00 [ERR] Error loading service sales
Microsoft.Data.SqlClient.SqlException (0x80131904): Procedure or function 'GetServiceSales' expects parameter '@TotalCount', which was not supplied.
   at Microsoft.Data.SqlClient.SqlCommand.<>c.<ExecuteDbDataReaderAsync>b__195_0(Task`1 result)
   at System.Threading.Tasks.ContinuationResultTaskFromResultTask`2.InnerInvoke()
   at System.Threading.ExecutionContext.RunInternal(ExecutionContext executionContext, ContextCallback callback, Object state)
--- End of stack trace from previous location ---
   at System.Threading.ExecutionContext.RunInternal(ExecutionContext executionContext, ContextCallback callback, Object state)
   at System.Threading.Tasks.Task.ExecuteWithThreadLocal(Task& currentTaskSlot, Thread threadPoolThread)
--- End of stack trace from previous location ---
   at DevSkill.Inventory.Infrastructure.Utilities.SqlUtility.ExecuteQueryAsync[TReturn](DbCommand command) in C:\Users\Nasim Reza\Desktop\Final Project\aspnet-b11-nasim\src\DevSkill.Inventory.sln\DevSkill.Inventory.Infrastructure\Utilities\SqlUtility.cs:line 237
   at DevSkill.Inventory.Infrastructure.Utilities.SqlUtility.QueryWithStoredProcedureAsync[TReturn](String storedProcedureName, IDictionary`2 parameters, IDictionary`2 outParameters) in C:\Users\Nasim Reza\Desktop\Final Project\aspnet-b11-nasim\src\DevSkill.Inventory.sln\DevSkill.Inventory.Infrastructure\Utilities\SqlUtility.cs:line 100
   at DevSkill.Inventory.Infrastructure.Utilities.SqlUtility.QueryWithStoredProcedureAsync[TReturn](String storedProcedureName, IDictionary`2 parameters, IDictionary`2 outParameters) in C:\Users\Nasim Reza\Desktop\Final Project\aspnet-b11-nasim\src\DevSkill.Inventory.sln\DevSkill.Inventory.Infrastructure\Utilities\SqlUtility.cs:line 106
   at DevSkill.Inventory.Infrastructure.ApplicationUnitOfWork.GetServiceSalesSP(Int32 pageIndex, Int32 pageSize, String order, ServiceSaleSearchDto search) in C:\Users\Nasim Reza\Desktop\Final Project\aspnet-b11-nasim\src\DevSkill.Inventory.sln\DevSkill.Inventory.Infrastructure\ApplicationUnitOfWork.cs:line 220
   at DevSkill.Inventory.Application.Features.ServiceSales.Queries.GetServiceSalesSPQueryHandler.Handle(GetServiceSalesSPQuery request, CancellationToken cancellationToken) in C:\Users\Nasim Reza\Desktop\Final Project\aspnet-b11-nasim\src\DevSkill.Inventory.sln\DevSkill.Inventory.Application\Features\ServiceSales\Queries\GetServiceSalesSPQueryHandler.cs:line 25
   at DevSkill.Inventory.Web.Areas.Admin.Controllers.ServiceSalesController.GetServiceSalesJsonData(ServiceSaleListModel model) in C:\Users\Nasim Reza\Desktop\Final Project\aspnet-b11-nasim\src\DevSkill.Inventory.sln\DevSkill.Inventory.Web\Areas\Admin\Controllers\ServiceSalesController.cs:line 129
ClientConnectionId:d9f4f4c0-d785-47c4-99b6-418c23f5e4da
Error Number:201,State:4,Class:16
