2025-07-08 12:21:27.446 +06:00 [INF] Application Starting...17-jan
2025-07-08 12:21:27.481 +06:00 [INF] This is Nasim Reza Hridoy
2025-07-08 12:21:27.481 +06:00 [ERR] An error occurred while starting the application.
2025-07-08 12:21:35.840 +06:00 [INF] This is Nasim Reza
2025-07-08 12:21:35.858 +06:00 [INF] This is a test log entry to verify database logging.
2025-07-08 12:26:40.319 +06:00 [INF] Application Starting...17-jan
2025-07-08 12:26:40.350 +06:00 [INF] This is Nasim Reza Hridoy
2025-07-08 12:26:40.350 +06:00 [ERR] An error occurred while starting the application.
2025-07-08 12:26:43.288 +06:00 [INF] This is Nasim Reza
2025-07-08 12:26:43.308 +06:00 [INF] This is a test log entry to verify database logging.
2025-07-08 12:26:45.035 +06:00 [ERR] An unhandled exception has occurred while executing the request.
System.InvalidOperationException: RenderSectionAsync invocation in '/Views/Shared/_Layout.cshtml' is invalid. The section 'Scripts' has already been rendered.
   at Microsoft.AspNetCore.Mvc.Razor.RazorPage.RenderSectionAsyncCore(String sectionName, Boolean required)
   at AspNetCoreGeneratedDocument.Views_Shared__Layout.<ExecuteAsync>b__26_1()
   at Microsoft.AspNetCore.Razor.Runtime.TagHelpers.TagHelperExecutionContext.SetOutputContentAsync()
   at AspNetCoreGeneratedDocument.Views_Shared__Layout.ExecuteAsync()
   at Microsoft.AspNetCore.Mvc.Razor.RazorView.RenderPageCoreAsync(IRazorPage page, ViewContext context)
   at Microsoft.AspNetCore.Mvc.Razor.RazorView.RenderPageAsync(IRazorPage page, ViewContext context, Boolean invokeViewStarts)
   at Microsoft.AspNetCore.Mvc.Razor.RazorView.RenderLayoutAsync(ViewContext context, ViewBufferTextWriter bodyWriter)
   at Microsoft.AspNetCore.Mvc.Razor.RazorView.RenderAsync(ViewContext context)
   at Microsoft.AspNetCore.Mvc.ViewFeatures.ViewExecutor.ExecuteAsync(ViewContext viewContext, String contentType, Nullable`1 statusCode)
   at Microsoft.AspNetCore.Mvc.ViewFeatures.ViewExecutor.ExecuteAsync(ViewContext viewContext, String contentType, Nullable`1 statusCode)
   at Microsoft.AspNetCore.Mvc.Infrastructure.ResourceInvoker.<InvokeNextResultFilterAsync>g__Awaited|30_0[TFilter,TFilterAsync](ResourceInvoker invoker, Task lastTask, State next, Scope scope, Object state, Boolean isCompleted)
   at Microsoft.AspNetCore.Mvc.Infrastructure.ResourceInvoker.Rethrow(ResultExecutedContextSealed context)
   at Microsoft.AspNetCore.Mvc.Infrastructure.ResourceInvoker.ResultNext[TFilter,TFilterAsync](State& next, Scope& scope, Object& state, Boolean& isCompleted)
   at Microsoft.AspNetCore.Mvc.Infrastructure.ResourceInvoker.InvokeResultFilters()
--- End of stack trace from previous location ---
   at Microsoft.AspNetCore.Mvc.Infrastructure.ResourceInvoker.<InvokeNextResourceFilter>g__Awaited|25_0(ResourceInvoker invoker, Task lastTask, State next, Scope scope, Object state, Boolean isCompleted)
   at Microsoft.AspNetCore.Mvc.Infrastructure.ResourceInvoker.Rethrow(ResourceExecutedContextSealed context)
   at Microsoft.AspNetCore.Mvc.Infrastructure.ResourceInvoker.Next(State& next, Scope& scope, Object& state, Boolean& isCompleted)
   at Microsoft.AspNetCore.Mvc.Infrastructure.ResourceInvoker.InvokeFilterPipelineAsync()
--- End of stack trace from previous location ---
   at Microsoft.AspNetCore.Mvc.Infrastructure.ResourceInvoker.<InvokeAsync>g__Awaited|17_0(ResourceInvoker invoker, Task task, IDisposable scope)
   at Microsoft.AspNetCore.Mvc.Infrastructure.ResourceInvoker.<InvokeAsync>g__Awaited|17_0(ResourceInvoker invoker, Task task, IDisposable scope)
   at Microsoft.AspNetCore.Authorization.AuthorizationMiddleware.Invoke(HttpContext context)
   at Microsoft.AspNetCore.Authentication.AuthenticationMiddleware.Invoke(HttpContext context)
   at Microsoft.AspNetCore.Diagnostics.DeveloperExceptionPageMiddlewareImpl.Invoke(HttpContext context)
2025-07-08 12:27:24.487 +06:00 [INF] Application Starting...17-jan
2025-07-08 12:27:24.519 +06:00 [INF] This is Nasim Reza Hridoy
2025-07-08 12:27:24.519 +06:00 [ERR] An error occurred while starting the application.
2025-07-08 12:27:27.211 +06:00 [INF] This is Nasim Reza
2025-07-08 12:27:27.228 +06:00 [INF] This is a test log entry to verify database logging.
2025-07-08 12:27:29.782 +06:00 [ERR] An unhandled exception has occurred while executing the request.
System.InvalidOperationException: RenderSectionAsync invocation in '/Views/Shared/_Layout.cshtml' is invalid. The section 'Scripts' has already been rendered.
   at Microsoft.AspNetCore.Mvc.Razor.RazorPage.RenderSectionAsyncCore(String sectionName, Boolean required)
   at AspNetCoreGeneratedDocument.Views_Shared__Layout.<ExecuteAsync>b__26_1()
   at Microsoft.AspNetCore.Razor.Runtime.TagHelpers.TagHelperExecutionContext.SetOutputContentAsync()
   at AspNetCoreGeneratedDocument.Views_Shared__Layout.ExecuteAsync()
   at Microsoft.AspNetCore.Mvc.Razor.RazorView.RenderPageCoreAsync(IRazorPage page, ViewContext context)
   at Microsoft.AspNetCore.Mvc.Razor.RazorView.RenderPageAsync(IRazorPage page, ViewContext context, Boolean invokeViewStarts)
   at Microsoft.AspNetCore.Mvc.Razor.RazorView.RenderLayoutAsync(ViewContext context, ViewBufferTextWriter bodyWriter)
   at Microsoft.AspNetCore.Mvc.Razor.RazorView.RenderAsync(ViewContext context)
   at Microsoft.AspNetCore.Mvc.ViewFeatures.ViewExecutor.ExecuteAsync(ViewContext viewContext, String contentType, Nullable`1 statusCode)
   at Microsoft.AspNetCore.Mvc.ViewFeatures.ViewExecutor.ExecuteAsync(ViewContext viewContext, String contentType, Nullable`1 statusCode)
   at Microsoft.AspNetCore.Mvc.Infrastructure.ResourceInvoker.<InvokeNextResultFilterAsync>g__Awaited|30_0[TFilter,TFilterAsync](ResourceInvoker invoker, Task lastTask, State next, Scope scope, Object state, Boolean isCompleted)
   at Microsoft.AspNetCore.Mvc.Infrastructure.ResourceInvoker.Rethrow(ResultExecutedContextSealed context)
   at Microsoft.AspNetCore.Mvc.Infrastructure.ResourceInvoker.ResultNext[TFilter,TFilterAsync](State& next, Scope& scope, Object& state, Boolean& isCompleted)
   at Microsoft.AspNetCore.Mvc.Infrastructure.ResourceInvoker.InvokeResultFilters()
--- End of stack trace from previous location ---
   at Microsoft.AspNetCore.Mvc.Infrastructure.ResourceInvoker.<InvokeNextResourceFilter>g__Awaited|25_0(ResourceInvoker invoker, Task lastTask, State next, Scope scope, Object state, Boolean isCompleted)
   at Microsoft.AspNetCore.Mvc.Infrastructure.ResourceInvoker.Rethrow(ResourceExecutedContextSealed context)
   at Microsoft.AspNetCore.Mvc.Infrastructure.ResourceInvoker.Next(State& next, Scope& scope, Object& state, Boolean& isCompleted)
   at Microsoft.AspNetCore.Mvc.Infrastructure.ResourceInvoker.InvokeFilterPipelineAsync()
--- End of stack trace from previous location ---
   at Microsoft.AspNetCore.Mvc.Infrastructure.ResourceInvoker.<InvokeAsync>g__Awaited|17_0(ResourceInvoker invoker, Task task, IDisposable scope)
   at Microsoft.AspNetCore.Mvc.Infrastructure.ResourceInvoker.<InvokeAsync>g__Awaited|17_0(ResourceInvoker invoker, Task task, IDisposable scope)
   at Microsoft.AspNetCore.Authorization.AuthorizationMiddleware.Invoke(HttpContext context)
   at Microsoft.AspNetCore.Authentication.AuthenticationMiddleware.Invoke(HttpContext context)
   at Microsoft.AspNetCore.Diagnostics.DeveloperExceptionPageMiddlewareImpl.Invoke(HttpContext context)
2025-07-08 12:31:26.902 +06:00 [INF] Application Starting...17-jan
2025-07-08 12:31:26.934 +06:00 [INF] This is Nasim Reza Hridoy
2025-07-08 12:31:26.934 +06:00 [ERR] An error occurred while starting the application.
2025-07-08 12:31:30.100 +06:00 [INF] This is Nasim Reza
2025-07-08 12:31:30.119 +06:00 [INF] This is a test log entry to verify database logging.
2025-07-08 12:47:00.600 +06:00 [INF] Application Starting...17-jan
2025-07-08 12:47:00.631 +06:00 [INF] This is Nasim Reza Hridoy
2025-07-08 12:47:00.631 +06:00 [ERR] An error occurred while starting the application.
2025-07-08 12:47:03.513 +06:00 [INF] This is Nasim Reza
2025-07-08 12:47:03.531 +06:00 [INF] This is a test log entry to verify database logging.
2025-07-08 12:49:48.780 +06:00 [INF] Application Starting...17-jan
2025-07-08 12:49:48.811 +06:00 [INF] This is Nasim Reza Hridoy
2025-07-08 12:49:48.811 +06:00 [ERR] An error occurred while starting the application.
2025-07-08 12:49:51.475 +06:00 [INF] This is Nasim Reza
2025-07-08 12:49:51.495 +06:00 [INF] This is a test log entry to verify database logging.
2025-07-08 13:02:50.638 +06:00 [INF] Application Starting...17-jan
2025-07-08 13:02:50.673 +06:00 [INF] This is Nasim Reza Hridoy
2025-07-08 13:02:50.673 +06:00 [ERR] An error occurred while starting the application.
2025-07-08 13:02:53.440 +06:00 [INF] This is Nasim Reza
2025-07-08 13:02:53.460 +06:00 [INF] This is a test log entry to verify database logging.
2025-07-08 13:04:09.585 +06:00 [INF] User created a new account with password.
2025-07-08 13:07:39.292 +06:00 [INF] Application Starting...17-jan
2025-07-08 13:07:39.332 +06:00 [INF] This is Nasim Reza Hridoy
2025-07-08 13:07:39.332 +06:00 [ERR] An error occurred while starting the application.
2025-07-08 13:07:42.059 +06:00 [INF] This is Nasim Reza
2025-07-08 13:07:42.080 +06:00 [INF] This is a test log entry to verify database logging.
2025-07-08 13:08:48.844 +06:00 [INF] Application Starting...17-jan
2025-07-08 13:08:48.879 +06:00 [INF] This is Nasim Reza Hridoy
2025-07-08 13:08:48.879 +06:00 [ERR] An error occurred while starting the application.
2025-07-08 13:08:51.409 +06:00 [INF] This is Nasim Reza
2025-07-08 13:08:51.431 +06:00 [INF] This is a test log entry to verify database logging.
2025-07-08 13:13:59.222 +06:00 [INF] User logged in.
2025-07-08 13:13:59.237 +06:00 [INF] This is Nasim Reza
2025-07-08 13:13:59.239 +06:00 [INF] This is a test log entry to verify database logging.
2025-07-08 14:19:40.563 +06:00 [INF] Application Starting...17-jan
2025-07-08 14:19:40.594 +06:00 [INF] This is Nasim Reza Hridoy
2025-07-08 14:19:40.595 +06:00 [ERR] An error occurred while starting the application.
2025-07-08 14:19:46.027 +06:00 [INF] This is Nasim Reza
2025-07-08 14:19:46.044 +06:00 [INF] This is a test log entry to verify database logging.
2025-07-08 14:19:50.288 +06:00 [INF] This is Nasim Reza
2025-07-08 14:19:50.289 +06:00 [INF] This is a test log entry to verify database logging.
2025-07-08 14:19:54.267 +06:00 [WRN] You do not have a valid license key for the Lucky Penny software MediatR. This is allowed for development and testing scenarios. If you are running in production you are required to have a licensed version. Please visit https://luckypennysoftware.com to obtain a valid license.
2025-07-08 14:19:58.199 +06:00 [ERR] Error loading purchases
Microsoft.Data.SqlClient.SqlException (0x80131904): Procedure or function 'GetPurchases' expects parameter '@Total', which was not supplied.
   at Microsoft.Data.SqlClient.SqlCommand.<>c.<ExecuteDbDataReaderAsync>b__195_0(Task`1 result)
   at System.Threading.Tasks.ContinuationResultTaskFromResultTask`2.InnerInvoke()
   at System.Threading.ExecutionContext.RunInternal(ExecutionContext executionContext, ContextCallback callback, Object state)
--- End of stack trace from previous location ---
   at System.Threading.ExecutionContext.RunInternal(ExecutionContext executionContext, ContextCallback callback, Object state)
   at System.Threading.Tasks.Task.ExecuteWithThreadLocal(Task& currentTaskSlot, Thread threadPoolThread)
--- End of stack trace from previous location ---
   at DevSkill.Inventory.Infrastructure.Utilities.SqlUtility.ExecuteQueryAsync[TReturn](DbCommand command) in C:\Users\Nasim Reza\Desktop\Final Project\aspnet-b11-nasim\src\DevSkill.Inventory.sln\DevSkill.Inventory.Infrastructure\Utilities\SqlUtility.cs:line 237
   at DevSkill.Inventory.Infrastructure.Utilities.SqlUtility.QueryWithStoredProcedureAsync[TReturn](String storedProcedureName, IDictionary`2 parameters, IDictionary`2 outParameters) in C:\Users\Nasim Reza\Desktop\Final Project\aspnet-b11-nasim\src\DevSkill.Inventory.sln\DevSkill.Inventory.Infrastructure\Utilities\SqlUtility.cs:line 100
   at DevSkill.Inventory.Infrastructure.Utilities.SqlUtility.QueryWithStoredProcedureAsync[TReturn](String storedProcedureName, IDictionary`2 parameters, IDictionary`2 outParameters) in C:\Users\Nasim Reza\Desktop\Final Project\aspnet-b11-nasim\src\DevSkill.Inventory.sln\DevSkill.Inventory.Infrastructure\Utilities\SqlUtility.cs:line 106
   at DevSkill.Inventory.Infrastructure.ApplicationUnitOfWork.GetPurchasesSP(Int32 pageIndex, Int32 pageSize, String orderBy, PurchaseSearchDto search) in C:\Users\Nasim Reza\Desktop\Final Project\aspnet-b11-nasim\src\DevSkill.Inventory.sln\DevSkill.Inventory.Infrastructure\ApplicationUnitOfWork.cs:line 116
   at DevSkill.Inventory.Application.Features.Purchases.Queries.GetPurchasesSPQueryHandler.Handle(GetPurchasesSPQuery request, CancellationToken cancellationToken) in C:\Users\Nasim Reza\Desktop\Final Project\aspnet-b11-nasim\src\DevSkill.Inventory.sln\DevSkill.Inventory.Application\Features\Purchases\Queries\GetPurchasesSPQueryHandler.cs:line 22
   at DevSkill.Inventory.Web.Areas.Admin.Controllers.PurchasesController.GetPurchasesJsonData(PurchaseListModel model) in C:\Users\Nasim Reza\Desktop\Final Project\aspnet-b11-nasim\src\DevSkill.Inventory.sln\DevSkill.Inventory.Web\Areas\Admin\Controllers\PurchasesController.cs:line 55
ClientConnectionId:d6116045-a43e-47f3-9235-b849f05adb8b
Error Number:201,State:4,Class:16
2025-07-08 14:19:59.596 +06:00 [ERR] Error loading sales
Microsoft.Data.SqlClient.SqlException (0x80131904): Could not find stored procedure 'GetSales'.
   at Microsoft.Data.SqlClient.SqlCommand.<>c.<ExecuteDbDataReaderAsync>b__195_0(Task`1 result)
   at System.Threading.Tasks.ContinuationResultTaskFromResultTask`2.InnerInvoke()
   at System.Threading.ExecutionContext.RunInternal(ExecutionContext executionContext, ContextCallback callback, Object state)
--- End of stack trace from previous location ---
   at System.Threading.ExecutionContext.RunInternal(ExecutionContext executionContext, ContextCallback callback, Object state)
   at System.Threading.Tasks.Task.ExecuteWithThreadLocal(Task& currentTaskSlot, Thread threadPoolThread)
--- End of stack trace from previous location ---
   at DevSkill.Inventory.Infrastructure.Utilities.SqlUtility.ExecuteQueryAsync[TReturn](DbCommand command) in C:\Users\Nasim Reza\Desktop\Final Project\aspnet-b11-nasim\src\DevSkill.Inventory.sln\DevSkill.Inventory.Infrastructure\Utilities\SqlUtility.cs:line 237
   at DevSkill.Inventory.Infrastructure.Utilities.SqlUtility.QueryWithStoredProcedureAsync[TReturn](String storedProcedureName, IDictionary`2 parameters, IDictionary`2 outParameters) in C:\Users\Nasim Reza\Desktop\Final Project\aspnet-b11-nasim\src\DevSkill.Inventory.sln\DevSkill.Inventory.Infrastructure\Utilities\SqlUtility.cs:line 100
   at DevSkill.Inventory.Infrastructure.Utilities.SqlUtility.QueryWithStoredProcedureAsync[TReturn](String storedProcedureName, IDictionary`2 parameters, IDictionary`2 outParameters) in C:\Users\Nasim Reza\Desktop\Final Project\aspnet-b11-nasim\src\DevSkill.Inventory.sln\DevSkill.Inventory.Infrastructure\Utilities\SqlUtility.cs:line 106
   at DevSkill.Inventory.Infrastructure.ApplicationUnitOfWork.GetSalesSP(Int32 pageIndex, Int32 pageSize, String orderBy, SaleSearchDto search) in C:\Users\Nasim Reza\Desktop\Final Project\aspnet-b11-nasim\src\DevSkill.Inventory.sln\DevSkill.Inventory.Infrastructure\ApplicationUnitOfWork.cs:line 144
   at DevSkill.Inventory.Application.Features.Sales.Queries.GetSalesSPQueryHandler.Handle(GetSalesSPQuery request, CancellationToken cancellationToken) in C:\Users\Nasim Reza\Desktop\Final Project\aspnet-b11-nasim\src\DevSkill.Inventory.sln\DevSkill.Inventory.Application\Features\Sales\Queries\GetSalesSPQueryHandler.cs:line 24
   at DevSkill.Inventory.Web.Areas.Admin.Controllers.SalesController.GetSalesJsonData(SalesListModel model) in C:\Users\Nasim Reza\Desktop\Final Project\aspnet-b11-nasim\src\DevSkill.Inventory.sln\DevSkill.Inventory.Web\Areas\Admin\Controllers\SalesController.cs:line 51
ClientConnectionId:d6116045-a43e-47f3-9235-b849f05adb8b
Error Number:2812,State:62,Class:16
2025-07-08 14:20:00.481 +06:00 [ERR] Error loading sales return data
Microsoft.Data.SqlClient.SqlException (0x80131904): Could not find stored procedure 'GetSalesReturns'.
   at Microsoft.Data.SqlClient.SqlCommand.<>c.<ExecuteDbDataReaderAsync>b__195_0(Task`1 result)
   at System.Threading.Tasks.ContinuationResultTaskFromResultTask`2.InnerInvoke()
   at System.Threading.ExecutionContext.RunInternal(ExecutionContext executionContext, ContextCallback callback, Object state)
--- End of stack trace from previous location ---
   at System.Threading.ExecutionContext.RunInternal(ExecutionContext executionContext, ContextCallback callback, Object state)
   at System.Threading.Tasks.Task.ExecuteWithThreadLocal(Task& currentTaskSlot, Thread threadPoolThread)
--- End of stack trace from previous location ---
   at DevSkill.Inventory.Infrastructure.Utilities.SqlUtility.ExecuteQueryAsync[TReturn](DbCommand command) in C:\Users\Nasim Reza\Desktop\Final Project\aspnet-b11-nasim\src\DevSkill.Inventory.sln\DevSkill.Inventory.Infrastructure\Utilities\SqlUtility.cs:line 237
   at DevSkill.Inventory.Infrastructure.Utilities.SqlUtility.QueryWithStoredProcedureAsync[TReturn](String storedProcedureName, IDictionary`2 parameters, IDictionary`2 outParameters) in C:\Users\Nasim Reza\Desktop\Final Project\aspnet-b11-nasim\src\DevSkill.Inventory.sln\DevSkill.Inventory.Infrastructure\Utilities\SqlUtility.cs:line 100
   at DevSkill.Inventory.Infrastructure.Utilities.SqlUtility.QueryWithStoredProcedureAsync[TReturn](String storedProcedureName, IDictionary`2 parameters, IDictionary`2 outParameters) in C:\Users\Nasim Reza\Desktop\Final Project\aspnet-b11-nasim\src\DevSkill.Inventory.sln\DevSkill.Inventory.Infrastructure\Utilities\SqlUtility.cs:line 106
   at DevSkill.Inventory.Infrastructure.ApplicationUnitOfWork.GetSalesReturnsSP(Int32 pageIndex, Int32 pageSize, String order, SalesReturnSearchDto search) in C:\Users\Nasim Reza\Desktop\Final Project\aspnet-b11-nasim\src\DevSkill.Inventory.sln\DevSkill.Inventory.Infrastructure\ApplicationUnitOfWork.cs:line 171
   at DevSkill.Inventory.Application.Features.SalesReturns.Queries.GetSalesReturnsSPQueryHandler.Handle(GetSalesReturnsSPQuery request, CancellationToken cancellationToken) in C:\Users\Nasim Reza\Desktop\Final Project\aspnet-b11-nasim\src\DevSkill.Inventory.sln\DevSkill.Inventory.Application\Features\SalesReturns\Queries\GetSalesReturnsQueryHandler.cs:line 23
   at DevSkill.Inventory.Web.Areas.Admin.Controllers.SalesController.GetSalesReturnsJsonData(SalesReturnListModel model) in C:\Users\Nasim Reza\Desktop\Final Project\aspnet-b11-nasim\src\DevSkill.Inventory.sln\DevSkill.Inventory.Web\Areas\Admin\Controllers\SalesController.cs:line 99
ClientConnectionId:d6116045-a43e-47f3-9235-b849f05adb8b
Error Number:2812,State:62,Class:16
2025-07-08 14:20:01.361 +06:00 [ERR] Error loading service data
Microsoft.Data.SqlClient.SqlException (0x80131904): Could not find stored procedure 'GetServices'.
   at Microsoft.Data.SqlClient.SqlCommand.<>c.<ExecuteDbDataReaderAsync>b__195_0(Task`1 result)
   at System.Threading.Tasks.ContinuationResultTaskFromResultTask`2.InnerInvoke()
   at System.Threading.ExecutionContext.RunInternal(ExecutionContext executionContext, ContextCallback callback, Object state)
--- End of stack trace from previous location ---
   at System.Threading.ExecutionContext.RunInternal(ExecutionContext executionContext, ContextCallback callback, Object state)
   at System.Threading.Tasks.Task.ExecuteWithThreadLocal(Task& currentTaskSlot, Thread threadPoolThread)
--- End of stack trace from previous location ---
   at DevSkill.Inventory.Infrastructure.Utilities.SqlUtility.ExecuteQueryAsync[TReturn](DbCommand command) in C:\Users\Nasim Reza\Desktop\Final Project\aspnet-b11-nasim\src\DevSkill.Inventory.sln\DevSkill.Inventory.Infrastructure\Utilities\SqlUtility.cs:line 237
   at DevSkill.Inventory.Infrastructure.Utilities.SqlUtility.QueryWithStoredProcedureAsync[TReturn](String storedProcedureName, IDictionary`2 parameters, IDictionary`2 outParameters) in C:\Users\Nasim Reza\Desktop\Final Project\aspnet-b11-nasim\src\DevSkill.Inventory.sln\DevSkill.Inventory.Infrastructure\Utilities\SqlUtility.cs:line 100
   at DevSkill.Inventory.Infrastructure.Utilities.SqlUtility.QueryWithStoredProcedureAsync[TReturn](String storedProcedureName, IDictionary`2 parameters, IDictionary`2 outParameters) in C:\Users\Nasim Reza\Desktop\Final Project\aspnet-b11-nasim\src\DevSkill.Inventory.sln\DevSkill.Inventory.Infrastructure\Utilities\SqlUtility.cs:line 106
   at DevSkill.Inventory.Infrastructure.ApplicationUnitOfWork.GetServicesSP(Int32 pageIndex, Int32 pageSize, String orderBy, ServiceSearchDto search) in C:\Users\Nasim Reza\Desktop\Final Project\aspnet-b11-nasim\src\DevSkill.Inventory.sln\DevSkill.Inventory.Infrastructure\ApplicationUnitOfWork.cs:line 224
   at DevSkill.Inventory.Application.Features.ServiceFeatures.Queries.GetServicesSPQueryHandler.Handle(GetServicesSPQuery request, CancellationToken cancellationToken) in C:\Users\Nasim Reza\Desktop\Final Project\aspnet-b11-nasim\src\DevSkill.Inventory.sln\DevSkill.Inventory.Application\Features\ServiceFeatures\Queries\GetServicesSPQueryHandler.cs:line 23
   at DevSkill.Inventory.Web.Areas.Admin.Controllers.ServicesController.GetServicesJsonData(ServiceListModel model) in C:\Users\Nasim Reza\Desktop\Final Project\aspnet-b11-nasim\src\DevSkill.Inventory.sln\DevSkill.Inventory.Web\Areas\Admin\Controllers\ServicesController.cs:line 46
ClientConnectionId:d6116045-a43e-47f3-9235-b849f05adb8b
Error Number:2812,State:62,Class:16
2025-07-08 14:20:02.108 +06:00 [ERR] Error loading service sales
Microsoft.Data.SqlClient.SqlException (0x80131904): Procedure or function 'GetServiceSales' expects parameter '@TotalCount', which was not supplied.
   at Microsoft.Data.SqlClient.SqlCommand.<>c.<ExecuteDbDataReaderAsync>b__195_0(Task`1 result)
   at System.Threading.Tasks.ContinuationResultTaskFromResultTask`2.InnerInvoke()
   at System.Threading.ExecutionContext.RunInternal(ExecutionContext executionContext, ContextCallback callback, Object state)
--- End of stack trace from previous location ---
   at System.Threading.ExecutionContext.RunInternal(ExecutionContext executionContext, ContextCallback callback, Object state)
   at System.Threading.Tasks.Task.ExecuteWithThreadLocal(Task& currentTaskSlot, Thread threadPoolThread)
--- End of stack trace from previous location ---
   at DevSkill.Inventory.Infrastructure.Utilities.SqlUtility.ExecuteQueryAsync[TReturn](DbCommand command) in C:\Users\Nasim Reza\Desktop\Final Project\aspnet-b11-nasim\src\DevSkill.Inventory.sln\DevSkill.Inventory.Infrastructure\Utilities\SqlUtility.cs:line 237
   at DevSkill.Inventory.Infrastructure.Utilities.SqlUtility.QueryWithStoredProcedureAsync[TReturn](String storedProcedureName, IDictionary`2 parameters, IDictionary`2 outParameters) in C:\Users\Nasim Reza\Desktop\Final Project\aspnet-b11-nasim\src\DevSkill.Inventory.sln\DevSkill.Inventory.Infrastructure\Utilities\SqlUtility.cs:line 100
   at DevSkill.Inventory.Infrastructure.Utilities.SqlUtility.QueryWithStoredProcedureAsync[TReturn](String storedProcedureName, IDictionary`2 parameters, IDictionary`2 outParameters) in C:\Users\Nasim Reza\Desktop\Final Project\aspnet-b11-nasim\src\DevSkill.Inventory.sln\DevSkill.Inventory.Infrastructure\Utilities\SqlUtility.cs:line 106
   at DevSkill.Inventory.Infrastructure.ApplicationUnitOfWork.GetServiceSalesSP(Int32 pageIndex, Int32 pageSize, String order, ServiceSaleSearchDto search) in C:\Users\Nasim Reza\Desktop\Final Project\aspnet-b11-nasim\src\DevSkill.Inventory.sln\DevSkill.Inventory.Infrastructure\ApplicationUnitOfWork.cs:line 248
   at DevSkill.Inventory.Application.Features.ServiceSales.Queries.GetServiceSalesSPQueryHandler.Handle(GetServiceSalesSPQuery request, CancellationToken cancellationToken) in C:\Users\Nasim Reza\Desktop\Final Project\aspnet-b11-nasim\src\DevSkill.Inventory.sln\DevSkill.Inventory.Application\Features\ServiceSales\Queries\GetServiceSalesSPQueryHandler.cs:line 25
   at DevSkill.Inventory.Web.Areas.Admin.Controllers.ServiceSalesController.GetServiceSalesJsonData(ServiceSaleListModel model) in C:\Users\Nasim Reza\Desktop\Final Project\aspnet-b11-nasim\src\DevSkill.Inventory.sln\DevSkill.Inventory.Web\Areas\Admin\Controllers\ServiceSalesController.cs:line 129
ClientConnectionId:d6116045-a43e-47f3-9235-b849f05adb8b
Error Number:201,State:4,Class:16
2025-07-08 16:28:08.520 +06:00 [INF] Application Starting...17-jan
2025-07-08 16:28:08.544 +06:00 [INF] This is Nasim Reza Hridoy
2025-07-08 16:28:08.544 +06:00 [ERR] An error occurred while starting the application.
2025-07-08 16:28:09.201 +06:00 [FTL] Application crashed
Microsoft.Extensions.Hosting.HostAbortedException: The host was aborted.
   at Microsoft.Extensions.Hosting.HostFactoryResolver.HostingListener.ThrowHostAborted()
   at Microsoft.Extensions.Hosting.HostFactoryResolver.HostingListener.OnNext(KeyValuePair`2 value)
   at System.Diagnostics.DiagnosticListener.Write(String name, Object value)
   at Microsoft.Extensions.Hosting.HostBuilder.ResolveHost(IServiceProvider serviceProvider, DiagnosticListener diagnosticListener)
   at Microsoft.Extensions.Hosting.HostApplicationBuilder.Build()
   at Microsoft.AspNetCore.Builder.WebApplicationBuilder.Build()
   at Program.<Main>$(String[] args) in C:\Users\Nasim Reza\Desktop\Final Project\aspnet-b11-nasim\src\DevSkill.Inventory.sln\DevSkill.Inventory.Web\Program.cs:line 104
2025-07-08 16:43:45.317 +06:00 [INF] Application Starting...17-jan
2025-07-08 16:43:45.341 +06:00 [INF] This is Nasim Reza Hridoy
2025-07-08 16:43:45.341 +06:00 [ERR] An error occurred while starting the application.
2025-07-08 16:43:45.903 +06:00 [FTL] Application crashed
Microsoft.Extensions.Hosting.HostAbortedException: The host was aborted.
   at Microsoft.Extensions.Hosting.HostFactoryResolver.HostingListener.ThrowHostAborted()
   at Microsoft.Extensions.Hosting.HostFactoryResolver.HostingListener.OnNext(KeyValuePair`2 value)
   at System.Diagnostics.DiagnosticListener.Write(String name, Object value)
   at Microsoft.Extensions.Hosting.HostBuilder.ResolveHost(IServiceProvider serviceProvider, DiagnosticListener diagnosticListener)
   at Microsoft.Extensions.Hosting.HostApplicationBuilder.Build()
   at Microsoft.AspNetCore.Builder.WebApplicationBuilder.Build()
   at Program.<Main>$(String[] args) in C:\Users\Nasim Reza\Desktop\Final Project\aspnet-b11-nasim\src\DevSkill.Inventory.sln\DevSkill.Inventory.Web\Program.cs:line 104
2025-07-08 16:44:03.172 +06:00 [INF] Application Starting...17-jan
2025-07-08 16:44:03.203 +06:00 [INF] This is Nasim Reza Hridoy
2025-07-08 16:44:03.203 +06:00 [ERR] An error occurred while starting the application.
2025-07-08 16:44:04.589 +06:00 [FTL] Application crashed
System.InvalidOperationException: Unable to find the required services. Please add all the required services by calling 'IServiceCollection.AddRazorPages' inside the call to 'ConfigureServices(...)' in the application startup code.
   at Microsoft.AspNetCore.Builder.RazorPagesEndpointRouteBuilderExtensions.EnsureRazorPagesServices(IEndpointRouteBuilder endpoints)
   at Microsoft.AspNetCore.Builder.RazorPagesEndpointRouteBuilderExtensions.MapRazorPages(IEndpointRouteBuilder endpoints)
   at Program.<Main>$(String[] args) in C:\Users\Nasim Reza\Desktop\Final Project\aspnet-b11-nasim\src\DevSkill.Inventory.sln\DevSkill.Inventory.Web\Program.cs:line 138
2025-07-08 16:44:26.996 +06:00 [INF] Application Starting...17-jan
2025-07-08 16:44:27.040 +06:00 [INF] This is Nasim Reza Hridoy
2025-07-08 16:44:27.040 +06:00 [ERR] An error occurred while starting the application.
2025-07-08 16:44:28.375 +06:00 [FTL] Application crashed
System.InvalidOperationException: Unable to find the required services. Please add all the required services by calling 'IServiceCollection.AddRazorPages' inside the call to 'ConfigureServices(...)' in the application startup code.
   at Microsoft.AspNetCore.Builder.RazorPagesEndpointRouteBuilderExtensions.EnsureRazorPagesServices(IEndpointRouteBuilder endpoints)
   at Microsoft.AspNetCore.Builder.RazorPagesEndpointRouteBuilderExtensions.MapRazorPages(IEndpointRouteBuilder endpoints)
   at Program.<Main>$(String[] args) in C:\Users\Nasim Reza\Desktop\Final Project\aspnet-b11-nasim\src\DevSkill.Inventory.sln\DevSkill.Inventory.Web\Program.cs:line 138
2025-07-08 16:46:43.997 +06:00 [INF] Application Starting...17-jan
2025-07-08 16:46:44.027 +06:00 [INF] This is Nasim Reza Hridoy
2025-07-08 16:46:44.027 +06:00 [ERR] An error occurred while starting the application.
2025-07-08 16:46:47.938 +06:00 [INF] This is Nasim Reza
2025-07-08 16:46:47.958 +06:00 [INF] This is a test log entry to verify database logging.
2025-07-08 16:46:52.622 +06:00 [ERR] An unhandled exception has occurred while executing the request.
System.InvalidOperationException: Unable to resolve service for type 'Microsoft.AspNetCore.Identity.UI.Services.IEmailSender' while attempting to activate 'DevSkill.Inventory.Web.Areas.Identity.Pages.Account.RegisterModel'.
   at Microsoft.Extensions.DependencyInjection.ActivatorUtilities.ThrowHelperUnableToResolveService(Type type, Type requiredBy)
   at lambda_method789(Closure, IServiceProvider, Object[])
   at Microsoft.AspNetCore.Mvc.RazorPages.Infrastructure.DefaultPageModelFactoryProvider.<>c__DisplayClass3_0.<CreateModelFactory>b__0(PageContext pageContext)
   at Microsoft.AspNetCore.Mvc.RazorPages.Infrastructure.PageActionInvoker.CreateInstance()
   at Microsoft.AspNetCore.Mvc.RazorPages.Infrastructure.PageActionInvoker.Next(State& next, Scope& scope, Object& state, Boolean& isCompleted)
   at Microsoft.AspNetCore.Mvc.RazorPages.Infrastructure.PageActionInvoker.InvokeInnerFilterAsync()
   at Microsoft.AspNetCore.Mvc.Infrastructure.ResourceInvoker.<InvokeNextResourceFilter>g__Awaited|25_0(ResourceInvoker invoker, Task lastTask, State next, Scope scope, Object state, Boolean isCompleted)
   at Microsoft.AspNetCore.Mvc.Infrastructure.ResourceInvoker.Rethrow(ResourceExecutedContextSealed context)
   at Microsoft.AspNetCore.Mvc.Infrastructure.ResourceInvoker.Next(State& next, Scope& scope, Object& state, Boolean& isCompleted)
   at Microsoft.AspNetCore.Mvc.Infrastructure.ResourceInvoker.InvokeFilterPipelineAsync()
--- End of stack trace from previous location ---
   at Microsoft.AspNetCore.Mvc.Infrastructure.ResourceInvoker.<InvokeAsync>g__Awaited|17_0(ResourceInvoker invoker, Task task, IDisposable scope)
   at Microsoft.AspNetCore.Mvc.Infrastructure.ResourceInvoker.<InvokeAsync>g__Awaited|17_0(ResourceInvoker invoker, Task task, IDisposable scope)
   at Microsoft.AspNetCore.Authorization.AuthorizationMiddleware.Invoke(HttpContext context)
   at Microsoft.AspNetCore.Authentication.AuthenticationMiddleware.Invoke(HttpContext context)
   at Microsoft.AspNetCore.Diagnostics.DeveloperExceptionPageMiddlewareImpl.Invoke(HttpContext context)
2025-07-08 16:50:05.818 +06:00 [INF] Application Starting...17-jan
2025-07-08 16:50:05.850 +06:00 [INF] This is Nasim Reza Hridoy
2025-07-08 16:50:05.851 +06:00 [ERR] An error occurred while starting the application.
2025-07-08 16:50:09.520 +06:00 [INF] This is Nasim Reza
2025-07-08 16:50:09.537 +06:00 [INF] This is a test log entry to verify database logging.
2025-07-08 16:50:25.111 +06:00 [ERR] An unhandled exception has occurred while executing the request.
System.InvalidOperationException: Unable to resolve service for type 'Microsoft.AspNetCore.Identity.SignInManager`1[Microsoft.AspNetCore.Identity.IdentityUser]' while attempting to activate 'DevSkill.Inventory.Web.Areas.Identity.Pages.Account.LoginModel'.
   at Microsoft.Extensions.DependencyInjection.ActivatorUtilities.ThrowHelperUnableToResolveService(Type type, Type requiredBy)
   at lambda_method769(Closure, IServiceProvider, Object[])
   at Microsoft.AspNetCore.Mvc.RazorPages.Infrastructure.DefaultPageModelFactoryProvider.<>c__DisplayClass3_0.<CreateModelFactory>b__0(PageContext pageContext)
   at Microsoft.AspNetCore.Mvc.RazorPages.Infrastructure.PageActionInvoker.CreateInstance()
   at Microsoft.AspNetCore.Mvc.RazorPages.Infrastructure.PageActionInvoker.Next(State& next, Scope& scope, Object& state, Boolean& isCompleted)
   at Microsoft.AspNetCore.Mvc.RazorPages.Infrastructure.PageActionInvoker.InvokeInnerFilterAsync()
   at Microsoft.AspNetCore.Mvc.Infrastructure.ResourceInvoker.<InvokeNextResourceFilter>g__Awaited|25_0(ResourceInvoker invoker, Task lastTask, State next, Scope scope, Object state, Boolean isCompleted)
   at Microsoft.AspNetCore.Mvc.Infrastructure.ResourceInvoker.Rethrow(ResourceExecutedContextSealed context)
   at Microsoft.AspNetCore.Mvc.Infrastructure.ResourceInvoker.Next(State& next, Scope& scope, Object& state, Boolean& isCompleted)
   at Microsoft.AspNetCore.Mvc.Infrastructure.ResourceInvoker.InvokeFilterPipelineAsync()
--- End of stack trace from previous location ---
   at Microsoft.AspNetCore.Mvc.Infrastructure.ResourceInvoker.<InvokeAsync>g__Awaited|17_0(ResourceInvoker invoker, Task task, IDisposable scope)
   at Microsoft.AspNetCore.Mvc.Infrastructure.ResourceInvoker.<InvokeAsync>g__Awaited|17_0(ResourceInvoker invoker, Task task, IDisposable scope)
   at Microsoft.AspNetCore.Authorization.AuthorizationMiddleware.Invoke(HttpContext context)
   at Microsoft.AspNetCore.Authentication.AuthenticationMiddleware.Invoke(HttpContext context)
   at Microsoft.AspNetCore.Diagnostics.DeveloperExceptionPageMiddlewareImpl.Invoke(HttpContext context)
2025-07-08 16:51:04.662 +06:00 [INF] Application Starting...17-jan
2025-07-08 16:51:04.697 +06:00 [INF] This is Nasim Reza Hridoy
2025-07-08 16:51:04.697 +06:00 [ERR] An error occurred while starting the application.
2025-07-08 16:51:08.335 +06:00 [INF] This is Nasim Reza
2025-07-08 16:51:08.357 +06:00 [INF] This is a test log entry to verify database logging.
2025-07-08 16:51:37.726 +06:00 [INF] User created a new account with password.
2025-07-08 16:51:37.812 +06:00 [INF] This is Nasim Reza
2025-07-08 16:51:37.814 +06:00 [INF] This is a test log entry to verify database logging.
2025-07-08 16:54:09.160 +06:00 [INF] Application Starting...17-jan
2025-07-08 16:54:09.192 +06:00 [INF] This is Nasim Reza Hridoy
2025-07-08 16:54:09.192 +06:00 [ERR] An error occurred while starting the application.
2025-07-08 16:54:12.550 +06:00 [INF] This is Nasim Reza
2025-07-08 16:54:12.569 +06:00 [INF] This is a test log entry to verify database logging.
2025-07-08 16:54:15.519 +06:00 [INF] This is Nasim Reza
2025-07-08 16:54:15.520 +06:00 [INF] This is a test log entry to verify database logging.
2025-07-08 16:54:18.766 +06:00 [WRN] You do not have a valid license key for the Lucky Penny software MediatR. This is allowed for development and testing scenarios. If you are running in production you are required to have a licensed version. Please visit https://luckypennysoftware.com to obtain a valid license.
2025-07-08 16:54:24.206 +06:00 [ERR] Error loading purchases
Microsoft.Data.SqlClient.SqlException (0x80131904): Procedure or function 'GetPurchases' expects parameter '@Total', which was not supplied.
   at Microsoft.Data.SqlClient.SqlCommand.<>c.<ExecuteDbDataReaderAsync>b__195_0(Task`1 result)
   at System.Threading.Tasks.ContinuationResultTaskFromResultTask`2.InnerInvoke()
   at System.Threading.ExecutionContext.RunInternal(ExecutionContext executionContext, ContextCallback callback, Object state)
--- End of stack trace from previous location ---
   at System.Threading.ExecutionContext.RunInternal(ExecutionContext executionContext, ContextCallback callback, Object state)
   at System.Threading.Tasks.Task.ExecuteWithThreadLocal(Task& currentTaskSlot, Thread threadPoolThread)
--- End of stack trace from previous location ---
   at DevSkill.Inventory.Infrastructure.Utilities.SqlUtility.ExecuteQueryAsync[TReturn](DbCommand command) in C:\Users\Nasim Reza\Desktop\Final Project\aspnet-b11-nasim\src\DevSkill.Inventory.sln\DevSkill.Inventory.Infrastructure\Utilities\SqlUtility.cs:line 237
   at DevSkill.Inventory.Infrastructure.Utilities.SqlUtility.QueryWithStoredProcedureAsync[TReturn](String storedProcedureName, IDictionary`2 parameters, IDictionary`2 outParameters) in C:\Users\Nasim Reza\Desktop\Final Project\aspnet-b11-nasim\src\DevSkill.Inventory.sln\DevSkill.Inventory.Infrastructure\Utilities\SqlUtility.cs:line 100
   at DevSkill.Inventory.Infrastructure.Utilities.SqlUtility.QueryWithStoredProcedureAsync[TReturn](String storedProcedureName, IDictionary`2 parameters, IDictionary`2 outParameters) in C:\Users\Nasim Reza\Desktop\Final Project\aspnet-b11-nasim\src\DevSkill.Inventory.sln\DevSkill.Inventory.Infrastructure\Utilities\SqlUtility.cs:line 106
   at DevSkill.Inventory.Infrastructure.ApplicationUnitOfWork.GetPurchasesSP(Int32 pageIndex, Int32 pageSize, String orderBy, PurchaseSearchDto search) in C:\Users\Nasim Reza\Desktop\Final Project\aspnet-b11-nasim\src\DevSkill.Inventory.sln\DevSkill.Inventory.Infrastructure\ApplicationUnitOfWork.cs:line 116
   at DevSkill.Inventory.Application.Features.Purchases.Queries.GetPurchasesSPQueryHandler.Handle(GetPurchasesSPQuery request, CancellationToken cancellationToken) in C:\Users\Nasim Reza\Desktop\Final Project\aspnet-b11-nasim\src\DevSkill.Inventory.sln\DevSkill.Inventory.Application\Features\Purchases\Queries\GetPurchasesSPQueryHandler.cs:line 22
   at DevSkill.Inventory.Web.Areas.Admin.Controllers.PurchasesController.GetPurchasesJsonData(PurchaseListModel model) in C:\Users\Nasim Reza\Desktop\Final Project\aspnet-b11-nasim\src\DevSkill.Inventory.sln\DevSkill.Inventory.Web\Areas\Admin\Controllers\PurchasesController.cs:line 55
ClientConnectionId:61135edc-28c6-44e6-9837-5d801b58b40b
Error Number:201,State:4,Class:16
2025-07-08 16:54:25.701 +06:00 [ERR] Error loading purchases
Microsoft.Data.SqlClient.SqlException (0x80131904): Procedure or function 'GetPurchases' expects parameter '@Total', which was not supplied.
   at Microsoft.Data.SqlClient.SqlCommand.<>c.<ExecuteDbDataReaderAsync>b__195_0(Task`1 result)
   at System.Threading.Tasks.ContinuationResultTaskFromResultTask`2.InnerInvoke()
   at System.Threading.ExecutionContext.RunInternal(ExecutionContext executionContext, ContextCallback callback, Object state)
--- End of stack trace from previous location ---
   at System.Threading.ExecutionContext.RunInternal(ExecutionContext executionContext, ContextCallback callback, Object state)
   at System.Threading.Tasks.Task.ExecuteWithThreadLocal(Task& currentTaskSlot, Thread threadPoolThread)
--- End of stack trace from previous location ---
   at DevSkill.Inventory.Infrastructure.Utilities.SqlUtility.ExecuteQueryAsync[TReturn](DbCommand command) in C:\Users\Nasim Reza\Desktop\Final Project\aspnet-b11-nasim\src\DevSkill.Inventory.sln\DevSkill.Inventory.Infrastructure\Utilities\SqlUtility.cs:line 237
   at DevSkill.Inventory.Infrastructure.Utilities.SqlUtility.QueryWithStoredProcedureAsync[TReturn](String storedProcedureName, IDictionary`2 parameters, IDictionary`2 outParameters) in C:\Users\Nasim Reza\Desktop\Final Project\aspnet-b11-nasim\src\DevSkill.Inventory.sln\DevSkill.Inventory.Infrastructure\Utilities\SqlUtility.cs:line 100
   at DevSkill.Inventory.Infrastructure.Utilities.SqlUtility.QueryWithStoredProcedureAsync[TReturn](String storedProcedureName, IDictionary`2 parameters, IDictionary`2 outParameters) in C:\Users\Nasim Reza\Desktop\Final Project\aspnet-b11-nasim\src\DevSkill.Inventory.sln\DevSkill.Inventory.Infrastructure\Utilities\SqlUtility.cs:line 106
   at DevSkill.Inventory.Infrastructure.ApplicationUnitOfWork.GetPurchasesSP(Int32 pageIndex, Int32 pageSize, String orderBy, PurchaseSearchDto search) in C:\Users\Nasim Reza\Desktop\Final Project\aspnet-b11-nasim\src\DevSkill.Inventory.sln\DevSkill.Inventory.Infrastructure\ApplicationUnitOfWork.cs:line 116
   at DevSkill.Inventory.Application.Features.Purchases.Queries.GetPurchasesSPQueryHandler.Handle(GetPurchasesSPQuery request, CancellationToken cancellationToken) in C:\Users\Nasim Reza\Desktop\Final Project\aspnet-b11-nasim\src\DevSkill.Inventory.sln\DevSkill.Inventory.Application\Features\Purchases\Queries\GetPurchasesSPQueryHandler.cs:line 22
   at DevSkill.Inventory.Web.Areas.Admin.Controllers.PurchasesController.GetPurchasesJsonData(PurchaseListModel model) in C:\Users\Nasim Reza\Desktop\Final Project\aspnet-b11-nasim\src\DevSkill.Inventory.sln\DevSkill.Inventory.Web\Areas\Admin\Controllers\PurchasesController.cs:line 55
ClientConnectionId:61135edc-28c6-44e6-9837-5d801b58b40b
Error Number:201,State:4,Class:16
2025-07-08 16:54:26.103 +06:00 [ERR] Error loading sales
Microsoft.Data.SqlClient.SqlException (0x80131904): Could not find stored procedure 'GetSales'.
   at Microsoft.Data.SqlClient.SqlCommand.<>c.<ExecuteDbDataReaderAsync>b__195_0(Task`1 result)
   at System.Threading.Tasks.ContinuationResultTaskFromResultTask`2.InnerInvoke()
   at System.Threading.ExecutionContext.RunInternal(ExecutionContext executionContext, ContextCallback callback, Object state)
--- End of stack trace from previous location ---
   at System.Threading.ExecutionContext.RunInternal(ExecutionContext executionContext, ContextCallback callback, Object state)
   at System.Threading.Tasks.Task.ExecuteWithThreadLocal(Task& currentTaskSlot, Thread threadPoolThread)
--- End of stack trace from previous location ---
   at DevSkill.Inventory.Infrastructure.Utilities.SqlUtility.ExecuteQueryAsync[TReturn](DbCommand command) in C:\Users\Nasim Reza\Desktop\Final Project\aspnet-b11-nasim\src\DevSkill.Inventory.sln\DevSkill.Inventory.Infrastructure\Utilities\SqlUtility.cs:line 237
   at DevSkill.Inventory.Infrastructure.Utilities.SqlUtility.QueryWithStoredProcedureAsync[TReturn](String storedProcedureName, IDictionary`2 parameters, IDictionary`2 outParameters) in C:\Users\Nasim Reza\Desktop\Final Project\aspnet-b11-nasim\src\DevSkill.Inventory.sln\DevSkill.Inventory.Infrastructure\Utilities\SqlUtility.cs:line 100
   at DevSkill.Inventory.Infrastructure.Utilities.SqlUtility.QueryWithStoredProcedureAsync[TReturn](String storedProcedureName, IDictionary`2 parameters, IDictionary`2 outParameters) in C:\Users\Nasim Reza\Desktop\Final Project\aspnet-b11-nasim\src\DevSkill.Inventory.sln\DevSkill.Inventory.Infrastructure\Utilities\SqlUtility.cs:line 106
   at DevSkill.Inventory.Infrastructure.ApplicationUnitOfWork.GetSalesSP(Int32 pageIndex, Int32 pageSize, String orderBy, SaleSearchDto search) in C:\Users\Nasim Reza\Desktop\Final Project\aspnet-b11-nasim\src\DevSkill.Inventory.sln\DevSkill.Inventory.Infrastructure\ApplicationUnitOfWork.cs:line 144
   at DevSkill.Inventory.Application.Features.Sales.Queries.GetSalesSPQueryHandler.Handle(GetSalesSPQuery request, CancellationToken cancellationToken) in C:\Users\Nasim Reza\Desktop\Final Project\aspnet-b11-nasim\src\DevSkill.Inventory.sln\DevSkill.Inventory.Application\Features\Sales\Queries\GetSalesSPQueryHandler.cs:line 24
   at DevSkill.Inventory.Web.Areas.Admin.Controllers.SalesController.GetSalesJsonData(SalesListModel model) in C:\Users\Nasim Reza\Desktop\Final Project\aspnet-b11-nasim\src\DevSkill.Inventory.sln\DevSkill.Inventory.Web\Areas\Admin\Controllers\SalesController.cs:line 51
ClientConnectionId:61135edc-28c6-44e6-9837-5d801b58b40b
Error Number:2812,State:62,Class:16
2025-07-08 16:54:26.787 +06:00 [ERR] Error loading sales return data
Microsoft.Data.SqlClient.SqlException (0x80131904): Could not find stored procedure 'GetSalesReturns'.
   at Microsoft.Data.SqlClient.SqlCommand.<>c.<ExecuteDbDataReaderAsync>b__195_0(Task`1 result)
   at System.Threading.Tasks.ContinuationResultTaskFromResultTask`2.InnerInvoke()
   at System.Threading.ExecutionContext.RunInternal(ExecutionContext executionContext, ContextCallback callback, Object state)
--- End of stack trace from previous location ---
   at System.Threading.ExecutionContext.RunInternal(ExecutionContext executionContext, ContextCallback callback, Object state)
   at System.Threading.Tasks.Task.ExecuteWithThreadLocal(Task& currentTaskSlot, Thread threadPoolThread)
--- End of stack trace from previous location ---
   at DevSkill.Inventory.Infrastructure.Utilities.SqlUtility.ExecuteQueryAsync[TReturn](DbCommand command) in C:\Users\Nasim Reza\Desktop\Final Project\aspnet-b11-nasim\src\DevSkill.Inventory.sln\DevSkill.Inventory.Infrastructure\Utilities\SqlUtility.cs:line 237
   at DevSkill.Inventory.Infrastructure.Utilities.SqlUtility.QueryWithStoredProcedureAsync[TReturn](String storedProcedureName, IDictionary`2 parameters, IDictionary`2 outParameters) in C:\Users\Nasim Reza\Desktop\Final Project\aspnet-b11-nasim\src\DevSkill.Inventory.sln\DevSkill.Inventory.Infrastructure\Utilities\SqlUtility.cs:line 100
   at DevSkill.Inventory.Infrastructure.Utilities.SqlUtility.QueryWithStoredProcedureAsync[TReturn](String storedProcedureName, IDictionary`2 parameters, IDictionary`2 outParameters) in C:\Users\Nasim Reza\Desktop\Final Project\aspnet-b11-nasim\src\DevSkill.Inventory.sln\DevSkill.Inventory.Infrastructure\Utilities\SqlUtility.cs:line 106
   at DevSkill.Inventory.Infrastructure.ApplicationUnitOfWork.GetSalesReturnsSP(Int32 pageIndex, Int32 pageSize, String order, SalesReturnSearchDto search) in C:\Users\Nasim Reza\Desktop\Final Project\aspnet-b11-nasim\src\DevSkill.Inventory.sln\DevSkill.Inventory.Infrastructure\ApplicationUnitOfWork.cs:line 171
   at DevSkill.Inventory.Application.Features.SalesReturns.Queries.GetSalesReturnsSPQueryHandler.Handle(GetSalesReturnsSPQuery request, CancellationToken cancellationToken) in C:\Users\Nasim Reza\Desktop\Final Project\aspnet-b11-nasim\src\DevSkill.Inventory.sln\DevSkill.Inventory.Application\Features\SalesReturns\Queries\GetSalesReturnsQueryHandler.cs:line 23
   at DevSkill.Inventory.Web.Areas.Admin.Controllers.SalesController.GetSalesReturnsJsonData(SalesReturnListModel model) in C:\Users\Nasim Reza\Desktop\Final Project\aspnet-b11-nasim\src\DevSkill.Inventory.sln\DevSkill.Inventory.Web\Areas\Admin\Controllers\SalesController.cs:line 99
ClientConnectionId:61135edc-28c6-44e6-9837-5d801b58b40b
Error Number:2812,State:62,Class:16
2025-07-08 16:54:28.030 +06:00 [ERR] Error loading sales return data
Microsoft.Data.SqlClient.SqlException (0x80131904): Could not find stored procedure 'GetSalesReturns'.
   at Microsoft.Data.SqlClient.SqlCommand.<>c.<ExecuteDbDataReaderAsync>b__195_0(Task`1 result)
   at System.Threading.Tasks.ContinuationResultTaskFromResultTask`2.InnerInvoke()
   at System.Threading.ExecutionContext.RunInternal(ExecutionContext executionContext, ContextCallback callback, Object state)
--- End of stack trace from previous location ---
   at System.Threading.ExecutionContext.RunInternal(ExecutionContext executionContext, ContextCallback callback, Object state)
   at System.Threading.Tasks.Task.ExecuteWithThreadLocal(Task& currentTaskSlot, Thread threadPoolThread)
--- End of stack trace from previous location ---
   at DevSkill.Inventory.Infrastructure.Utilities.SqlUtility.ExecuteQueryAsync[TReturn](DbCommand command) in C:\Users\Nasim Reza\Desktop\Final Project\aspnet-b11-nasim\src\DevSkill.Inventory.sln\DevSkill.Inventory.Infrastructure\Utilities\SqlUtility.cs:line 237
   at DevSkill.Inventory.Infrastructure.Utilities.SqlUtility.QueryWithStoredProcedureAsync[TReturn](String storedProcedureName, IDictionary`2 parameters, IDictionary`2 outParameters) in C:\Users\Nasim Reza\Desktop\Final Project\aspnet-b11-nasim\src\DevSkill.Inventory.sln\DevSkill.Inventory.Infrastructure\Utilities\SqlUtility.cs:line 100
   at DevSkill.Inventory.Infrastructure.Utilities.SqlUtility.QueryWithStoredProcedureAsync[TReturn](String storedProcedureName, IDictionary`2 parameters, IDictionary`2 outParameters) in C:\Users\Nasim Reza\Desktop\Final Project\aspnet-b11-nasim\src\DevSkill.Inventory.sln\DevSkill.Inventory.Infrastructure\Utilities\SqlUtility.cs:line 106
   at DevSkill.Inventory.Infrastructure.ApplicationUnitOfWork.GetSalesReturnsSP(Int32 pageIndex, Int32 pageSize, String order, SalesReturnSearchDto search) in C:\Users\Nasim Reza\Desktop\Final Project\aspnet-b11-nasim\src\DevSkill.Inventory.sln\DevSkill.Inventory.Infrastructure\ApplicationUnitOfWork.cs:line 171
   at DevSkill.Inventory.Application.Features.SalesReturns.Queries.GetSalesReturnsSPQueryHandler.Handle(GetSalesReturnsSPQuery request, CancellationToken cancellationToken) in C:\Users\Nasim Reza\Desktop\Final Project\aspnet-b11-nasim\src\DevSkill.Inventory.sln\DevSkill.Inventory.Application\Features\SalesReturns\Queries\GetSalesReturnsQueryHandler.cs:line 23
   at DevSkill.Inventory.Web.Areas.Admin.Controllers.SalesController.GetSalesReturnsJsonData(SalesReturnListModel model) in C:\Users\Nasim Reza\Desktop\Final Project\aspnet-b11-nasim\src\DevSkill.Inventory.sln\DevSkill.Inventory.Web\Areas\Admin\Controllers\SalesController.cs:line 99
ClientConnectionId:61135edc-28c6-44e6-9837-5d801b58b40b
Error Number:2812,State:62,Class:16
2025-07-08 16:54:29.458 +06:00 [ERR] Error loading service data
Microsoft.Data.SqlClient.SqlException (0x80131904): Could not find stored procedure 'GetServices'.
   at Microsoft.Data.SqlClient.SqlCommand.<>c.<ExecuteDbDataReaderAsync>b__195_0(Task`1 result)
   at System.Threading.Tasks.ContinuationResultTaskFromResultTask`2.InnerInvoke()
   at System.Threading.ExecutionContext.RunInternal(ExecutionContext executionContext, ContextCallback callback, Object state)
--- End of stack trace from previous location ---
   at System.Threading.ExecutionContext.RunInternal(ExecutionContext executionContext, ContextCallback callback, Object state)
   at System.Threading.Tasks.Task.ExecuteWithThreadLocal(Task& currentTaskSlot, Thread threadPoolThread)
--- End of stack trace from previous location ---
   at DevSkill.Inventory.Infrastructure.Utilities.SqlUtility.ExecuteQueryAsync[TReturn](DbCommand command) in C:\Users\Nasim Reza\Desktop\Final Project\aspnet-b11-nasim\src\DevSkill.Inventory.sln\DevSkill.Inventory.Infrastructure\Utilities\SqlUtility.cs:line 237
   at DevSkill.Inventory.Infrastructure.Utilities.SqlUtility.QueryWithStoredProcedureAsync[TReturn](String storedProcedureName, IDictionary`2 parameters, IDictionary`2 outParameters) in C:\Users\Nasim Reza\Desktop\Final Project\aspnet-b11-nasim\src\DevSkill.Inventory.sln\DevSkill.Inventory.Infrastructure\Utilities\SqlUtility.cs:line 100
   at DevSkill.Inventory.Infrastructure.Utilities.SqlUtility.QueryWithStoredProcedureAsync[TReturn](String storedProcedureName, IDictionary`2 parameters, IDictionary`2 outParameters) in C:\Users\Nasim Reza\Desktop\Final Project\aspnet-b11-nasim\src\DevSkill.Inventory.sln\DevSkill.Inventory.Infrastructure\Utilities\SqlUtility.cs:line 106
   at DevSkill.Inventory.Infrastructure.ApplicationUnitOfWork.GetServicesSP(Int32 pageIndex, Int32 pageSize, String orderBy, ServiceSearchDto search) in C:\Users\Nasim Reza\Desktop\Final Project\aspnet-b11-nasim\src\DevSkill.Inventory.sln\DevSkill.Inventory.Infrastructure\ApplicationUnitOfWork.cs:line 224
   at DevSkill.Inventory.Application.Features.ServiceFeatures.Queries.GetServicesSPQueryHandler.Handle(GetServicesSPQuery request, CancellationToken cancellationToken) in C:\Users\Nasim Reza\Desktop\Final Project\aspnet-b11-nasim\src\DevSkill.Inventory.sln\DevSkill.Inventory.Application\Features\ServiceFeatures\Queries\GetServicesSPQueryHandler.cs:line 23
   at DevSkill.Inventory.Web.Areas.Admin.Controllers.ServicesController.GetServicesJsonData(ServiceListModel model) in C:\Users\Nasim Reza\Desktop\Final Project\aspnet-b11-nasim\src\DevSkill.Inventory.sln\DevSkill.Inventory.Web\Areas\Admin\Controllers\ServicesController.cs:line 46
ClientConnectionId:61135edc-28c6-44e6-9837-5d801b58b40b
Error Number:2812,State:62,Class:16
2025-07-08 17:11:43.262 +06:00 [INF] Application Starting...17-jan
2025-07-08 17:11:43.297 +06:00 [INF] This is Nasim Reza Hridoy
2025-07-08 17:11:43.297 +06:00 [ERR] An error occurred while starting the application.
2025-07-08 17:11:46.774 +06:00 [INF] This is Nasim Reza
2025-07-08 17:11:46.793 +06:00 [INF] This is a test log entry to verify database logging.
2025-07-08 17:13:15.847 +06:00 [INF] This is Nasim Reza
2025-07-08 17:13:15.849 +06:00 [INF] This is a test log entry to verify database logging.
2025-07-08 17:13:27.885 +06:00 [INF] This is Nasim Reza
2025-07-08 17:13:27.886 +06:00 [INF] This is a test log entry to verify database logging.
2025-07-08 17:15:02.949 +06:00 [INF] Application Starting...17-jan
2025-07-08 17:15:02.979 +06:00 [INF] This is Nasim Reza Hridoy
2025-07-08 17:15:02.979 +06:00 [ERR] An error occurred while starting the application.
2025-07-08 17:15:06.291 +06:00 [INF] This is Nasim Reza
2025-07-08 17:15:06.316 +06:00 [INF] This is a test log entry to verify database logging.
2025-07-08 17:15:06.425 +06:00 [INF] This is Nasim Reza
2025-07-08 17:15:06.495 +06:00 [INF] This is a test log entry to verify database logging.
2025-07-08 17:15:09.379 +06:00 [INF] This is Nasim Reza
2025-07-08 17:15:09.380 +06:00 [INF] This is a test log entry to verify database logging.
2025-07-08 17:15:10.524 +06:00 [INF] This is Nasim Reza
2025-07-08 17:15:10.525 +06:00 [INF] This is a test log entry to verify database logging.
2025-07-08 17:15:10.749 +06:00 [INF] This is Nasim Reza
2025-07-08 17:15:10.750 +06:00 [INF] This is a test log entry to verify database logging.
2025-07-08 17:15:15.401 +06:00 [INF] This is Nasim Reza
2025-07-08 17:15:15.403 +06:00 [INF] This is a test log entry to verify database logging.
2025-07-08 17:15:15.937 +06:00 [INF] This is Nasim Reza
2025-07-08 17:15:15.939 +06:00 [INF] This is a test log entry to verify database logging.
2025-07-08 17:15:16.313 +06:00 [INF] This is Nasim Reza
2025-07-08 17:15:16.314 +06:00 [INF] This is a test log entry to verify database logging.
2025-07-08 17:15:16.679 +06:00 [INF] This is Nasim Reza
2025-07-08 17:15:16.681 +06:00 [INF] This is a test log entry to verify database logging.
2025-07-08 17:15:17.224 +06:00 [INF] This is Nasim Reza
2025-07-08 17:15:17.225 +06:00 [INF] This is a test log entry to verify database logging.
2025-07-08 17:15:17.609 +06:00 [INF] This is Nasim Reza
2025-07-08 17:15:17.611 +06:00 [INF] This is a test log entry to verify database logging.
2025-07-08 17:15:23.378 +06:00 [INF] This is Nasim Reza
2025-07-08 17:15:23.380 +06:00 [INF] This is a test log entry to verify database logging.
2025-07-08 17:15:24.062 +06:00 [INF] This is Nasim Reza
2025-07-08 17:15:24.064 +06:00 [INF] This is a test log entry to verify database logging.
2025-07-08 17:15:24.429 +06:00 [INF] This is Nasim Reza
2025-07-08 17:15:24.430 +06:00 [INF] This is a test log entry to verify database logging.
2025-07-08 17:15:24.866 +06:00 [INF] This is Nasim Reza
2025-07-08 17:15:24.867 +06:00 [INF] This is a test log entry to verify database logging.
2025-07-08 17:15:27.044 +06:00 [INF] This is Nasim Reza
2025-07-08 17:15:27.046 +06:00 [INF] This is a test log entry to verify database logging.
2025-07-08 17:15:27.598 +06:00 [INF] This is Nasim Reza
2025-07-08 17:15:27.600 +06:00 [INF] This is a test log entry to verify database logging.
2025-07-08 17:15:29.569 +06:00 [INF] This is Nasim Reza
2025-07-08 17:15:29.571 +06:00 [INF] This is a test log entry to verify database logging.
2025-07-08 17:15:39.572 +06:00 [INF] Application Starting...17-jan
2025-07-08 17:15:39.603 +06:00 [INF] This is Nasim Reza Hridoy
2025-07-08 17:15:39.603 +06:00 [ERR] An error occurred while starting the application.
2025-07-08 17:15:43.234 +06:00 [INF] This is Nasim Reza
2025-07-08 17:15:43.254 +06:00 [INF] This is a test log entry to verify database logging.
2025-07-08 17:15:43.380 +06:00 [INF] This is Nasim Reza
2025-07-08 17:15:43.381 +06:00 [INF] This is a test log entry to verify database logging.
2025-07-08 17:15:51.061 +06:00 [INF] This is Nasim Reza
2025-07-08 17:15:51.064 +06:00 [INF] This is a test log entry to verify database logging.
2025-07-08 17:15:51.789 +06:00 [INF] This is Nasim Reza
2025-07-08 17:15:51.791 +06:00 [INF] This is a test log entry to verify database logging.
2025-07-08 17:15:52.174 +06:00 [INF] This is Nasim Reza
2025-07-08 17:15:52.176 +06:00 [INF] This is a test log entry to verify database logging.
2025-07-08 17:15:53.889 +06:00 [INF] This is Nasim Reza
2025-07-08 17:15:53.891 +06:00 [INF] This is a test log entry to verify database logging.
2025-07-08 17:15:54.331 +06:00 [INF] This is Nasim Reza
2025-07-08 17:15:54.332 +06:00 [INF] This is a test log entry to verify database logging.
2025-07-08 17:15:54.522 +06:00 [INF] This is Nasim Reza
2025-07-08 17:15:54.523 +06:00 [INF] This is a test log entry to verify database logging.
2025-07-08 17:15:56.429 +06:00 [INF] This is Nasim Reza
2025-07-08 17:15:56.430 +06:00 [INF] This is a test log entry to verify database logging.
2025-07-08 17:15:57.907 +06:00 [INF] This is Nasim Reza
2025-07-08 17:15:57.909 +06:00 [INF] This is a test log entry to verify database logging.
2025-07-08 17:26:23.116 +06:00 [INF] Application Starting...17-jan
2025-07-08 17:26:23.149 +06:00 [INF] This is Nasim Reza Hridoy
2025-07-08 17:26:23.149 +06:00 [ERR] An error occurred while starting the application.
2025-07-08 17:26:28.090 +06:00 [INF] This is Nasim Reza
2025-07-08 17:26:28.107 +06:00 [INF] This is a test log entry to verify database logging.
2025-07-08 17:26:32.585 +06:00 [WRN] You do not have a valid license key for the Lucky Penny software MediatR. This is allowed for development and testing scenarios. If you are running in production you are required to have a licensed version. Please visit https://luckypennysoftware.com to obtain a valid license.
2025-07-08 17:26:36.095 +06:00 [ERR] Error loading purchases
Microsoft.Data.SqlClient.SqlException (0x80131904): Procedure or function 'GetPurchases' expects parameter '@Total', which was not supplied.
   at Microsoft.Data.SqlClient.SqlCommand.<>c.<ExecuteDbDataReaderAsync>b__195_0(Task`1 result)
   at System.Threading.Tasks.ContinuationResultTaskFromResultTask`2.InnerInvoke()
   at System.Threading.ExecutionContext.RunInternal(ExecutionContext executionContext, ContextCallback callback, Object state)
--- End of stack trace from previous location ---
   at System.Threading.ExecutionContext.RunInternal(ExecutionContext executionContext, ContextCallback callback, Object state)
   at System.Threading.Tasks.Task.ExecuteWithThreadLocal(Task& currentTaskSlot, Thread threadPoolThread)
--- End of stack trace from previous location ---
   at DevSkill.Inventory.Infrastructure.Utilities.SqlUtility.ExecuteQueryAsync[TReturn](DbCommand command) in C:\Users\Nasim Reza\Desktop\Final Project\aspnet-b11-nasim\src\DevSkill.Inventory.sln\DevSkill.Inventory.Infrastructure\Utilities\SqlUtility.cs:line 237
   at DevSkill.Inventory.Infrastructure.Utilities.SqlUtility.QueryWithStoredProcedureAsync[TReturn](String storedProcedureName, IDictionary`2 parameters, IDictionary`2 outParameters) in C:\Users\Nasim Reza\Desktop\Final Project\aspnet-b11-nasim\src\DevSkill.Inventory.sln\DevSkill.Inventory.Infrastructure\Utilities\SqlUtility.cs:line 100
   at DevSkill.Inventory.Infrastructure.Utilities.SqlUtility.QueryWithStoredProcedureAsync[TReturn](String storedProcedureName, IDictionary`2 parameters, IDictionary`2 outParameters) in C:\Users\Nasim Reza\Desktop\Final Project\aspnet-b11-nasim\src\DevSkill.Inventory.sln\DevSkill.Inventory.Infrastructure\Utilities\SqlUtility.cs:line 106
   at DevSkill.Inventory.Infrastructure.ApplicationUnitOfWork.GetPurchasesSP(Int32 pageIndex, Int32 pageSize, String orderBy, PurchaseSearchDto search) in C:\Users\Nasim Reza\Desktop\Final Project\aspnet-b11-nasim\src\DevSkill.Inventory.sln\DevSkill.Inventory.Infrastructure\ApplicationUnitOfWork.cs:line 116
   at DevSkill.Inventory.Application.Features.Purchases.Queries.GetPurchasesSPQueryHandler.Handle(GetPurchasesSPQuery request, CancellationToken cancellationToken) in C:\Users\Nasim Reza\Desktop\Final Project\aspnet-b11-nasim\src\DevSkill.Inventory.sln\DevSkill.Inventory.Application\Features\Purchases\Queries\GetPurchasesSPQueryHandler.cs:line 22
   at DevSkill.Inventory.Web.Areas.Admin.Controllers.PurchasesController.GetPurchasesJsonData(PurchaseListModel model) in C:\Users\Nasim Reza\Desktop\Final Project\aspnet-b11-nasim\src\DevSkill.Inventory.sln\DevSkill.Inventory.Web\Areas\Admin\Controllers\PurchasesController.cs:line 55
ClientConnectionId:6c88cac4-625e-41b8-ac3d-20fd65b8d8b1
Error Number:201,State:4,Class:16
2025-07-08 17:26:37.548 +06:00 [ERR] Error loading sales return data
Microsoft.Data.SqlClient.SqlException (0x80131904): Could not find stored procedure 'GetSalesReturns'.
   at Microsoft.Data.SqlClient.SqlCommand.<>c.<ExecuteDbDataReaderAsync>b__195_0(Task`1 result)
   at System.Threading.Tasks.ContinuationResultTaskFromResultTask`2.InnerInvoke()
   at System.Threading.ExecutionContext.RunInternal(ExecutionContext executionContext, ContextCallback callback, Object state)
--- End of stack trace from previous location ---
   at System.Threading.ExecutionContext.RunInternal(ExecutionContext executionContext, ContextCallback callback, Object state)
   at System.Threading.Tasks.Task.ExecuteWithThreadLocal(Task& currentTaskSlot, Thread threadPoolThread)
--- End of stack trace from previous location ---
   at DevSkill.Inventory.Infrastructure.Utilities.SqlUtility.ExecuteQueryAsync[TReturn](DbCommand command) in C:\Users\Nasim Reza\Desktop\Final Project\aspnet-b11-nasim\src\DevSkill.Inventory.sln\DevSkill.Inventory.Infrastructure\Utilities\SqlUtility.cs:line 237
   at DevSkill.Inventory.Infrastructure.Utilities.SqlUtility.QueryWithStoredProcedureAsync[TReturn](String storedProcedureName, IDictionary`2 parameters, IDictionary`2 outParameters) in C:\Users\Nasim Reza\Desktop\Final Project\aspnet-b11-nasim\src\DevSkill.Inventory.sln\DevSkill.Inventory.Infrastructure\Utilities\SqlUtility.cs:line 100
   at DevSkill.Inventory.Infrastructure.Utilities.SqlUtility.QueryWithStoredProcedureAsync[TReturn](String storedProcedureName, IDictionary`2 parameters, IDictionary`2 outParameters) in C:\Users\Nasim Reza\Desktop\Final Project\aspnet-b11-nasim\src\DevSkill.Inventory.sln\DevSkill.Inventory.Infrastructure\Utilities\SqlUtility.cs:line 106
   at DevSkill.Inventory.Infrastructure.ApplicationUnitOfWork.GetSalesReturnsSP(Int32 pageIndex, Int32 pageSize, String order, SalesReturnSearchDto search) in C:\Users\Nasim Reza\Desktop\Final Project\aspnet-b11-nasim\src\DevSkill.Inventory.sln\DevSkill.Inventory.Infrastructure\ApplicationUnitOfWork.cs:line 171
   at DevSkill.Inventory.Application.Features.SalesReturns.Queries.GetSalesReturnsSPQueryHandler.Handle(GetSalesReturnsSPQuery request, CancellationToken cancellationToken) in C:\Users\Nasim Reza\Desktop\Final Project\aspnet-b11-nasim\src\DevSkill.Inventory.sln\DevSkill.Inventory.Application\Features\SalesReturns\Queries\GetSalesReturnsQueryHandler.cs:line 23
   at DevSkill.Inventory.Web.Areas.Admin.Controllers.SalesController.GetSalesReturnsJsonData(SalesReturnListModel model) in C:\Users\Nasim Reza\Desktop\Final Project\aspnet-b11-nasim\src\DevSkill.Inventory.sln\DevSkill.Inventory.Web\Areas\Admin\Controllers\SalesController.cs:line 99
ClientConnectionId:6c88cac4-625e-41b8-ac3d-20fd65b8d8b1
Error Number:2812,State:62,Class:16
2025-07-08 17:26:39.026 +06:00 [ERR] Error loading purchase returns
Microsoft.Data.SqlClient.SqlException (0x80131904): Could not find stored procedure 'GetPurchaseReturns'.
   at Microsoft.Data.SqlClient.SqlCommand.<>c.<ExecuteDbDataReaderAsync>b__195_0(Task`1 result)
   at System.Threading.Tasks.ContinuationResultTaskFromResultTask`2.InnerInvoke()
   at System.Threading.ExecutionContext.RunInternal(ExecutionContext executionContext, ContextCallback callback, Object state)
--- End of stack trace from previous location ---
   at System.Threading.ExecutionContext.RunInternal(ExecutionContext executionContext, ContextCallback callback, Object state)
   at System.Threading.Tasks.Task.ExecuteWithThreadLocal(Task& currentTaskSlot, Thread threadPoolThread)
--- End of stack trace from previous location ---
   at DevSkill.Inventory.Infrastructure.Utilities.SqlUtility.ExecuteQueryAsync[TReturn](DbCommand command) in C:\Users\Nasim Reza\Desktop\Final Project\aspnet-b11-nasim\src\DevSkill.Inventory.sln\DevSkill.Inventory.Infrastructure\Utilities\SqlUtility.cs:line 237
   at DevSkill.Inventory.Infrastructure.Utilities.SqlUtility.QueryWithStoredProcedureAsync[TReturn](String storedProcedureName, IDictionary`2 parameters, IDictionary`2 outParameters) in C:\Users\Nasim Reza\Desktop\Final Project\aspnet-b11-nasim\src\DevSkill.Inventory.sln\DevSkill.Inventory.Infrastructure\Utilities\SqlUtility.cs:line 100
   at DevSkill.Inventory.Infrastructure.Utilities.SqlUtility.QueryWithStoredProcedureAsync[TReturn](String storedProcedureName, IDictionary`2 parameters, IDictionary`2 outParameters) in C:\Users\Nasim Reza\Desktop\Final Project\aspnet-b11-nasim\src\DevSkill.Inventory.sln\DevSkill.Inventory.Infrastructure\Utilities\SqlUtility.cs:line 106
   at DevSkill.Inventory.Infrastructure.ApplicationUnitOfWork.GetPurchaseReturnsSP(Int32 pageIndex, Int32 pageSize, String order, PurchaseReturnSearchDto search) in C:\Users\Nasim Reza\Desktop\Final Project\aspnet-b11-nasim\src\DevSkill.Inventory.sln\DevSkill.Inventory.Infrastructure\ApplicationUnitOfWork.cs:line 200
   at DevSkill.Inventory.Application.Features.PurchaseReturns.Queries.GetPurchaseReturnsSPQueryHandler.Handle(GetPurchaseReturnsSPQuery request, CancellationToken cancellationToken) in C:\Users\Nasim Reza\Desktop\Final Project\aspnet-b11-nasim\src\DevSkill.Inventory.sln\DevSkill.Inventory.Application\Features\PurchaseReturns\Queries\GetPurchaseReturnsSPQueryHandler.cs:line 23
   at DevSkill.Inventory.Web.Areas.Admin.Controllers.PurchasesController.GetPurchaseReturnsJsonData(PurchaseReturnListModel model) in C:\Users\Nasim Reza\Desktop\Final Project\aspnet-b11-nasim\src\DevSkill.Inventory.sln\DevSkill.Inventory.Web\Areas\Admin\Controllers\PurchasesController.cs:line 103
ClientConnectionId:6c88cac4-625e-41b8-ac3d-20fd65b8d8b1
Error Number:2812,State:62,Class:16
2025-07-08 17:26:39.768 +06:00 [ERR] Error loading service data
Microsoft.Data.SqlClient.SqlException (0x80131904): Could not find stored procedure 'GetServices'.
   at Microsoft.Data.SqlClient.SqlCommand.<>c.<ExecuteDbDataReaderAsync>b__195_0(Task`1 result)
   at System.Threading.Tasks.ContinuationResultTaskFromResultTask`2.InnerInvoke()
   at System.Threading.ExecutionContext.RunInternal(ExecutionContext executionContext, ContextCallback callback, Object state)
--- End of stack trace from previous location ---
   at System.Threading.ExecutionContext.RunInternal(ExecutionContext executionContext, ContextCallback callback, Object state)
   at System.Threading.Tasks.Task.ExecuteWithThreadLocal(Task& currentTaskSlot, Thread threadPoolThread)
--- End of stack trace from previous location ---
   at DevSkill.Inventory.Infrastructure.Utilities.SqlUtility.ExecuteQueryAsync[TReturn](DbCommand command) in C:\Users\Nasim Reza\Desktop\Final Project\aspnet-b11-nasim\src\DevSkill.Inventory.sln\DevSkill.Inventory.Infrastructure\Utilities\SqlUtility.cs:line 237
   at DevSkill.Inventory.Infrastructure.Utilities.SqlUtility.QueryWithStoredProcedureAsync[TReturn](String storedProcedureName, IDictionary`2 parameters, IDictionary`2 outParameters) in C:\Users\Nasim Reza\Desktop\Final Project\aspnet-b11-nasim\src\DevSkill.Inventory.sln\DevSkill.Inventory.Infrastructure\Utilities\SqlUtility.cs:line 100
   at DevSkill.Inventory.Infrastructure.Utilities.SqlUtility.QueryWithStoredProcedureAsync[TReturn](String storedProcedureName, IDictionary`2 parameters, IDictionary`2 outParameters) in C:\Users\Nasim Reza\Desktop\Final Project\aspnet-b11-nasim\src\DevSkill.Inventory.sln\DevSkill.Inventory.Infrastructure\Utilities\SqlUtility.cs:line 106
   at DevSkill.Inventory.Infrastructure.ApplicationUnitOfWork.GetServicesSP(Int32 pageIndex, Int32 pageSize, String orderBy, ServiceSearchDto search) in C:\Users\Nasim Reza\Desktop\Final Project\aspnet-b11-nasim\src\DevSkill.Inventory.sln\DevSkill.Inventory.Infrastructure\ApplicationUnitOfWork.cs:line 224
   at DevSkill.Inventory.Application.Features.ServiceFeatures.Queries.GetServicesSPQueryHandler.Handle(GetServicesSPQuery request, CancellationToken cancellationToken) in C:\Users\Nasim Reza\Desktop\Final Project\aspnet-b11-nasim\src\DevSkill.Inventory.sln\DevSkill.Inventory.Application\Features\ServiceFeatures\Queries\GetServicesSPQueryHandler.cs:line 23
   at DevSkill.Inventory.Web.Areas.Admin.Controllers.ServicesController.GetServicesJsonData(ServiceListModel model) in C:\Users\Nasim Reza\Desktop\Final Project\aspnet-b11-nasim\src\DevSkill.Inventory.sln\DevSkill.Inventory.Web\Areas\Admin\Controllers\ServicesController.cs:line 46
ClientConnectionId:6c88cac4-625e-41b8-ac3d-20fd65b8d8b1
Error Number:2812,State:62,Class:16
2025-07-08 17:26:40.474 +06:00 [ERR] Error loading service sales
Microsoft.Data.SqlClient.SqlException (0x80131904): Procedure or function 'GetServiceSales' expects parameter '@TotalCount', which was not supplied.
   at Microsoft.Data.SqlClient.SqlCommand.<>c.<ExecuteDbDataReaderAsync>b__195_0(Task`1 result)
   at System.Threading.Tasks.ContinuationResultTaskFromResultTask`2.InnerInvoke()
   at System.Threading.ExecutionContext.RunInternal(ExecutionContext executionContext, ContextCallback callback, Object state)
--- End of stack trace from previous location ---
   at System.Threading.ExecutionContext.RunInternal(ExecutionContext executionContext, ContextCallback callback, Object state)
   at System.Threading.Tasks.Task.ExecuteWithThreadLocal(Task& currentTaskSlot, Thread threadPoolThread)
--- End of stack trace from previous location ---
   at DevSkill.Inventory.Infrastructure.Utilities.SqlUtility.ExecuteQueryAsync[TReturn](DbCommand command) in C:\Users\Nasim Reza\Desktop\Final Project\aspnet-b11-nasim\src\DevSkill.Inventory.sln\DevSkill.Inventory.Infrastructure\Utilities\SqlUtility.cs:line 237
   at DevSkill.Inventory.Infrastructure.Utilities.SqlUtility.QueryWithStoredProcedureAsync[TReturn](String storedProcedureName, IDictionary`2 parameters, IDictionary`2 outParameters) in C:\Users\Nasim Reza\Desktop\Final Project\aspnet-b11-nasim\src\DevSkill.Inventory.sln\DevSkill.Inventory.Infrastructure\Utilities\SqlUtility.cs:line 100
   at DevSkill.Inventory.Infrastructure.Utilities.SqlUtility.QueryWithStoredProcedureAsync[TReturn](String storedProcedureName, IDictionary`2 parameters, IDictionary`2 outParameters) in C:\Users\Nasim Reza\Desktop\Final Project\aspnet-b11-nasim\src\DevSkill.Inventory.sln\DevSkill.Inventory.Infrastructure\Utilities\SqlUtility.cs:line 106
   at DevSkill.Inventory.Infrastructure.ApplicationUnitOfWork.GetServiceSalesSP(Int32 pageIndex, Int32 pageSize, String order, ServiceSaleSearchDto search) in C:\Users\Nasim Reza\Desktop\Final Project\aspnet-b11-nasim\src\DevSkill.Inventory.sln\DevSkill.Inventory.Infrastructure\ApplicationUnitOfWork.cs:line 248
   at DevSkill.Inventory.Application.Features.ServiceSales.Queries.GetServiceSalesSPQueryHandler.Handle(GetServiceSalesSPQuery request, CancellationToken cancellationToken) in C:\Users\Nasim Reza\Desktop\Final Project\aspnet-b11-nasim\src\DevSkill.Inventory.sln\DevSkill.Inventory.Application\Features\ServiceSales\Queries\GetServiceSalesSPQueryHandler.cs:line 25
   at DevSkill.Inventory.Web.Areas.Admin.Controllers.ServiceSalesController.GetServiceSalesJsonData(ServiceSaleListModel model) in C:\Users\Nasim Reza\Desktop\Final Project\aspnet-b11-nasim\src\DevSkill.Inventory.sln\DevSkill.Inventory.Web\Areas\Admin\Controllers\ServiceSalesController.cs:line 129
ClientConnectionId:6c88cac4-625e-41b8-ac3d-20fd65b8d8b1
Error Number:201,State:4,Class:16
2025-07-08 17:26:47.810 +06:00 [ERR] Error loading service sales
Microsoft.Data.SqlClient.SqlException (0x80131904): Procedure or function 'GetServiceSales' expects parameter '@TotalCount', which was not supplied.
   at Microsoft.Data.SqlClient.SqlCommand.<>c.<ExecuteDbDataReaderAsync>b__195_0(Task`1 result)
   at System.Threading.Tasks.ContinuationResultTaskFromResultTask`2.InnerInvoke()
   at System.Threading.ExecutionContext.RunInternal(ExecutionContext executionContext, ContextCallback callback, Object state)
--- End of stack trace from previous location ---
   at System.Threading.ExecutionContext.RunInternal(ExecutionContext executionContext, ContextCallback callback, Object state)
   at System.Threading.Tasks.Task.ExecuteWithThreadLocal(Task& currentTaskSlot, Thread threadPoolThread)
--- End of stack trace from previous location ---
   at DevSkill.Inventory.Infrastructure.Utilities.SqlUtility.ExecuteQueryAsync[TReturn](DbCommand command) in C:\Users\Nasim Reza\Desktop\Final Project\aspnet-b11-nasim\src\DevSkill.Inventory.sln\DevSkill.Inventory.Infrastructure\Utilities\SqlUtility.cs:line 237
   at DevSkill.Inventory.Infrastructure.Utilities.SqlUtility.QueryWithStoredProcedureAsync[TReturn](String storedProcedureName, IDictionary`2 parameters, IDictionary`2 outParameters) in C:\Users\Nasim Reza\Desktop\Final Project\aspnet-b11-nasim\src\DevSkill.Inventory.sln\DevSkill.Inventory.Infrastructure\Utilities\SqlUtility.cs:line 100
   at DevSkill.Inventory.Infrastructure.Utilities.SqlUtility.QueryWithStoredProcedureAsync[TReturn](String storedProcedureName, IDictionary`2 parameters, IDictionary`2 outParameters) in C:\Users\Nasim Reza\Desktop\Final Project\aspnet-b11-nasim\src\DevSkill.Inventory.sln\DevSkill.Inventory.Infrastructure\Utilities\SqlUtility.cs:line 106
   at DevSkill.Inventory.Infrastructure.ApplicationUnitOfWork.GetServiceSalesSP(Int32 pageIndex, Int32 pageSize, String order, ServiceSaleSearchDto search) in C:\Users\Nasim Reza\Desktop\Final Project\aspnet-b11-nasim\src\DevSkill.Inventory.sln\DevSkill.Inventory.Infrastructure\ApplicationUnitOfWork.cs:line 248
   at DevSkill.Inventory.Application.Features.ServiceSales.Queries.GetServiceSalesSPQueryHandler.Handle(GetServiceSalesSPQuery request, CancellationToken cancellationToken) in C:\Users\Nasim Reza\Desktop\Final Project\aspnet-b11-nasim\src\DevSkill.Inventory.sln\DevSkill.Inventory.Application\Features\ServiceSales\Queries\GetServiceSalesSPQueryHandler.cs:line 25
   at DevSkill.Inventory.Web.Areas.Admin.Controllers.ServiceSalesController.GetServiceSalesJsonData(ServiceSaleListModel model) in C:\Users\Nasim Reza\Desktop\Final Project\aspnet-b11-nasim\src\DevSkill.Inventory.sln\DevSkill.Inventory.Web\Areas\Admin\Controllers\ServiceSalesController.cs:line 129
ClientConnectionId:6c88cac4-625e-41b8-ac3d-20fd65b8d8b1
Error Number:201,State:4,Class:16
2025-07-08 17:26:48.198 +06:00 [ERR] Error loading service data
Microsoft.Data.SqlClient.SqlException (0x80131904): Could not find stored procedure 'GetServices'.
   at Microsoft.Data.SqlClient.SqlCommand.<>c.<ExecuteDbDataReaderAsync>b__195_0(Task`1 result)
   at System.Threading.Tasks.ContinuationResultTaskFromResultTask`2.InnerInvoke()
   at System.Threading.ExecutionContext.RunInternal(ExecutionContext executionContext, ContextCallback callback, Object state)
--- End of stack trace from previous location ---
   at System.Threading.ExecutionContext.RunInternal(ExecutionContext executionContext, ContextCallback callback, Object state)
   at System.Threading.Tasks.Task.ExecuteWithThreadLocal(Task& currentTaskSlot, Thread threadPoolThread)
--- End of stack trace from previous location ---
   at DevSkill.Inventory.Infrastructure.Utilities.SqlUtility.ExecuteQueryAsync[TReturn](DbCommand command) in C:\Users\Nasim Reza\Desktop\Final Project\aspnet-b11-nasim\src\DevSkill.Inventory.sln\DevSkill.Inventory.Infrastructure\Utilities\SqlUtility.cs:line 237
   at DevSkill.Inventory.Infrastructure.Utilities.SqlUtility.QueryWithStoredProcedureAsync[TReturn](String storedProcedureName, IDictionary`2 parameters, IDictionary`2 outParameters) in C:\Users\Nasim Reza\Desktop\Final Project\aspnet-b11-nasim\src\DevSkill.Inventory.sln\DevSkill.Inventory.Infrastructure\Utilities\SqlUtility.cs:line 100
   at DevSkill.Inventory.Infrastructure.Utilities.SqlUtility.QueryWithStoredProcedureAsync[TReturn](String storedProcedureName, IDictionary`2 parameters, IDictionary`2 outParameters) in C:\Users\Nasim Reza\Desktop\Final Project\aspnet-b11-nasim\src\DevSkill.Inventory.sln\DevSkill.Inventory.Infrastructure\Utilities\SqlUtility.cs:line 106
   at DevSkill.Inventory.Infrastructure.ApplicationUnitOfWork.GetServicesSP(Int32 pageIndex, Int32 pageSize, String orderBy, ServiceSearchDto search) in C:\Users\Nasim Reza\Desktop\Final Project\aspnet-b11-nasim\src\DevSkill.Inventory.sln\DevSkill.Inventory.Infrastructure\ApplicationUnitOfWork.cs:line 224
   at DevSkill.Inventory.Application.Features.ServiceFeatures.Queries.GetServicesSPQueryHandler.Handle(GetServicesSPQuery request, CancellationToken cancellationToken) in C:\Users\Nasim Reza\Desktop\Final Project\aspnet-b11-nasim\src\DevSkill.Inventory.sln\DevSkill.Inventory.Application\Features\ServiceFeatures\Queries\GetServicesSPQueryHandler.cs:line 23
   at DevSkill.Inventory.Web.Areas.Admin.Controllers.ServicesController.GetServicesJsonData(ServiceListModel model) in C:\Users\Nasim Reza\Desktop\Final Project\aspnet-b11-nasim\src\DevSkill.Inventory.sln\DevSkill.Inventory.Web\Areas\Admin\Controllers\ServicesController.cs:line 46
ClientConnectionId:6c88cac4-625e-41b8-ac3d-20fd65b8d8b1
Error Number:2812,State:62,Class:16
2025-07-08 17:26:48.772 +06:00 [ERR] Error loading purchase returns
Microsoft.Data.SqlClient.SqlException (0x80131904): Could not find stored procedure 'GetPurchaseReturns'.
   at Microsoft.Data.SqlClient.SqlCommand.<>c.<ExecuteDbDataReaderAsync>b__195_0(Task`1 result)
   at System.Threading.Tasks.ContinuationResultTaskFromResultTask`2.InnerInvoke()
   at System.Threading.ExecutionContext.RunInternal(ExecutionContext executionContext, ContextCallback callback, Object state)
--- End of stack trace from previous location ---
   at System.Threading.ExecutionContext.RunInternal(ExecutionContext executionContext, ContextCallback callback, Object state)
   at System.Threading.Tasks.Task.ExecuteWithThreadLocal(Task& currentTaskSlot, Thread threadPoolThread)
--- End of stack trace from previous location ---
   at DevSkill.Inventory.Infrastructure.Utilities.SqlUtility.ExecuteQueryAsync[TReturn](DbCommand command) in C:\Users\Nasim Reza\Desktop\Final Project\aspnet-b11-nasim\src\DevSkill.Inventory.sln\DevSkill.Inventory.Infrastructure\Utilities\SqlUtility.cs:line 237
   at DevSkill.Inventory.Infrastructure.Utilities.SqlUtility.QueryWithStoredProcedureAsync[TReturn](String storedProcedureName, IDictionary`2 parameters, IDictionary`2 outParameters) in C:\Users\Nasim Reza\Desktop\Final Project\aspnet-b11-nasim\src\DevSkill.Inventory.sln\DevSkill.Inventory.Infrastructure\Utilities\SqlUtility.cs:line 100
   at DevSkill.Inventory.Infrastructure.Utilities.SqlUtility.QueryWithStoredProcedureAsync[TReturn](String storedProcedureName, IDictionary`2 parameters, IDictionary`2 outParameters) in C:\Users\Nasim Reza\Desktop\Final Project\aspnet-b11-nasim\src\DevSkill.Inventory.sln\DevSkill.Inventory.Infrastructure\Utilities\SqlUtility.cs:line 106
   at DevSkill.Inventory.Infrastructure.ApplicationUnitOfWork.GetPurchaseReturnsSP(Int32 pageIndex, Int32 pageSize, String order, PurchaseReturnSearchDto search) in C:\Users\Nasim Reza\Desktop\Final Project\aspnet-b11-nasim\src\DevSkill.Inventory.sln\DevSkill.Inventory.Infrastructure\ApplicationUnitOfWork.cs:line 200
   at DevSkill.Inventory.Application.Features.PurchaseReturns.Queries.GetPurchaseReturnsSPQueryHandler.Handle(GetPurchaseReturnsSPQuery request, CancellationToken cancellationToken) in C:\Users\Nasim Reza\Desktop\Final Project\aspnet-b11-nasim\src\DevSkill.Inventory.sln\DevSkill.Inventory.Application\Features\PurchaseReturns\Queries\GetPurchaseReturnsSPQueryHandler.cs:line 23
   at DevSkill.Inventory.Web.Areas.Admin.Controllers.PurchasesController.GetPurchaseReturnsJsonData(PurchaseReturnListModel model) in C:\Users\Nasim Reza\Desktop\Final Project\aspnet-b11-nasim\src\DevSkill.Inventory.sln\DevSkill.Inventory.Web\Areas\Admin\Controllers\PurchasesController.cs:line 103
ClientConnectionId:6c88cac4-625e-41b8-ac3d-20fd65b8d8b1
Error Number:2812,State:62,Class:16
2025-07-08 17:26:49.363 +06:00 [ERR] Error loading sales return data
Microsoft.Data.SqlClient.SqlException (0x80131904): Could not find stored procedure 'GetSalesReturns'.
   at Microsoft.Data.SqlClient.SqlCommand.<>c.<ExecuteDbDataReaderAsync>b__195_0(Task`1 result)
   at System.Threading.Tasks.ContinuationResultTaskFromResultTask`2.InnerInvoke()
   at System.Threading.ExecutionContext.RunInternal(ExecutionContext executionContext, ContextCallback callback, Object state)
--- End of stack trace from previous location ---
   at System.Threading.ExecutionContext.RunInternal(ExecutionContext executionContext, ContextCallback callback, Object state)
   at System.Threading.Tasks.Task.ExecuteWithThreadLocal(Task& currentTaskSlot, Thread threadPoolThread)
--- End of stack trace from previous location ---
   at DevSkill.Inventory.Infrastructure.Utilities.SqlUtility.ExecuteQueryAsync[TReturn](DbCommand command) in C:\Users\Nasim Reza\Desktop\Final Project\aspnet-b11-nasim\src\DevSkill.Inventory.sln\DevSkill.Inventory.Infrastructure\Utilities\SqlUtility.cs:line 237
   at DevSkill.Inventory.Infrastructure.Utilities.SqlUtility.QueryWithStoredProcedureAsync[TReturn](String storedProcedureName, IDictionary`2 parameters, IDictionary`2 outParameters) in C:\Users\Nasim Reza\Desktop\Final Project\aspnet-b11-nasim\src\DevSkill.Inventory.sln\DevSkill.Inventory.Infrastructure\Utilities\SqlUtility.cs:line 100
   at DevSkill.Inventory.Infrastructure.Utilities.SqlUtility.QueryWithStoredProcedureAsync[TReturn](String storedProcedureName, IDictionary`2 parameters, IDictionary`2 outParameters) in C:\Users\Nasim Reza\Desktop\Final Project\aspnet-b11-nasim\src\DevSkill.Inventory.sln\DevSkill.Inventory.Infrastructure\Utilities\SqlUtility.cs:line 106
   at DevSkill.Inventory.Infrastructure.ApplicationUnitOfWork.GetSalesReturnsSP(Int32 pageIndex, Int32 pageSize, String order, SalesReturnSearchDto search) in C:\Users\Nasim Reza\Desktop\Final Project\aspnet-b11-nasim\src\DevSkill.Inventory.sln\DevSkill.Inventory.Infrastructure\ApplicationUnitOfWork.cs:line 171
   at DevSkill.Inventory.Application.Features.SalesReturns.Queries.GetSalesReturnsSPQueryHandler.Handle(GetSalesReturnsSPQuery request, CancellationToken cancellationToken) in C:\Users\Nasim Reza\Desktop\Final Project\aspnet-b11-nasim\src\DevSkill.Inventory.sln\DevSkill.Inventory.Application\Features\SalesReturns\Queries\GetSalesReturnsQueryHandler.cs:line 23
   at DevSkill.Inventory.Web.Areas.Admin.Controllers.SalesController.GetSalesReturnsJsonData(SalesReturnListModel model) in C:\Users\Nasim Reza\Desktop\Final Project\aspnet-b11-nasim\src\DevSkill.Inventory.sln\DevSkill.Inventory.Web\Areas\Admin\Controllers\SalesController.cs:line 99
ClientConnectionId:6c88cac4-625e-41b8-ac3d-20fd65b8d8b1
Error Number:2812,State:62,Class:16
2025-07-08 17:26:50.042 +06:00 [ERR] Error loading sales
Microsoft.Data.SqlClient.SqlException (0x80131904): Could not find stored procedure 'GetSales'.
   at Microsoft.Data.SqlClient.SqlCommand.<>c.<ExecuteDbDataReaderAsync>b__195_0(Task`1 result)
   at System.Threading.Tasks.ContinuationResultTaskFromResultTask`2.InnerInvoke()
   at System.Threading.ExecutionContext.RunInternal(ExecutionContext executionContext, ContextCallback callback, Object state)
--- End of stack trace from previous location ---
   at System.Threading.ExecutionContext.RunInternal(ExecutionContext executionContext, ContextCallback callback, Object state)
   at System.Threading.Tasks.Task.ExecuteWithThreadLocal(Task& currentTaskSlot, Thread threadPoolThread)
--- End of stack trace from previous location ---
   at DevSkill.Inventory.Infrastructure.Utilities.SqlUtility.ExecuteQueryAsync[TReturn](DbCommand command) in C:\Users\Nasim Reza\Desktop\Final Project\aspnet-b11-nasim\src\DevSkill.Inventory.sln\DevSkill.Inventory.Infrastructure\Utilities\SqlUtility.cs:line 237
   at DevSkill.Inventory.Infrastructure.Utilities.SqlUtility.QueryWithStoredProcedureAsync[TReturn](String storedProcedureName, IDictionary`2 parameters, IDictionary`2 outParameters) in C:\Users\Nasim Reza\Desktop\Final Project\aspnet-b11-nasim\src\DevSkill.Inventory.sln\DevSkill.Inventory.Infrastructure\Utilities\SqlUtility.cs:line 100
   at DevSkill.Inventory.Infrastructure.Utilities.SqlUtility.QueryWithStoredProcedureAsync[TReturn](String storedProcedureName, IDictionary`2 parameters, IDictionary`2 outParameters) in C:\Users\Nasim Reza\Desktop\Final Project\aspnet-b11-nasim\src\DevSkill.Inventory.sln\DevSkill.Inventory.Infrastructure\Utilities\SqlUtility.cs:line 106
   at DevSkill.Inventory.Infrastructure.ApplicationUnitOfWork.GetSalesSP(Int32 pageIndex, Int32 pageSize, String orderBy, SaleSearchDto search) in C:\Users\Nasim Reza\Desktop\Final Project\aspnet-b11-nasim\src\DevSkill.Inventory.sln\DevSkill.Inventory.Infrastructure\ApplicationUnitOfWork.cs:line 144
   at DevSkill.Inventory.Application.Features.Sales.Queries.GetSalesSPQueryHandler.Handle(GetSalesSPQuery request, CancellationToken cancellationToken) in C:\Users\Nasim Reza\Desktop\Final Project\aspnet-b11-nasim\src\DevSkill.Inventory.sln\DevSkill.Inventory.Application\Features\Sales\Queries\GetSalesSPQueryHandler.cs:line 24
   at DevSkill.Inventory.Web.Areas.Admin.Controllers.SalesController.GetSalesJsonData(SalesListModel model) in C:\Users\Nasim Reza\Desktop\Final Project\aspnet-b11-nasim\src\DevSkill.Inventory.sln\DevSkill.Inventory.Web\Areas\Admin\Controllers\SalesController.cs:line 51
ClientConnectionId:6c88cac4-625e-41b8-ac3d-20fd65b8d8b1
Error Number:2812,State:62,Class:16
2025-07-08 17:26:50.533 +06:00 [ERR] Error loading purchases
Microsoft.Data.SqlClient.SqlException (0x80131904): Procedure or function 'GetPurchases' expects parameter '@Total', which was not supplied.
   at Microsoft.Data.SqlClient.SqlCommand.<>c.<ExecuteDbDataReaderAsync>b__195_0(Task`1 result)
   at System.Threading.Tasks.ContinuationResultTaskFromResultTask`2.InnerInvoke()
   at System.Threading.ExecutionContext.RunInternal(ExecutionContext executionContext, ContextCallback callback, Object state)
--- End of stack trace from previous location ---
   at System.Threading.ExecutionContext.RunInternal(ExecutionContext executionContext, ContextCallback callback, Object state)
   at System.Threading.Tasks.Task.ExecuteWithThreadLocal(Task& currentTaskSlot, Thread threadPoolThread)
--- End of stack trace from previous location ---
   at DevSkill.Inventory.Infrastructure.Utilities.SqlUtility.ExecuteQueryAsync[TReturn](DbCommand command) in C:\Users\Nasim Reza\Desktop\Final Project\aspnet-b11-nasim\src\DevSkill.Inventory.sln\DevSkill.Inventory.Infrastructure\Utilities\SqlUtility.cs:line 237
   at DevSkill.Inventory.Infrastructure.Utilities.SqlUtility.QueryWithStoredProcedureAsync[TReturn](String storedProcedureName, IDictionary`2 parameters, IDictionary`2 outParameters) in C:\Users\Nasim Reza\Desktop\Final Project\aspnet-b11-nasim\src\DevSkill.Inventory.sln\DevSkill.Inventory.Infrastructure\Utilities\SqlUtility.cs:line 100
   at DevSkill.Inventory.Infrastructure.Utilities.SqlUtility.QueryWithStoredProcedureAsync[TReturn](String storedProcedureName, IDictionary`2 parameters, IDictionary`2 outParameters) in C:\Users\Nasim Reza\Desktop\Final Project\aspnet-b11-nasim\src\DevSkill.Inventory.sln\DevSkill.Inventory.Infrastructure\Utilities\SqlUtility.cs:line 106
   at DevSkill.Inventory.Infrastructure.ApplicationUnitOfWork.GetPurchasesSP(Int32 pageIndex, Int32 pageSize, String orderBy, PurchaseSearchDto search) in C:\Users\Nasim Reza\Desktop\Final Project\aspnet-b11-nasim\src\DevSkill.Inventory.sln\DevSkill.Inventory.Infrastructure\ApplicationUnitOfWork.cs:line 116
   at DevSkill.Inventory.Application.Features.Purchases.Queries.GetPurchasesSPQueryHandler.Handle(GetPurchasesSPQuery request, CancellationToken cancellationToken) in C:\Users\Nasim Reza\Desktop\Final Project\aspnet-b11-nasim\src\DevSkill.Inventory.sln\DevSkill.Inventory.Application\Features\Purchases\Queries\GetPurchasesSPQueryHandler.cs:line 22
   at DevSkill.Inventory.Web.Areas.Admin.Controllers.PurchasesController.GetPurchasesJsonData(PurchaseListModel model) in C:\Users\Nasim Reza\Desktop\Final Project\aspnet-b11-nasim\src\DevSkill.Inventory.sln\DevSkill.Inventory.Web\Areas\Admin\Controllers\PurchasesController.cs:line 55
ClientConnectionId:6c88cac4-625e-41b8-ac3d-20fd65b8d8b1
Error Number:201,State:4,Class:16
2025-07-08 17:46:03.864 +06:00 [INF] Application Starting...17-jan
2025-07-08 17:46:03.901 +06:00 [INF] This is Nasim Reza Hridoy
2025-07-08 17:46:03.901 +06:00 [ERR] An error occurred while starting the application.
2025-07-08 17:46:06.964 +06:00 [INF] This is Nasim Reza
2025-07-08 17:46:06.982 +06:00 [INF] This is a test log entry to verify database logging.
2025-07-08 17:46:14.755 +06:00 [WRN] You do not have a valid license key for the Lucky Penny software MediatR. This is allowed for development and testing scenarios. If you are running in production you are required to have a licensed version. Please visit https://luckypennysoftware.com to obtain a valid license.
2025-07-08 17:46:27.874 +06:00 [ERR] Error loading purchases
Microsoft.Data.SqlClient.SqlException (0x80131904): Procedure or function 'GetPurchases' expects parameter '@Total', which was not supplied.
   at Microsoft.Data.SqlClient.SqlCommand.<>c.<ExecuteDbDataReaderAsync>b__195_0(Task`1 result)
   at System.Threading.Tasks.ContinuationResultTaskFromResultTask`2.InnerInvoke()
   at System.Threading.ExecutionContext.RunInternal(ExecutionContext executionContext, ContextCallback callback, Object state)
--- End of stack trace from previous location ---
   at System.Threading.ExecutionContext.RunInternal(ExecutionContext executionContext, ContextCallback callback, Object state)
   at System.Threading.Tasks.Task.ExecuteWithThreadLocal(Task& currentTaskSlot, Thread threadPoolThread)
--- End of stack trace from previous location ---
   at DevSkill.Inventory.Infrastructure.Utilities.SqlUtility.ExecuteQueryAsync[TReturn](DbCommand command) in C:\Users\Nasim Reza\Desktop\Final Project\aspnet-b11-nasim\src\DevSkill.Inventory.sln\DevSkill.Inventory.Infrastructure\Utilities\SqlUtility.cs:line 237
   at DevSkill.Inventory.Infrastructure.Utilities.SqlUtility.QueryWithStoredProcedureAsync[TReturn](String storedProcedureName, IDictionary`2 parameters, IDictionary`2 outParameters) in C:\Users\Nasim Reza\Desktop\Final Project\aspnet-b11-nasim\src\DevSkill.Inventory.sln\DevSkill.Inventory.Infrastructure\Utilities\SqlUtility.cs:line 100
   at DevSkill.Inventory.Infrastructure.Utilities.SqlUtility.QueryWithStoredProcedureAsync[TReturn](String storedProcedureName, IDictionary`2 parameters, IDictionary`2 outParameters) in C:\Users\Nasim Reza\Desktop\Final Project\aspnet-b11-nasim\src\DevSkill.Inventory.sln\DevSkill.Inventory.Infrastructure\Utilities\SqlUtility.cs:line 106
   at DevSkill.Inventory.Infrastructure.ApplicationUnitOfWork.GetPurchasesSP(Int32 pageIndex, Int32 pageSize, String orderBy, PurchaseSearchDto search) in C:\Users\Nasim Reza\Desktop\Final Project\aspnet-b11-nasim\src\DevSkill.Inventory.sln\DevSkill.Inventory.Infrastructure\ApplicationUnitOfWork.cs:line 116
   at DevSkill.Inventory.Application.Features.Purchases.Queries.GetPurchasesSPQueryHandler.Handle(GetPurchasesSPQuery request, CancellationToken cancellationToken) in C:\Users\Nasim Reza\Desktop\Final Project\aspnet-b11-nasim\src\DevSkill.Inventory.sln\DevSkill.Inventory.Application\Features\Purchases\Queries\GetPurchasesSPQueryHandler.cs:line 22
   at DevSkill.Inventory.Web.Areas.Admin.Controllers.PurchasesController.GetPurchasesJsonData(PurchaseListModel model) in C:\Users\Nasim Reza\Desktop\Final Project\aspnet-b11-nasim\src\DevSkill.Inventory.sln\DevSkill.Inventory.Web\Areas\Admin\Controllers\PurchasesController.cs:line 55
ClientConnectionId:00c3bff9-f232-440f-aac9-62833b024db6
Error Number:201,State:4,Class:16
2025-07-08 17:46:30.022 +06:00 [ERR] Error loading purchases
Microsoft.Data.SqlClient.SqlException (0x80131904): Procedure or function 'GetPurchases' expects parameter '@Total', which was not supplied.
   at Microsoft.Data.SqlClient.SqlCommand.<>c.<ExecuteDbDataReaderAsync>b__195_0(Task`1 result)
   at System.Threading.Tasks.ContinuationResultTaskFromResultTask`2.InnerInvoke()
   at System.Threading.ExecutionContext.RunInternal(ExecutionContext executionContext, ContextCallback callback, Object state)
--- End of stack trace from previous location ---
   at System.Threading.ExecutionContext.RunInternal(ExecutionContext executionContext, ContextCallback callback, Object state)
   at System.Threading.Tasks.Task.ExecuteWithThreadLocal(Task& currentTaskSlot, Thread threadPoolThread)
--- End of stack trace from previous location ---
   at DevSkill.Inventory.Infrastructure.Utilities.SqlUtility.ExecuteQueryAsync[TReturn](DbCommand command) in C:\Users\Nasim Reza\Desktop\Final Project\aspnet-b11-nasim\src\DevSkill.Inventory.sln\DevSkill.Inventory.Infrastructure\Utilities\SqlUtility.cs:line 237
   at DevSkill.Inventory.Infrastructure.Utilities.SqlUtility.QueryWithStoredProcedureAsync[TReturn](String storedProcedureName, IDictionary`2 parameters, IDictionary`2 outParameters) in C:\Users\Nasim Reza\Desktop\Final Project\aspnet-b11-nasim\src\DevSkill.Inventory.sln\DevSkill.Inventory.Infrastructure\Utilities\SqlUtility.cs:line 100
   at DevSkill.Inventory.Infrastructure.Utilities.SqlUtility.QueryWithStoredProcedureAsync[TReturn](String storedProcedureName, IDictionary`2 parameters, IDictionary`2 outParameters) in C:\Users\Nasim Reza\Desktop\Final Project\aspnet-b11-nasim\src\DevSkill.Inventory.sln\DevSkill.Inventory.Infrastructure\Utilities\SqlUtility.cs:line 106
   at DevSkill.Inventory.Infrastructure.ApplicationUnitOfWork.GetPurchasesSP(Int32 pageIndex, Int32 pageSize, String orderBy, PurchaseSearchDto search) in C:\Users\Nasim Reza\Desktop\Final Project\aspnet-b11-nasim\src\DevSkill.Inventory.sln\DevSkill.Inventory.Infrastructure\ApplicationUnitOfWork.cs:line 116
   at DevSkill.Inventory.Application.Features.Purchases.Queries.GetPurchasesSPQueryHandler.Handle(GetPurchasesSPQuery request, CancellationToken cancellationToken) in C:\Users\Nasim Reza\Desktop\Final Project\aspnet-b11-nasim\src\DevSkill.Inventory.sln\DevSkill.Inventory.Application\Features\Purchases\Queries\GetPurchasesSPQueryHandler.cs:line 22
   at DevSkill.Inventory.Web.Areas.Admin.Controllers.PurchasesController.GetPurchasesJsonData(PurchaseListModel model) in C:\Users\Nasim Reza\Desktop\Final Project\aspnet-b11-nasim\src\DevSkill.Inventory.sln\DevSkill.Inventory.Web\Areas\Admin\Controllers\PurchasesController.cs:line 55
ClientConnectionId:00c3bff9-f232-440f-aac9-62833b024db6
Error Number:201,State:4,Class:16
2025-07-08 17:46:31.050 +06:00 [ERR] Error loading sales
Microsoft.Data.SqlClient.SqlException (0x80131904): Could not find stored procedure 'GetSales'.
   at Microsoft.Data.SqlClient.SqlCommand.<>c.<ExecuteDbDataReaderAsync>b__195_0(Task`1 result)
   at System.Threading.Tasks.ContinuationResultTaskFromResultTask`2.InnerInvoke()
   at System.Threading.ExecutionContext.RunInternal(ExecutionContext executionContext, ContextCallback callback, Object state)
--- End of stack trace from previous location ---
   at System.Threading.ExecutionContext.RunInternal(ExecutionContext executionContext, ContextCallback callback, Object state)
   at System.Threading.Tasks.Task.ExecuteWithThreadLocal(Task& currentTaskSlot, Thread threadPoolThread)
--- End of stack trace from previous location ---
   at DevSkill.Inventory.Infrastructure.Utilities.SqlUtility.ExecuteQueryAsync[TReturn](DbCommand command) in C:\Users\Nasim Reza\Desktop\Final Project\aspnet-b11-nasim\src\DevSkill.Inventory.sln\DevSkill.Inventory.Infrastructure\Utilities\SqlUtility.cs:line 237
   at DevSkill.Inventory.Infrastructure.Utilities.SqlUtility.QueryWithStoredProcedureAsync[TReturn](String storedProcedureName, IDictionary`2 parameters, IDictionary`2 outParameters) in C:\Users\Nasim Reza\Desktop\Final Project\aspnet-b11-nasim\src\DevSkill.Inventory.sln\DevSkill.Inventory.Infrastructure\Utilities\SqlUtility.cs:line 100
   at DevSkill.Inventory.Infrastructure.Utilities.SqlUtility.QueryWithStoredProcedureAsync[TReturn](String storedProcedureName, IDictionary`2 parameters, IDictionary`2 outParameters) in C:\Users\Nasim Reza\Desktop\Final Project\aspnet-b11-nasim\src\DevSkill.Inventory.sln\DevSkill.Inventory.Infrastructure\Utilities\SqlUtility.cs:line 106
   at DevSkill.Inventory.Infrastructure.ApplicationUnitOfWork.GetSalesSP(Int32 pageIndex, Int32 pageSize, String orderBy, SaleSearchDto search) in C:\Users\Nasim Reza\Desktop\Final Project\aspnet-b11-nasim\src\DevSkill.Inventory.sln\DevSkill.Inventory.Infrastructure\ApplicationUnitOfWork.cs:line 144
   at DevSkill.Inventory.Application.Features.Sales.Queries.GetSalesSPQueryHandler.Handle(GetSalesSPQuery request, CancellationToken cancellationToken) in C:\Users\Nasim Reza\Desktop\Final Project\aspnet-b11-nasim\src\DevSkill.Inventory.sln\DevSkill.Inventory.Application\Features\Sales\Queries\GetSalesSPQueryHandler.cs:line 24
   at DevSkill.Inventory.Web.Areas.Admin.Controllers.SalesController.GetSalesJsonData(SalesListModel model) in C:\Users\Nasim Reza\Desktop\Final Project\aspnet-b11-nasim\src\DevSkill.Inventory.sln\DevSkill.Inventory.Web\Areas\Admin\Controllers\SalesController.cs:line 51
ClientConnectionId:00c3bff9-f232-440f-aac9-62833b024db6
Error Number:2812,State:62,Class:16
2025-07-08 17:46:32.481 +06:00 [ERR] Error loading sales return data
Microsoft.Data.SqlClient.SqlException (0x80131904): Could not find stored procedure 'GetSalesReturns'.
   at Microsoft.Data.SqlClient.SqlCommand.<>c.<ExecuteDbDataReaderAsync>b__195_0(Task`1 result)
   at System.Threading.Tasks.ContinuationResultTaskFromResultTask`2.InnerInvoke()
   at System.Threading.ExecutionContext.RunInternal(ExecutionContext executionContext, ContextCallback callback, Object state)
--- End of stack trace from previous location ---
   at System.Threading.ExecutionContext.RunInternal(ExecutionContext executionContext, ContextCallback callback, Object state)
   at System.Threading.Tasks.Task.ExecuteWithThreadLocal(Task& currentTaskSlot, Thread threadPoolThread)
--- End of stack trace from previous location ---
   at DevSkill.Inventory.Infrastructure.Utilities.SqlUtility.ExecuteQueryAsync[TReturn](DbCommand command) in C:\Users\Nasim Reza\Desktop\Final Project\aspnet-b11-nasim\src\DevSkill.Inventory.sln\DevSkill.Inventory.Infrastructure\Utilities\SqlUtility.cs:line 237
   at DevSkill.Inventory.Infrastructure.Utilities.SqlUtility.QueryWithStoredProcedureAsync[TReturn](String storedProcedureName, IDictionary`2 parameters, IDictionary`2 outParameters) in C:\Users\Nasim Reza\Desktop\Final Project\aspnet-b11-nasim\src\DevSkill.Inventory.sln\DevSkill.Inventory.Infrastructure\Utilities\SqlUtility.cs:line 100
   at DevSkill.Inventory.Infrastructure.Utilities.SqlUtility.QueryWithStoredProcedureAsync[TReturn](String storedProcedureName, IDictionary`2 parameters, IDictionary`2 outParameters) in C:\Users\Nasim Reza\Desktop\Final Project\aspnet-b11-nasim\src\DevSkill.Inventory.sln\DevSkill.Inventory.Infrastructure\Utilities\SqlUtility.cs:line 106
   at DevSkill.Inventory.Infrastructure.ApplicationUnitOfWork.GetSalesReturnsSP(Int32 pageIndex, Int32 pageSize, String order, SalesReturnSearchDto search) in C:\Users\Nasim Reza\Desktop\Final Project\aspnet-b11-nasim\src\DevSkill.Inventory.sln\DevSkill.Inventory.Infrastructure\ApplicationUnitOfWork.cs:line 171
   at DevSkill.Inventory.Application.Features.SalesReturns.Queries.GetSalesReturnsSPQueryHandler.Handle(GetSalesReturnsSPQuery request, CancellationToken cancellationToken) in C:\Users\Nasim Reza\Desktop\Final Project\aspnet-b11-nasim\src\DevSkill.Inventory.sln\DevSkill.Inventory.Application\Features\SalesReturns\Queries\GetSalesReturnsQueryHandler.cs:line 23
   at DevSkill.Inventory.Web.Areas.Admin.Controllers.SalesController.GetSalesReturnsJsonData(SalesReturnListModel model) in C:\Users\Nasim Reza\Desktop\Final Project\aspnet-b11-nasim\src\DevSkill.Inventory.sln\DevSkill.Inventory.Web\Areas\Admin\Controllers\SalesController.cs:line 99
ClientConnectionId:00c3bff9-f232-440f-aac9-62833b024db6
Error Number:2812,State:62,Class:16
2025-07-08 17:46:33.566 +06:00 [ERR] Error loading purchase returns
Microsoft.Data.SqlClient.SqlException (0x80131904): Could not find stored procedure 'GetPurchaseReturns'.
   at Microsoft.Data.SqlClient.SqlCommand.<>c.<ExecuteDbDataReaderAsync>b__195_0(Task`1 result)
   at System.Threading.Tasks.ContinuationResultTaskFromResultTask`2.InnerInvoke()
   at System.Threading.ExecutionContext.RunInternal(ExecutionContext executionContext, ContextCallback callback, Object state)
--- End of stack trace from previous location ---
   at System.Threading.ExecutionContext.RunInternal(ExecutionContext executionContext, ContextCallback callback, Object state)
   at System.Threading.Tasks.Task.ExecuteWithThreadLocal(Task& currentTaskSlot, Thread threadPoolThread)
--- End of stack trace from previous location ---
   at DevSkill.Inventory.Infrastructure.Utilities.SqlUtility.ExecuteQueryAsync[TReturn](DbCommand command) in C:\Users\Nasim Reza\Desktop\Final Project\aspnet-b11-nasim\src\DevSkill.Inventory.sln\DevSkill.Inventory.Infrastructure\Utilities\SqlUtility.cs:line 237
   at DevSkill.Inventory.Infrastructure.Utilities.SqlUtility.QueryWithStoredProcedureAsync[TReturn](String storedProcedureName, IDictionary`2 parameters, IDictionary`2 outParameters) in C:\Users\Nasim Reza\Desktop\Final Project\aspnet-b11-nasim\src\DevSkill.Inventory.sln\DevSkill.Inventory.Infrastructure\Utilities\SqlUtility.cs:line 100
   at DevSkill.Inventory.Infrastructure.Utilities.SqlUtility.QueryWithStoredProcedureAsync[TReturn](String storedProcedureName, IDictionary`2 parameters, IDictionary`2 outParameters) in C:\Users\Nasim Reza\Desktop\Final Project\aspnet-b11-nasim\src\DevSkill.Inventory.sln\DevSkill.Inventory.Infrastructure\Utilities\SqlUtility.cs:line 106
   at DevSkill.Inventory.Infrastructure.ApplicationUnitOfWork.GetPurchaseReturnsSP(Int32 pageIndex, Int32 pageSize, String order, PurchaseReturnSearchDto search) in C:\Users\Nasim Reza\Desktop\Final Project\aspnet-b11-nasim\src\DevSkill.Inventory.sln\DevSkill.Inventory.Infrastructure\ApplicationUnitOfWork.cs:line 200
   at DevSkill.Inventory.Application.Features.PurchaseReturns.Queries.GetPurchaseReturnsSPQueryHandler.Handle(GetPurchaseReturnsSPQuery request, CancellationToken cancellationToken) in C:\Users\Nasim Reza\Desktop\Final Project\aspnet-b11-nasim\src\DevSkill.Inventory.sln\DevSkill.Inventory.Application\Features\PurchaseReturns\Queries\GetPurchaseReturnsSPQueryHandler.cs:line 23
   at DevSkill.Inventory.Web.Areas.Admin.Controllers.PurchasesController.GetPurchaseReturnsJsonData(PurchaseReturnListModel model) in C:\Users\Nasim Reza\Desktop\Final Project\aspnet-b11-nasim\src\DevSkill.Inventory.sln\DevSkill.Inventory.Web\Areas\Admin\Controllers\PurchasesController.cs:line 103
ClientConnectionId:00c3bff9-f232-440f-aac9-62833b024db6
Error Number:2812,State:62,Class:16
2025-07-08 17:46:34.298 +06:00 [ERR] Error loading service data
Microsoft.Data.SqlClient.SqlException (0x80131904): Could not find stored procedure 'GetServices'.
   at Microsoft.Data.SqlClient.SqlCommand.<>c.<ExecuteDbDataReaderAsync>b__195_0(Task`1 result)
   at System.Threading.Tasks.ContinuationResultTaskFromResultTask`2.InnerInvoke()
   at System.Threading.ExecutionContext.RunInternal(ExecutionContext executionContext, ContextCallback callback, Object state)
--- End of stack trace from previous location ---
   at System.Threading.ExecutionContext.RunInternal(ExecutionContext executionContext, ContextCallback callback, Object state)
   at System.Threading.Tasks.Task.ExecuteWithThreadLocal(Task& currentTaskSlot, Thread threadPoolThread)
--- End of stack trace from previous location ---
   at DevSkill.Inventory.Infrastructure.Utilities.SqlUtility.ExecuteQueryAsync[TReturn](DbCommand command) in C:\Users\Nasim Reza\Desktop\Final Project\aspnet-b11-nasim\src\DevSkill.Inventory.sln\DevSkill.Inventory.Infrastructure\Utilities\SqlUtility.cs:line 237
   at DevSkill.Inventory.Infrastructure.Utilities.SqlUtility.QueryWithStoredProcedureAsync[TReturn](String storedProcedureName, IDictionary`2 parameters, IDictionary`2 outParameters) in C:\Users\Nasim Reza\Desktop\Final Project\aspnet-b11-nasim\src\DevSkill.Inventory.sln\DevSkill.Inventory.Infrastructure\Utilities\SqlUtility.cs:line 100
   at DevSkill.Inventory.Infrastructure.Utilities.SqlUtility.QueryWithStoredProcedureAsync[TReturn](String storedProcedureName, IDictionary`2 parameters, IDictionary`2 outParameters) in C:\Users\Nasim Reza\Desktop\Final Project\aspnet-b11-nasim\src\DevSkill.Inventory.sln\DevSkill.Inventory.Infrastructure\Utilities\SqlUtility.cs:line 106
   at DevSkill.Inventory.Infrastructure.ApplicationUnitOfWork.GetServicesSP(Int32 pageIndex, Int32 pageSize, String orderBy, ServiceSearchDto search) in C:\Users\Nasim Reza\Desktop\Final Project\aspnet-b11-nasim\src\DevSkill.Inventory.sln\DevSkill.Inventory.Infrastructure\ApplicationUnitOfWork.cs:line 224
   at DevSkill.Inventory.Application.Features.ServiceFeatures.Queries.GetServicesSPQueryHandler.Handle(GetServicesSPQuery request, CancellationToken cancellationToken) in C:\Users\Nasim Reza\Desktop\Final Project\aspnet-b11-nasim\src\DevSkill.Inventory.sln\DevSkill.Inventory.Application\Features\ServiceFeatures\Queries\GetServicesSPQueryHandler.cs:line 23
   at DevSkill.Inventory.Web.Areas.Admin.Controllers.ServicesController.GetServicesJsonData(ServiceListModel model) in C:\Users\Nasim Reza\Desktop\Final Project\aspnet-b11-nasim\src\DevSkill.Inventory.sln\DevSkill.Inventory.Web\Areas\Admin\Controllers\ServicesController.cs:line 46
ClientConnectionId:00c3bff9-f232-440f-aac9-62833b024db6
Error Number:2812,State:62,Class:16
2025-07-08 17:46:35.238 +06:00 [ERR] Error loading service sales
Microsoft.Data.SqlClient.SqlException (0x80131904): Procedure or function 'GetServiceSales' expects parameter '@TotalCount', which was not supplied.
   at Microsoft.Data.SqlClient.SqlCommand.<>c.<ExecuteDbDataReaderAsync>b__195_0(Task`1 result)
   at System.Threading.Tasks.ContinuationResultTaskFromResultTask`2.InnerInvoke()
   at System.Threading.ExecutionContext.RunInternal(ExecutionContext executionContext, ContextCallback callback, Object state)
--- End of stack trace from previous location ---
   at System.Threading.ExecutionContext.RunInternal(ExecutionContext executionContext, ContextCallback callback, Object state)
   at System.Threading.Tasks.Task.ExecuteWithThreadLocal(Task& currentTaskSlot, Thread threadPoolThread)
--- End of stack trace from previous location ---
   at DevSkill.Inventory.Infrastructure.Utilities.SqlUtility.ExecuteQueryAsync[TReturn](DbCommand command) in C:\Users\Nasim Reza\Desktop\Final Project\aspnet-b11-nasim\src\DevSkill.Inventory.sln\DevSkill.Inventory.Infrastructure\Utilities\SqlUtility.cs:line 237
   at DevSkill.Inventory.Infrastructure.Utilities.SqlUtility.QueryWithStoredProcedureAsync[TReturn](String storedProcedureName, IDictionary`2 parameters, IDictionary`2 outParameters) in C:\Users\Nasim Reza\Desktop\Final Project\aspnet-b11-nasim\src\DevSkill.Inventory.sln\DevSkill.Inventory.Infrastructure\Utilities\SqlUtility.cs:line 100
   at DevSkill.Inventory.Infrastructure.Utilities.SqlUtility.QueryWithStoredProcedureAsync[TReturn](String storedProcedureName, IDictionary`2 parameters, IDictionary`2 outParameters) in C:\Users\Nasim Reza\Desktop\Final Project\aspnet-b11-nasim\src\DevSkill.Inventory.sln\DevSkill.Inventory.Infrastructure\Utilities\SqlUtility.cs:line 106
   at DevSkill.Inventory.Infrastructure.ApplicationUnitOfWork.GetServiceSalesSP(Int32 pageIndex, Int32 pageSize, String order, ServiceSaleSearchDto search) in C:\Users\Nasim Reza\Desktop\Final Project\aspnet-b11-nasim\src\DevSkill.Inventory.sln\DevSkill.Inventory.Infrastructure\ApplicationUnitOfWork.cs:line 248
   at DevSkill.Inventory.Application.Features.ServiceSales.Queries.GetServiceSalesSPQueryHandler.Handle(GetServiceSalesSPQuery request, CancellationToken cancellationToken) in C:\Users\Nasim Reza\Desktop\Final Project\aspnet-b11-nasim\src\DevSkill.Inventory.sln\DevSkill.Inventory.Application\Features\ServiceSales\Queries\GetServiceSalesSPQueryHandler.cs:line 25
   at DevSkill.Inventory.Web.Areas.Admin.Controllers.ServiceSalesController.GetServiceSalesJsonData(ServiceSaleListModel model) in C:\Users\Nasim Reza\Desktop\Final Project\aspnet-b11-nasim\src\DevSkill.Inventory.sln\DevSkill.Inventory.Web\Areas\Admin\Controllers\ServiceSalesController.cs:line 129
ClientConnectionId:00c3bff9-f232-440f-aac9-62833b024db6
Error Number:201,State:4,Class:16
2025-07-08 17:46:42.093 +06:00 [ERR] The partial view '_ModalNewServiceSalePartial' was not found. Searched locations: ["/Areas/Admin/Views/ServiceSales/_ModalNewServiceSalePartial.cshtml","/Areas/Admin/Views/Shared/_ModalNewServiceSalePartial.cshtml","/Views/Shared/_ModalNewServiceSalePartial.cshtml","/Pages/Shared/_ModalNewServiceSalePartial.cshtml"]
2025-07-08 17:46:42.108 +06:00 [ERR] An unhandled exception has occurred while executing the request.
System.InvalidOperationException: The view '_ModalNewServiceSalePartial' was not found. The following locations were searched:
/Areas/Admin/Views/ServiceSales/_ModalNewServiceSalePartial.cshtml
/Areas/Admin/Views/Shared/_ModalNewServiceSalePartial.cshtml
/Views/Shared/_ModalNewServiceSalePartial.cshtml
/Pages/Shared/_ModalNewServiceSalePartial.cshtml
   at Microsoft.AspNetCore.Mvc.ViewEngines.ViewEngineResult.EnsureSuccessful(IEnumerable`1 originalLocations)
   at Microsoft.AspNetCore.Mvc.ViewFeatures.PartialViewResultExecutor.ExecuteAsync(ActionContext context, PartialViewResult result)
   at Microsoft.AspNetCore.Mvc.Infrastructure.ResourceInvoker.<InvokeNextResultFilterAsync>g__Awaited|30_0[TFilter,TFilterAsync](ResourceInvoker invoker, Task lastTask, State next, Scope scope, Object state, Boolean isCompleted)
   at Microsoft.AspNetCore.Mvc.Infrastructure.ResourceInvoker.Rethrow(ResultExecutedContextSealed context)
   at Microsoft.AspNetCore.Mvc.Infrastructure.ResourceInvoker.ResultNext[TFilter,TFilterAsync](State& next, Scope& scope, Object& state, Boolean& isCompleted)
   at Microsoft.AspNetCore.Mvc.Infrastructure.ResourceInvoker.InvokeResultFilters()
--- End of stack trace from previous location ---
   at Microsoft.AspNetCore.Mvc.Infrastructure.ResourceInvoker.<InvokeNextResourceFilter>g__Awaited|25_0(ResourceInvoker invoker, Task lastTask, State next, Scope scope, Object state, Boolean isCompleted)
   at Microsoft.AspNetCore.Mvc.Infrastructure.ResourceInvoker.Rethrow(ResourceExecutedContextSealed context)
   at Microsoft.AspNetCore.Mvc.Infrastructure.ResourceInvoker.Next(State& next, Scope& scope, Object& state, Boolean& isCompleted)
   at Microsoft.AspNetCore.Mvc.Infrastructure.ResourceInvoker.InvokeFilterPipelineAsync()
--- End of stack trace from previous location ---
   at Microsoft.AspNetCore.Mvc.Infrastructure.ResourceInvoker.<InvokeAsync>g__Awaited|17_0(ResourceInvoker invoker, Task task, IDisposable scope)
   at Microsoft.AspNetCore.Mvc.Infrastructure.ResourceInvoker.<InvokeAsync>g__Awaited|17_0(ResourceInvoker invoker, Task task, IDisposable scope)
   at Microsoft.AspNetCore.Authorization.AuthorizationMiddleware.Invoke(HttpContext context)
   at Microsoft.AspNetCore.Authentication.AuthenticationMiddleware.Invoke(HttpContext context)
   at Microsoft.AspNetCore.Diagnostics.DeveloperExceptionPageMiddlewareImpl.Invoke(HttpContext context)
2025-07-08 17:46:43.925 +06:00 [ERR] Error loading service sales
Microsoft.Data.SqlClient.SqlException (0x80131904): Procedure or function 'GetServiceSales' expects parameter '@TotalCount', which was not supplied.
   at Microsoft.Data.SqlClient.SqlCommand.<>c.<ExecuteDbDataReaderAsync>b__195_0(Task`1 result)
   at System.Threading.Tasks.ContinuationResultTaskFromResultTask`2.InnerInvoke()
   at System.Threading.ExecutionContext.RunInternal(ExecutionContext executionContext, ContextCallback callback, Object state)
--- End of stack trace from previous location ---
   at System.Threading.ExecutionContext.RunInternal(ExecutionContext executionContext, ContextCallback callback, Object state)
   at System.Threading.Tasks.Task.ExecuteWithThreadLocal(Task& currentTaskSlot, Thread threadPoolThread)
--- End of stack trace from previous location ---
   at DevSkill.Inventory.Infrastructure.Utilities.SqlUtility.ExecuteQueryAsync[TReturn](DbCommand command) in C:\Users\Nasim Reza\Desktop\Final Project\aspnet-b11-nasim\src\DevSkill.Inventory.sln\DevSkill.Inventory.Infrastructure\Utilities\SqlUtility.cs:line 237
   at DevSkill.Inventory.Infrastructure.Utilities.SqlUtility.QueryWithStoredProcedureAsync[TReturn](String storedProcedureName, IDictionary`2 parameters, IDictionary`2 outParameters) in C:\Users\Nasim Reza\Desktop\Final Project\aspnet-b11-nasim\src\DevSkill.Inventory.sln\DevSkill.Inventory.Infrastructure\Utilities\SqlUtility.cs:line 100
   at DevSkill.Inventory.Infrastructure.Utilities.SqlUtility.QueryWithStoredProcedureAsync[TReturn](String storedProcedureName, IDictionary`2 parameters, IDictionary`2 outParameters) in C:\Users\Nasim Reza\Desktop\Final Project\aspnet-b11-nasim\src\DevSkill.Inventory.sln\DevSkill.Inventory.Infrastructure\Utilities\SqlUtility.cs:line 106
   at DevSkill.Inventory.Infrastructure.ApplicationUnitOfWork.GetServiceSalesSP(Int32 pageIndex, Int32 pageSize, String order, ServiceSaleSearchDto search) in C:\Users\Nasim Reza\Desktop\Final Project\aspnet-b11-nasim\src\DevSkill.Inventory.sln\DevSkill.Inventory.Infrastructure\ApplicationUnitOfWork.cs:line 248
   at DevSkill.Inventory.Application.Features.ServiceSales.Queries.GetServiceSalesSPQueryHandler.Handle(GetServiceSalesSPQuery request, CancellationToken cancellationToken) in C:\Users\Nasim Reza\Desktop\Final Project\aspnet-b11-nasim\src\DevSkill.Inventory.sln\DevSkill.Inventory.Application\Features\ServiceSales\Queries\GetServiceSalesSPQueryHandler.cs:line 25
   at DevSkill.Inventory.Web.Areas.Admin.Controllers.ServiceSalesController.GetServiceSalesJsonData(ServiceSaleListModel model) in C:\Users\Nasim Reza\Desktop\Final Project\aspnet-b11-nasim\src\DevSkill.Inventory.sln\DevSkill.Inventory.Web\Areas\Admin\Controllers\ServiceSalesController.cs:line 129
ClientConnectionId:00c3bff9-f232-440f-aac9-62833b024db6
Error Number:201,State:4,Class:16
2025-07-08 17:46:47.775 +06:00 [ERR] Error loading service data
Microsoft.Data.SqlClient.SqlException (0x80131904): Could not find stored procedure 'GetServices'.
   at Microsoft.Data.SqlClient.SqlCommand.<>c.<ExecuteDbDataReaderAsync>b__195_0(Task`1 result)
   at System.Threading.Tasks.ContinuationResultTaskFromResultTask`2.InnerInvoke()
   at System.Threading.ExecutionContext.RunInternal(ExecutionContext executionContext, ContextCallback callback, Object state)
--- End of stack trace from previous location ---
   at System.Threading.ExecutionContext.RunInternal(ExecutionContext executionContext, ContextCallback callback, Object state)
   at System.Threading.Tasks.Task.ExecuteWithThreadLocal(Task& currentTaskSlot, Thread threadPoolThread)
--- End of stack trace from previous location ---
   at DevSkill.Inventory.Infrastructure.Utilities.SqlUtility.ExecuteQueryAsync[TReturn](DbCommand command) in C:\Users\Nasim Reza\Desktop\Final Project\aspnet-b11-nasim\src\DevSkill.Inventory.sln\DevSkill.Inventory.Infrastructure\Utilities\SqlUtility.cs:line 237
   at DevSkill.Inventory.Infrastructure.Utilities.SqlUtility.QueryWithStoredProcedureAsync[TReturn](String storedProcedureName, IDictionary`2 parameters, IDictionary`2 outParameters) in C:\Users\Nasim Reza\Desktop\Final Project\aspnet-b11-nasim\src\DevSkill.Inventory.sln\DevSkill.Inventory.Infrastructure\Utilities\SqlUtility.cs:line 100
   at DevSkill.Inventory.Infrastructure.Utilities.SqlUtility.QueryWithStoredProcedureAsync[TReturn](String storedProcedureName, IDictionary`2 parameters, IDictionary`2 outParameters) in C:\Users\Nasim Reza\Desktop\Final Project\aspnet-b11-nasim\src\DevSkill.Inventory.sln\DevSkill.Inventory.Infrastructure\Utilities\SqlUtility.cs:line 106
   at DevSkill.Inventory.Infrastructure.ApplicationUnitOfWork.GetServicesSP(Int32 pageIndex, Int32 pageSize, String orderBy, ServiceSearchDto search) in C:\Users\Nasim Reza\Desktop\Final Project\aspnet-b11-nasim\src\DevSkill.Inventory.sln\DevSkill.Inventory.Infrastructure\ApplicationUnitOfWork.cs:line 224
   at DevSkill.Inventory.Application.Features.ServiceFeatures.Queries.GetServicesSPQueryHandler.Handle(GetServicesSPQuery request, CancellationToken cancellationToken) in C:\Users\Nasim Reza\Desktop\Final Project\aspnet-b11-nasim\src\DevSkill.Inventory.sln\DevSkill.Inventory.Application\Features\ServiceFeatures\Queries\GetServicesSPQueryHandler.cs:line 23
   at DevSkill.Inventory.Web.Areas.Admin.Controllers.ServicesController.GetServicesJsonData(ServiceListModel model) in C:\Users\Nasim Reza\Desktop\Final Project\aspnet-b11-nasim\src\DevSkill.Inventory.sln\DevSkill.Inventory.Web\Areas\Admin\Controllers\ServicesController.cs:line 46
ClientConnectionId:00c3bff9-f232-440f-aac9-62833b024db6
Error Number:2812,State:62,Class:16
2025-07-08 17:46:48.521 +06:00 [ERR] Error loading service sales
Microsoft.Data.SqlClient.SqlException (0x80131904): Procedure or function 'GetServiceSales' expects parameter '@TotalCount', which was not supplied.
   at Microsoft.Data.SqlClient.SqlCommand.<>c.<ExecuteDbDataReaderAsync>b__195_0(Task`1 result)
   at System.Threading.Tasks.ContinuationResultTaskFromResultTask`2.InnerInvoke()
   at System.Threading.ExecutionContext.RunInternal(ExecutionContext executionContext, ContextCallback callback, Object state)
--- End of stack trace from previous location ---
   at System.Threading.ExecutionContext.RunInternal(ExecutionContext executionContext, ContextCallback callback, Object state)
   at System.Threading.Tasks.Task.ExecuteWithThreadLocal(Task& currentTaskSlot, Thread threadPoolThread)
--- End of stack trace from previous location ---
   at DevSkill.Inventory.Infrastructure.Utilities.SqlUtility.ExecuteQueryAsync[TReturn](DbCommand command) in C:\Users\Nasim Reza\Desktop\Final Project\aspnet-b11-nasim\src\DevSkill.Inventory.sln\DevSkill.Inventory.Infrastructure\Utilities\SqlUtility.cs:line 237
   at DevSkill.Inventory.Infrastructure.Utilities.SqlUtility.QueryWithStoredProcedureAsync[TReturn](String storedProcedureName, IDictionary`2 parameters, IDictionary`2 outParameters) in C:\Users\Nasim Reza\Desktop\Final Project\aspnet-b11-nasim\src\DevSkill.Inventory.sln\DevSkill.Inventory.Infrastructure\Utilities\SqlUtility.cs:line 100
   at DevSkill.Inventory.Infrastructure.Utilities.SqlUtility.QueryWithStoredProcedureAsync[TReturn](String storedProcedureName, IDictionary`2 parameters, IDictionary`2 outParameters) in C:\Users\Nasim Reza\Desktop\Final Project\aspnet-b11-nasim\src\DevSkill.Inventory.sln\DevSkill.Inventory.Infrastructure\Utilities\SqlUtility.cs:line 106
   at DevSkill.Inventory.Infrastructure.ApplicationUnitOfWork.GetServiceSalesSP(Int32 pageIndex, Int32 pageSize, String order, ServiceSaleSearchDto search) in C:\Users\Nasim Reza\Desktop\Final Project\aspnet-b11-nasim\src\DevSkill.Inventory.sln\DevSkill.Inventory.Infrastructure\ApplicationUnitOfWork.cs:line 248
   at DevSkill.Inventory.Application.Features.ServiceSales.Queries.GetServiceSalesSPQueryHandler.Handle(GetServiceSalesSPQuery request, CancellationToken cancellationToken) in C:\Users\Nasim Reza\Desktop\Final Project\aspnet-b11-nasim\src\DevSkill.Inventory.sln\DevSkill.Inventory.Application\Features\ServiceSales\Queries\GetServiceSalesSPQueryHandler.cs:line 25
   at DevSkill.Inventory.Web.Areas.Admin.Controllers.ServiceSalesController.GetServiceSalesJsonData(ServiceSaleListModel model) in C:\Users\Nasim Reza\Desktop\Final Project\aspnet-b11-nasim\src\DevSkill.Inventory.sln\DevSkill.Inventory.Web\Areas\Admin\Controllers\ServiceSalesController.cs:line 129
ClientConnectionId:00c3bff9-f232-440f-aac9-62833b024db6
Error Number:201,State:4,Class:16
2025-07-08 19:07:04.200 +06:00 [INF] Application Starting...17-jan
2025-07-08 19:07:04.233 +06:00 [INF] This is Nasim Reza Hridoy
2025-07-08 19:07:04.233 +06:00 [ERR] An error occurred while starting the application.
2025-07-08 19:07:10.168 +06:00 [INF] This is Nasim Reza
2025-07-08 19:07:10.185 +06:00 [INF] This is a test log entry to verify database logging.
2025-07-08 19:07:47.289 +06:00 [INF] Application Starting...17-jan
2025-07-08 19:07:47.321 +06:00 [INF] This is Nasim Reza Hridoy
2025-07-08 19:07:47.321 +06:00 [ERR] An error occurred while starting the application.
2025-07-08 19:07:51.125 +06:00 [INF] This is Nasim Reza
2025-07-08 19:07:51.139 +06:00 [INF] This is a test log entry to verify database logging.
2025-07-08 19:08:18.184 +06:00 [ERR] The view 'Register' was not found. Searched locations: ["/Views/Account/Register.cshtml","/Views/Shared/Register.cshtml","/Pages/Shared/Register.cshtml"]
2025-07-08 19:08:18.195 +06:00 [ERR] An unhandled exception has occurred while executing the request.
System.InvalidOperationException: The view 'Register' was not found. The following locations were searched:
/Views/Account/Register.cshtml
/Views/Shared/Register.cshtml
/Pages/Shared/Register.cshtml
   at Microsoft.AspNetCore.Mvc.ViewEngines.ViewEngineResult.EnsureSuccessful(IEnumerable`1 originalLocations)
   at Microsoft.AspNetCore.Mvc.ViewFeatures.ViewResultExecutor.ExecuteAsync(ActionContext context, ViewResult result)
   at Microsoft.AspNetCore.Mvc.ViewResult.ExecuteResultAsync(ActionContext context)
   at Microsoft.AspNetCore.Mvc.Infrastructure.ResourceInvoker.<InvokeNextResultFilterAsync>g__Awaited|30_0[TFilter,TFilterAsync](ResourceInvoker invoker, Task lastTask, State next, Scope scope, Object state, Boolean isCompleted)
   at Microsoft.AspNetCore.Mvc.Infrastructure.ResourceInvoker.Rethrow(ResultExecutedContextSealed context)
   at Microsoft.AspNetCore.Mvc.Infrastructure.ResourceInvoker.ResultNext[TFilter,TFilterAsync](State& next, Scope& scope, Object& state, Boolean& isCompleted)
   at Microsoft.AspNetCore.Mvc.Infrastructure.ResourceInvoker.InvokeResultFilters()
--- End of stack trace from previous location ---
   at Microsoft.AspNetCore.Mvc.Infrastructure.ResourceInvoker.<InvokeNextResourceFilter>g__Awaited|25_0(ResourceInvoker invoker, Task lastTask, State next, Scope scope, Object state, Boolean isCompleted)
   at Microsoft.AspNetCore.Mvc.Infrastructure.ResourceInvoker.Rethrow(ResourceExecutedContextSealed context)
   at Microsoft.AspNetCore.Mvc.Infrastructure.ResourceInvoker.Next(State& next, Scope& scope, Object& state, Boolean& isCompleted)
   at Microsoft.AspNetCore.Mvc.Infrastructure.ResourceInvoker.InvokeFilterPipelineAsync()
--- End of stack trace from previous location ---
   at Microsoft.AspNetCore.Mvc.Infrastructure.ResourceInvoker.<InvokeAsync>g__Awaited|17_0(ResourceInvoker invoker, Task task, IDisposable scope)
   at Microsoft.AspNetCore.Mvc.Infrastructure.ResourceInvoker.<InvokeAsync>g__Awaited|17_0(ResourceInvoker invoker, Task task, IDisposable scope)
   at Microsoft.AspNetCore.Authorization.AuthorizationMiddleware.Invoke(HttpContext context)
   at Microsoft.AspNetCore.Authentication.AuthenticationMiddleware.Invoke(HttpContext context)
   at Microsoft.AspNetCore.Diagnostics.DeveloperExceptionPageMiddlewareImpl.Invoke(HttpContext context)
2025-07-08 19:13:54.630 +06:00 [INF] Application Starting...17-jan
2025-07-08 19:13:54.662 +06:00 [INF] This is Nasim Reza Hridoy
2025-07-08 19:13:54.662 +06:00 [ERR] An error occurred while starting the application.
2025-07-08 19:13:58.354 +06:00 [INF] This is Nasim Reza
2025-07-08 19:13:58.370 +06:00 [INF] This is a test log entry to verify database logging.
2025-07-08 19:14:11.905 +06:00 [ERR] The view 'Register' was not found. Searched locations: ["/Views/Account/Register.cshtml","/Views/Shared/Register.cshtml","/Pages/Shared/Register.cshtml"]
2025-07-08 19:14:11.917 +06:00 [ERR] An unhandled exception has occurred while executing the request.
System.InvalidOperationException: The view 'Register' was not found. The following locations were searched:
/Views/Account/Register.cshtml
/Views/Shared/Register.cshtml
/Pages/Shared/Register.cshtml
   at Microsoft.AspNetCore.Mvc.ViewEngines.ViewEngineResult.EnsureSuccessful(IEnumerable`1 originalLocations)
   at Microsoft.AspNetCore.Mvc.ViewFeatures.ViewResultExecutor.ExecuteAsync(ActionContext context, ViewResult result)
   at Microsoft.AspNetCore.Mvc.ViewResult.ExecuteResultAsync(ActionContext context)
   at Microsoft.AspNetCore.Mvc.Infrastructure.ResourceInvoker.<InvokeNextResultFilterAsync>g__Awaited|30_0[TFilter,TFilterAsync](ResourceInvoker invoker, Task lastTask, State next, Scope scope, Object state, Boolean isCompleted)
   at Microsoft.AspNetCore.Mvc.Infrastructure.ResourceInvoker.Rethrow(ResultExecutedContextSealed context)
   at Microsoft.AspNetCore.Mvc.Infrastructure.ResourceInvoker.ResultNext[TFilter,TFilterAsync](State& next, Scope& scope, Object& state, Boolean& isCompleted)
   at Microsoft.AspNetCore.Mvc.Infrastructure.ResourceInvoker.InvokeResultFilters()
--- End of stack trace from previous location ---
   at Microsoft.AspNetCore.Mvc.Infrastructure.ResourceInvoker.<InvokeNextResourceFilter>g__Awaited|25_0(ResourceInvoker invoker, Task lastTask, State next, Scope scope, Object state, Boolean isCompleted)
   at Microsoft.AspNetCore.Mvc.Infrastructure.ResourceInvoker.Rethrow(ResourceExecutedContextSealed context)
   at Microsoft.AspNetCore.Mvc.Infrastructure.ResourceInvoker.Next(State& next, Scope& scope, Object& state, Boolean& isCompleted)
   at Microsoft.AspNetCore.Mvc.Infrastructure.ResourceInvoker.InvokeFilterPipelineAsync()
--- End of stack trace from previous location ---
   at Microsoft.AspNetCore.Mvc.Infrastructure.ResourceInvoker.<InvokeAsync>g__Awaited|17_0(ResourceInvoker invoker, Task task, IDisposable scope)
   at Microsoft.AspNetCore.Mvc.Infrastructure.ResourceInvoker.<InvokeAsync>g__Awaited|17_0(ResourceInvoker invoker, Task task, IDisposable scope)
   at Microsoft.AspNetCore.Authorization.AuthorizationMiddleware.Invoke(HttpContext context)
   at Microsoft.AspNetCore.Authentication.AuthenticationMiddleware.Invoke(HttpContext context)
   at Microsoft.AspNetCore.Diagnostics.DeveloperExceptionPageMiddlewareImpl.Invoke(HttpContext context)
2025-07-08 19:24:17.628 +06:00 [INF] Application Starting...17-jan
2025-07-08 19:24:17.665 +06:00 [INF] This is Nasim Reza Hridoy
2025-07-08 19:24:17.665 +06:00 [ERR] An error occurred while starting the application.
2025-07-08 19:24:21.242 +06:00 [INF] This is Nasim Reza
2025-07-08 19:24:21.260 +06:00 [INF] This is a test log entry to verify database logging.
2025-07-08 19:24:39.146 +06:00 [ERR] The view 'Register' was not found. Searched locations: ["/Views/Account/Register.cshtml","/Views/Shared/Register.cshtml","/Pages/Shared/Register.cshtml"]
2025-07-08 19:24:39.158 +06:00 [ERR] An unhandled exception has occurred while executing the request.
System.InvalidOperationException: The view 'Register' was not found. The following locations were searched:
/Views/Account/Register.cshtml
/Views/Shared/Register.cshtml
/Pages/Shared/Register.cshtml
   at Microsoft.AspNetCore.Mvc.ViewEngines.ViewEngineResult.EnsureSuccessful(IEnumerable`1 originalLocations)
   at Microsoft.AspNetCore.Mvc.ViewFeatures.ViewResultExecutor.ExecuteAsync(ActionContext context, ViewResult result)
   at Microsoft.AspNetCore.Mvc.ViewResult.ExecuteResultAsync(ActionContext context)
   at Microsoft.AspNetCore.Mvc.Infrastructure.ResourceInvoker.<InvokeNextResultFilterAsync>g__Awaited|30_0[TFilter,TFilterAsync](ResourceInvoker invoker, Task lastTask, State next, Scope scope, Object state, Boolean isCompleted)
   at Microsoft.AspNetCore.Mvc.Infrastructure.ResourceInvoker.Rethrow(ResultExecutedContextSealed context)
   at Microsoft.AspNetCore.Mvc.Infrastructure.ResourceInvoker.ResultNext[TFilter,TFilterAsync](State& next, Scope& scope, Object& state, Boolean& isCompleted)
   at Microsoft.AspNetCore.Mvc.Infrastructure.ResourceInvoker.InvokeResultFilters()
--- End of stack trace from previous location ---
   at Microsoft.AspNetCore.Mvc.Infrastructure.ResourceInvoker.<InvokeNextResourceFilter>g__Awaited|25_0(ResourceInvoker invoker, Task lastTask, State next, Scope scope, Object state, Boolean isCompleted)
   at Microsoft.AspNetCore.Mvc.Infrastructure.ResourceInvoker.Rethrow(ResourceExecutedContextSealed context)
   at Microsoft.AspNetCore.Mvc.Infrastructure.ResourceInvoker.Next(State& next, Scope& scope, Object& state, Boolean& isCompleted)
   at Microsoft.AspNetCore.Mvc.Infrastructure.ResourceInvoker.InvokeFilterPipelineAsync()
--- End of stack trace from previous location ---
   at Microsoft.AspNetCore.Mvc.Infrastructure.ResourceInvoker.<InvokeAsync>g__Awaited|17_0(ResourceInvoker invoker, Task task, IDisposable scope)
   at Microsoft.AspNetCore.Mvc.Infrastructure.ResourceInvoker.<InvokeAsync>g__Awaited|17_0(ResourceInvoker invoker, Task task, IDisposable scope)
   at Microsoft.AspNetCore.Authorization.AuthorizationMiddleware.Invoke(HttpContext context)
   at Microsoft.AspNetCore.Authentication.AuthenticationMiddleware.Invoke(HttpContext context)
   at Microsoft.AspNetCore.Diagnostics.DeveloperExceptionPageMiddlewareImpl.Invoke(HttpContext context)
2025-07-08 21:20:24.257 +06:00 [INF] Application Starting...17-jan
2025-07-08 21:20:24.299 +06:00 [INF] This is Nasim Reza Hridoy
2025-07-08 21:20:24.299 +06:00 [ERR] An error occurred while starting the application.
2025-07-08 21:20:31.394 +06:00 [INF] This is Nasim Reza
2025-07-08 21:20:31.416 +06:00 [INF] This is a test log entry to verify database logging.
2025-07-08 21:52:45.437 +06:00 [INF] Application Starting...17-jan
2025-07-08 21:52:45.472 +06:00 [INF] This is Nasim Reza Hridoy
2025-07-08 21:52:45.473 +06:00 [ERR] An error occurred while starting the application.
2025-07-08 21:52:51.606 +06:00 [INF] This is Nasim Reza
2025-07-08 21:52:54.662 +06:00 [INF] This is a test log entry to verify database logging.
2025-07-08 21:53:09.323 +06:00 [INF] This is Nasim Reza
2025-07-08 21:53:09.325 +06:00 [INF] This is a test log entry to verify database logging.
2025-07-08 21:55:22.603 +06:00 [INF] Application Starting...17-jan
2025-07-08 21:55:22.636 +06:00 [INF] This is Nasim Reza Hridoy
2025-07-08 21:55:22.636 +06:00 [ERR] An error occurred while starting the application.
2025-07-08 21:55:25.693 +06:00 [INF] This is Nasim Reza
2025-07-08 21:55:25.722 +06:00 [INF] This is a test log entry to verify database logging.
2025-07-08 21:55:25.847 +06:00 [INF] This is Nasim Reza
2025-07-08 21:55:25.849 +06:00 [INF] This is a test log entry to verify database logging.
2025-07-08 21:55:53.602 +06:00 [INF] This is Nasim Reza
2025-07-08 21:55:53.604 +06:00 [INF] This is a test log entry to verify database logging.
2025-07-08 21:56:21.371 +06:00 [INF] This is Nasim Reza
2025-07-08 21:56:21.373 +06:00 [INF] This is a test log entry to verify database logging.
2025-07-08 21:56:25.061 +06:00 [INF] This is Nasim Reza
2025-07-08 21:56:25.063 +06:00 [INF] This is a test log entry to verify database logging.
2025-07-08 21:56:27.703 +06:00 [WRN] You do not have a valid license key for the Lucky Penny software MediatR. This is allowed for development and testing scenarios. If you are running in production you are required to have a licensed version. Please visit https://luckypennysoftware.com to obtain a valid license.
2025-07-08 21:56:41.577 +06:00 [ERR] Error loading sales
Microsoft.Data.SqlClient.SqlException (0x80131904): Could not find stored procedure 'GetSales'.
   at Microsoft.Data.SqlClient.SqlCommand.<>c.<ExecuteDbDataReaderAsync>b__195_0(Task`1 result)
   at System.Threading.Tasks.ContinuationResultTaskFromResultTask`2.InnerInvoke()
   at System.Threading.ExecutionContext.RunInternal(ExecutionContext executionContext, ContextCallback callback, Object state)
--- End of stack trace from previous location ---
   at System.Threading.ExecutionContext.RunInternal(ExecutionContext executionContext, ContextCallback callback, Object state)
   at System.Threading.Tasks.Task.ExecuteWithThreadLocal(Task& currentTaskSlot, Thread threadPoolThread)
--- End of stack trace from previous location ---
   at DevSkill.Inventory.Infrastructure.Utilities.SqlUtility.ExecuteQueryAsync[TReturn](DbCommand command) in C:\Users\Nasim Reza\Desktop\Final Project\aspnet-b11-nasim\src\DevSkill.Inventory.sln\DevSkill.Inventory.Infrastructure\Utilities\SqlUtility.cs:line 237
   at DevSkill.Inventory.Infrastructure.Utilities.SqlUtility.QueryWithStoredProcedureAsync[TReturn](String storedProcedureName, IDictionary`2 parameters, IDictionary`2 outParameters) in C:\Users\Nasim Reza\Desktop\Final Project\aspnet-b11-nasim\src\DevSkill.Inventory.sln\DevSkill.Inventory.Infrastructure\Utilities\SqlUtility.cs:line 100
   at DevSkill.Inventory.Infrastructure.Utilities.SqlUtility.QueryWithStoredProcedureAsync[TReturn](String storedProcedureName, IDictionary`2 parameters, IDictionary`2 outParameters) in C:\Users\Nasim Reza\Desktop\Final Project\aspnet-b11-nasim\src\DevSkill.Inventory.sln\DevSkill.Inventory.Infrastructure\Utilities\SqlUtility.cs:line 106
   at DevSkill.Inventory.Infrastructure.ApplicationUnitOfWork.GetSalesSP(Int32 pageIndex, Int32 pageSize, String orderBy, SaleSearchDto search) in C:\Users\Nasim Reza\Desktop\Final Project\aspnet-b11-nasim\src\DevSkill.Inventory.sln\DevSkill.Inventory.Infrastructure\ApplicationUnitOfWork.cs:line 144
   at DevSkill.Inventory.Application.Features.Sales.Queries.GetSalesSPQueryHandler.Handle(GetSalesSPQuery request, CancellationToken cancellationToken) in C:\Users\Nasim Reza\Desktop\Final Project\aspnet-b11-nasim\src\DevSkill.Inventory.sln\DevSkill.Inventory.Application\Features\Sales\Queries\GetSalesSPQueryHandler.cs:line 24
   at DevSkill.Inventory.Web.Areas.Admin.Controllers.SalesController.GetSalesJsonData(SalesListModel model) in C:\Users\Nasim Reza\Desktop\Final Project\aspnet-b11-nasim\src\DevSkill.Inventory.sln\DevSkill.Inventory.Web\Areas\Admin\Controllers\SalesController.cs:line 51
ClientConnectionId:cdc2e39a-f7f8-44c4-9fe2-f50f5fb2427c
Error Number:2812,State:62,Class:16
2025-07-08 21:56:42.643 +06:00 [ERR] Error loading purchases
Microsoft.Data.SqlClient.SqlException (0x80131904): Procedure or function 'GetPurchases' expects parameter '@Total', which was not supplied.
   at Microsoft.Data.SqlClient.SqlCommand.<>c.<ExecuteDbDataReaderAsync>b__195_0(Task`1 result)
   at System.Threading.Tasks.ContinuationResultTaskFromResultTask`2.InnerInvoke()
   at System.Threading.ExecutionContext.RunInternal(ExecutionContext executionContext, ContextCallback callback, Object state)
--- End of stack trace from previous location ---
   at System.Threading.ExecutionContext.RunInternal(ExecutionContext executionContext, ContextCallback callback, Object state)
   at System.Threading.Tasks.Task.ExecuteWithThreadLocal(Task& currentTaskSlot, Thread threadPoolThread)
--- End of stack trace from previous location ---
   at DevSkill.Inventory.Infrastructure.Utilities.SqlUtility.ExecuteQueryAsync[TReturn](DbCommand command) in C:\Users\Nasim Reza\Desktop\Final Project\aspnet-b11-nasim\src\DevSkill.Inventory.sln\DevSkill.Inventory.Infrastructure\Utilities\SqlUtility.cs:line 237
   at DevSkill.Inventory.Infrastructure.Utilities.SqlUtility.QueryWithStoredProcedureAsync[TReturn](String storedProcedureName, IDictionary`2 parameters, IDictionary`2 outParameters) in C:\Users\Nasim Reza\Desktop\Final Project\aspnet-b11-nasim\src\DevSkill.Inventory.sln\DevSkill.Inventory.Infrastructure\Utilities\SqlUtility.cs:line 100
   at DevSkill.Inventory.Infrastructure.Utilities.SqlUtility.QueryWithStoredProcedureAsync[TReturn](String storedProcedureName, IDictionary`2 parameters, IDictionary`2 outParameters) in C:\Users\Nasim Reza\Desktop\Final Project\aspnet-b11-nasim\src\DevSkill.Inventory.sln\DevSkill.Inventory.Infrastructure\Utilities\SqlUtility.cs:line 106
   at DevSkill.Inventory.Infrastructure.ApplicationUnitOfWork.GetPurchasesSP(Int32 pageIndex, Int32 pageSize, String orderBy, PurchaseSearchDto search) in C:\Users\Nasim Reza\Desktop\Final Project\aspnet-b11-nasim\src\DevSkill.Inventory.sln\DevSkill.Inventory.Infrastructure\ApplicationUnitOfWork.cs:line 116
   at DevSkill.Inventory.Application.Features.Purchases.Queries.GetPurchasesSPQueryHandler.Handle(GetPurchasesSPQuery request, CancellationToken cancellationToken) in C:\Users\Nasim Reza\Desktop\Final Project\aspnet-b11-nasim\src\DevSkill.Inventory.sln\DevSkill.Inventory.Application\Features\Purchases\Queries\GetPurchasesSPQueryHandler.cs:line 22
   at DevSkill.Inventory.Web.Areas.Admin.Controllers.PurchasesController.GetPurchasesJsonData(PurchaseListModel model) in C:\Users\Nasim Reza\Desktop\Final Project\aspnet-b11-nasim\src\DevSkill.Inventory.sln\DevSkill.Inventory.Web\Areas\Admin\Controllers\PurchasesController.cs:line 55
ClientConnectionId:cdc2e39a-f7f8-44c4-9fe2-f50f5fb2427c
Error Number:201,State:4,Class:16
2025-07-08 21:56:43.757 +06:00 [ERR] Error loading sales return data
Microsoft.Data.SqlClient.SqlException (0x80131904): Could not find stored procedure 'GetSalesReturns'.
   at Microsoft.Data.SqlClient.SqlCommand.<>c.<ExecuteDbDataReaderAsync>b__195_0(Task`1 result)
   at System.Threading.Tasks.ContinuationResultTaskFromResultTask`2.InnerInvoke()
   at System.Threading.ExecutionContext.RunInternal(ExecutionContext executionContext, ContextCallback callback, Object state)
--- End of stack trace from previous location ---
   at System.Threading.ExecutionContext.RunInternal(ExecutionContext executionContext, ContextCallback callback, Object state)
   at System.Threading.Tasks.Task.ExecuteWithThreadLocal(Task& currentTaskSlot, Thread threadPoolThread)
--- End of stack trace from previous location ---
   at DevSkill.Inventory.Infrastructure.Utilities.SqlUtility.ExecuteQueryAsync[TReturn](DbCommand command) in C:\Users\Nasim Reza\Desktop\Final Project\aspnet-b11-nasim\src\DevSkill.Inventory.sln\DevSkill.Inventory.Infrastructure\Utilities\SqlUtility.cs:line 237
   at DevSkill.Inventory.Infrastructure.Utilities.SqlUtility.QueryWithStoredProcedureAsync[TReturn](String storedProcedureName, IDictionary`2 parameters, IDictionary`2 outParameters) in C:\Users\Nasim Reza\Desktop\Final Project\aspnet-b11-nasim\src\DevSkill.Inventory.sln\DevSkill.Inventory.Infrastructure\Utilities\SqlUtility.cs:line 100
   at DevSkill.Inventory.Infrastructure.Utilities.SqlUtility.QueryWithStoredProcedureAsync[TReturn](String storedProcedureName, IDictionary`2 parameters, IDictionary`2 outParameters) in C:\Users\Nasim Reza\Desktop\Final Project\aspnet-b11-nasim\src\DevSkill.Inventory.sln\DevSkill.Inventory.Infrastructure\Utilities\SqlUtility.cs:line 106
   at DevSkill.Inventory.Infrastructure.ApplicationUnitOfWork.GetSalesReturnsSP(Int32 pageIndex, Int32 pageSize, String order, SalesReturnSearchDto search) in C:\Users\Nasim Reza\Desktop\Final Project\aspnet-b11-nasim\src\DevSkill.Inventory.sln\DevSkill.Inventory.Infrastructure\ApplicationUnitOfWork.cs:line 171
   at DevSkill.Inventory.Application.Features.SalesReturns.Queries.GetSalesReturnsSPQueryHandler.Handle(GetSalesReturnsSPQuery request, CancellationToken cancellationToken) in C:\Users\Nasim Reza\Desktop\Final Project\aspnet-b11-nasim\src\DevSkill.Inventory.sln\DevSkill.Inventory.Application\Features\SalesReturns\Queries\GetSalesReturnsQueryHandler.cs:line 23
   at DevSkill.Inventory.Web.Areas.Admin.Controllers.SalesController.GetSalesReturnsJsonData(SalesReturnListModel model) in C:\Users\Nasim Reza\Desktop\Final Project\aspnet-b11-nasim\src\DevSkill.Inventory.sln\DevSkill.Inventory.Web\Areas\Admin\Controllers\SalesController.cs:line 99
ClientConnectionId:cdc2e39a-f7f8-44c4-9fe2-f50f5fb2427c
Error Number:2812,State:62,Class:16
2025-07-08 21:56:44.447 +06:00 [ERR] Error loading purchases
Microsoft.Data.SqlClient.SqlException (0x80131904): Procedure or function 'GetPurchases' expects parameter '@Total', which was not supplied.
   at Microsoft.Data.SqlClient.SqlCommand.<>c.<ExecuteDbDataReaderAsync>b__195_0(Task`1 result)
   at System.Threading.Tasks.ContinuationResultTaskFromResultTask`2.InnerInvoke()
   at System.Threading.ExecutionContext.RunInternal(ExecutionContext executionContext, ContextCallback callback, Object state)
--- End of stack trace from previous location ---
   at System.Threading.ExecutionContext.RunInternal(ExecutionContext executionContext, ContextCallback callback, Object state)
   at System.Threading.Tasks.Task.ExecuteWithThreadLocal(Task& currentTaskSlot, Thread threadPoolThread)
--- End of stack trace from previous location ---
   at DevSkill.Inventory.Infrastructure.Utilities.SqlUtility.ExecuteQueryAsync[TReturn](DbCommand command) in C:\Users\Nasim Reza\Desktop\Final Project\aspnet-b11-nasim\src\DevSkill.Inventory.sln\DevSkill.Inventory.Infrastructure\Utilities\SqlUtility.cs:line 237
   at DevSkill.Inventory.Infrastructure.Utilities.SqlUtility.QueryWithStoredProcedureAsync[TReturn](String storedProcedureName, IDictionary`2 parameters, IDictionary`2 outParameters) in C:\Users\Nasim Reza\Desktop\Final Project\aspnet-b11-nasim\src\DevSkill.Inventory.sln\DevSkill.Inventory.Infrastructure\Utilities\SqlUtility.cs:line 100
   at DevSkill.Inventory.Infrastructure.Utilities.SqlUtility.QueryWithStoredProcedureAsync[TReturn](String storedProcedureName, IDictionary`2 parameters, IDictionary`2 outParameters) in C:\Users\Nasim Reza\Desktop\Final Project\aspnet-b11-nasim\src\DevSkill.Inventory.sln\DevSkill.Inventory.Infrastructure\Utilities\SqlUtility.cs:line 106
   at DevSkill.Inventory.Infrastructure.ApplicationUnitOfWork.GetPurchasesSP(Int32 pageIndex, Int32 pageSize, String orderBy, PurchaseSearchDto search) in C:\Users\Nasim Reza\Desktop\Final Project\aspnet-b11-nasim\src\DevSkill.Inventory.sln\DevSkill.Inventory.Infrastructure\ApplicationUnitOfWork.cs:line 116
   at DevSkill.Inventory.Application.Features.Purchases.Queries.GetPurchasesSPQueryHandler.Handle(GetPurchasesSPQuery request, CancellationToken cancellationToken) in C:\Users\Nasim Reza\Desktop\Final Project\aspnet-b11-nasim\src\DevSkill.Inventory.sln\DevSkill.Inventory.Application\Features\Purchases\Queries\GetPurchasesSPQueryHandler.cs:line 22
   at DevSkill.Inventory.Web.Areas.Admin.Controllers.PurchasesController.GetPurchasesJsonData(PurchaseListModel model) in C:\Users\Nasim Reza\Desktop\Final Project\aspnet-b11-nasim\src\DevSkill.Inventory.sln\DevSkill.Inventory.Web\Areas\Admin\Controllers\PurchasesController.cs:line 55
ClientConnectionId:cdc2e39a-f7f8-44c4-9fe2-f50f5fb2427c
Error Number:201,State:4,Class:16
2025-07-08 22:17:25.980 +06:00 [INF] Application Starting...17-jan
2025-07-08 22:17:26.017 +06:00 [INF] This is Nasim Reza Hridoy
2025-07-08 22:17:26.017 +06:00 [ERR] An error occurred while starting the application.
2025-07-08 22:17:28.560 +06:00 [INF] This is Nasim Reza
2025-07-08 22:17:28.588 +06:00 [INF] This is a test log entry to verify database logging.
2025-07-08 22:17:32.691 +06:00 [INF] This is Nasim Reza
2025-07-08 22:17:32.693 +06:00 [INF] This is a test log entry to verify database logging.
2025-07-08 22:17:39.255 +06:00 [WRN] You do not have a valid license key for the Lucky Penny software MediatR. This is allowed for development and testing scenarios. If you are running in production you are required to have a licensed version. Please visit https://luckypennysoftware.com to obtain a valid license.
